degree,epoch,mse
3,1,0.496875000000
3,2,0.345588821236
3,3,0.282455584077
3,4,0.253867613880
3,5,0.238880833915
3,6,0.229310835336
3,7,0.221957677307
3,8,0.215568609524
3,9,0.209651599291
3,10,0.204011850106
3,11,0.198570747030
3,12,0.193295128270
3,13,0.188169654229
3,14,0.183186012056
3,15,0.178338696783
3,16,0.173623361585
3,17,0.169036171663
3,18,0.164573550229
3,19,0.160232077705
3,20,0.156008450818
3,21,0.151899465126
3,22,0.147902006748
3,23,0.144013047717
3,24,0.140229642801
3,25,0.136548926920
3,26,0.132968112840
3,27,0.129484489012
3,28,0.126095417495
3,29,0.122798331954
3,30,0.119590735710
3,31,0.116470199848
3,32,0.113434361381
3,33,0.110480921458
3,34,0.107607643622
3,35,0.104812352119
3,36,0.102092930248
3,37,0.099447318760
3,38,0.096873514299
3,39,0.094369567882
3,40,0.091933583427
3,41,0.089563716314
3,42,0.087258171990
3,43,0.085015204611
3,44,0.082833115716
3,45,0.080710252945
3,46,0.078645008787
3,47,0.076635819360
3,48,0.074681163231
3,49,0.072779560260
3,50,0.070929570481
3,51,0.069129793013
3,52,0.067378864995
3,53,0.065675460560
3,54,0.064018289824
3,55,0.062406097915
3,56,0.060837664022
3,57,0.059311800466
3,58,0.057827351806
3,59,0.056383193962
3,60,0.054978233362
3,61,0.053611406118
3,62,0.052281677215
3,63,0.050988039734
3,64,0.049729514083
3,65,0.048505147258
3,66,0.047314012124
3,67,0.046155206707
3,68,0.045027853517
3,69,0.043931098878
3,70,0.042864112287
3,71,0.041826085781
3,72,0.040816233328
3,73,0.039833790229
3,74,0.038878012541
3,75,0.037948176513
3,76,0.037043578038
3,77,0.036163532119
3,78,0.035307372354
3,79,0.034474450425
3,80,0.033664135613
3,81,0.032875814315
3,82,0.032108889587
3,83,0.031362780683
3,84,0.030636922622
3,85,0.029930765756
3,86,0.029243775357
3,87,0.028575431210
3,88,0.027925227219
3,89,0.027292671025
3,90,0.026677283633
3,91,0.026078599048
3,92,0.025496163924
3,93,0.024929537219
3,94,0.024378289861
3,95,0.023842004426
3,96,0.023320274818
3,97,0.022812705962
3,98,0.022318913510
3,99,0.021838523543
3,100,0.021371172291
3,101,0.020916505858
3,102,0.020474179954
3,103,0.020043859633
3,104,0.019625219040
3,105,0.019217941164
3,106,0.018821717600
3,107,0.018436248312
3,108,0.018061241408
3,109,0.017696412918
3,110,0.017341486581
3,111,0.016996193633
3,112,0.016660272606
3,113,0.016333469126
3,114,0.016015535727
3,115,0.015706231657
3,116,0.015405322699
3,117,0.015112580994
3,118,0.014827784866
3,119,0.014550718658
3,120,0.014281172564
3,121,0.014018942473
3,122,0.013763829816
3,123,0.013515641411
3,124,0.013274189321
3,125,0.013039290708
3,126,0.012810767700
3,127,0.012588447249
3,128,0.012372161006
3,129,0.012161745191
3,130,0.011957040470
3,131,0.011757891832
3,132,0.011564148474
3,133,0.011375663686
3,134,0.011192294741
3,135,0.011013902785
3,136,0.010840352733
3,137,0.010671513165
3,138,0.010507256231
3,139,0.010347457549
3,140,0.010191996113
3,141,0.010040754201
3,142,0.009893617289
3,143,0.009750473957
3,144,0.009611215813
3,145,0.009475737405
3,146,0.009343936144
3,147,0.009215712225
3,148,0.009090968552
3,149,0.008969610663
3,150,0.008851546664
3,151,0.008736687150
3,152,0.008624945146
3,153,0.008516236037
3,154,0.008410477504
3,155,0.008307589462
3,156,0.008207494002
3,157,0.008110115326
3,158,0.008015379697
3,159,0.007923215376
3,160,0.007833552573
3,161,0.007746323393
3,162,0.007661461782
3,163,0.007578903480
3,164,0.007498585970
3,165,0.007420448434
3,166,0.007344431701
3,167,0.007270478210
3,168,0.007198531960
3,169,0.007128538471
3,170,0.007060444741
3,171,0.006994199207
3,172,0.006929751705
3,173,0.006867053433
3,174,0.006806056914
3,175,0.006746715959
3,176,0.006688985632
3,177,0.006632822219
3,178,0.006578183189
3,179,0.006525027169
3,180,0.006473313906
3,181,0.006423004241
3,182,0.006374060078
3,183,0.006326444355
3,184,0.006280121015
3,185,0.006235054980
3,186,0.006191212125
3,187,0.006148559249
3,188,0.006107064056
3,189,0.006066695122
3,190,0.006027421880
3,191,0.005989214590
3,192,0.005952044319
3,193,0.005915882922
3,194,0.005880703015
3,195,0.005846477959
3,196,0.005813181838
3,197,0.005780789438
3,198,0.005749276230
3,199,0.005718618352
3,200,0.005688792588
3,201,0.005659776354
3,202,0.005631547676
3,203,0.005604085179
3,204,0.005577368068
3,205,0.005551376111
3,206,0.005526089626
3,207,0.005501489465
3,208,0.005477557000
3,209,0.005454274109
3,210,0.005431623161
3,211,0.005409587003
3,212,0.005388148949
3,213,0.005367292766
3,214,0.005347002660
3,215,0.005327263267
3,216,0.005308059639
3,217,0.005289377235
3,218,0.005271201907
3,219,0.005253519894
3,220,0.005236317804
3,221,0.005219582612
3,222,0.005203301646
3,223,0.005187462577
3,224,0.005172053412
3,225,0.005157062480
3,226,0.005142478432
3,227,0.005128290223
3,228,0.005114487109
3,229,0.005101058639
3,230,0.005087994644
3,231,0.005075285230
3,232,0.005062920775
3,233,0.005050891915
3,234,0.005039189542
3,235,0.005027804793
3,236,0.005016729049
3,237,0.005005953922
3,238,0.004995471253
3,239,0.004985273104
3,240,0.004975351753
3,241,0.004965699686
3,242,0.004956309595
3,243,0.004947174369
3,244,0.004938287091
3,245,0.004929641031
3,246,0.004921229642
3,247,0.004913046554
3,248,0.004905085571
3,249,0.004897340665
3,250,0.004889805970
3,251,0.004882475782
3,252,0.004875344549
3,253,0.004868406871
3,254,0.004861657496
3,255,0.004855091312
3,256,0.004848703347
3,257,0.004842488763
3,258,0.004836442856
3,259,0.004830561046
3,260,0.004824838879
3,261,0.004819272024
3,262,0.004813856263
3,263,0.004808587497
3,264,0.004803461736
3,265,0.004798475097
3,266,0.004793623806
3,267,0.004788904188
3,268,0.004784312670
3,269,0.004779845774
3,270,0.004775500119
3,271,0.004771272413
3,272,0.004767159455
3,273,0.004763158131
3,274,0.004759265410
3,275,0.004755478346
3,276,0.004751794070
3,277,0.004748209792
3,278,0.004744722798
3,279,0.004741330449
3,280,0.004738030174
3,281,0.004734819475
3,282,0.004731695921
3,283,0.004728657146
3,284,0.004725700849
3,285,0.004722824792
3,286,0.004720026796
3,287,0.004717304744
3,288,0.004714656573
3,289,0.004712080279
3,290,0.004709573911
3,291,0.004707135570
3,292,0.004704763410
3,293,0.004702455636
3,294,0.004700210499
3,295,0.004698026299
3,296,0.004695901383
3,297,0.004693834141
3,298,0.004691823008
3,299,0.004689866461
3,300,0.004687963019
3,301,0.004686111240
3,302,0.004684309721
3,303,0.004682557100
3,304,0.004680852048
3,305,0.004679193274
3,306,0.004677579522
3,307,0.004676009571
3,308,0.004674482232
3,309,0.004672996347
3,310,0.004671550793
3,311,0.004670144473
3,312,0.004668776324
3,313,0.004667445308
3,314,0.004666150420
3,315,0.004664890677
3,316,0.004663665125
3,317,0.004662472838
3,318,0.004661312912
3,319,0.004660184468
3,320,0.004659086653
3,321,0.004658018634
3,322,0.004656979603
3,323,0.004655968774
3,324,0.004654985381
3,325,0.004654028678
3,326,0.004653097943
3,327,0.004652192469
3,328,0.004651311572
3,329,0.004650454584
3,330,0.004649620857
3,331,0.004648809758
3,332,0.004648020674
3,333,0.004647253008
3,334,0.004646506177
3,335,0.004645779617
3,336,0.004645072777
3,337,0.004644385122
3,338,0.004643716131
3,339,0.004643065298
3,340,0.004642432130
3,341,0.004641816148
3,342,0.004641216884
3,343,0.004640633886
3,344,0.004640066711
3,345,0.004639514930
3,346,0.004638978126
3,347,0.004638455892
3,348,0.004637947832
3,349,0.004637453562
3,350,0.004636972707
3,351,0.004636504904
3,352,0.004636049798
3,353,0.004635607044
3,354,0.004635176307
3,355,0.004634757262
3,356,0.004634349590
3,357,0.004633952983
3,358,0.004633567141
3,359,0.004633191771
3,360,0.004632826590
3,361,0.004632471320
3,362,0.004632125693
3,363,0.004631789447
3,364,0.004631462328
3,365,0.004631144087
3,366,0.004630834483
3,367,0.004630533283
3,368,0.004630240259
3,369,0.004629955187
3,370,0.004629677853
3,371,0.004629408046
3,372,0.004629145562
3,373,0.004628890203
3,374,0.004628641774
3,375,0.004628400089
3,376,0.004628164963
3,377,0.004627936219
3,378,0.004627713683
3,379,0.004627497188
3,380,0.004627286568
3,381,0.004627081666
3,382,0.004626882324
3,383,0.004626688394
3,384,0.004626499727
3,385,0.004626316180
3,386,0.004626137616
3,387,0.004625963898
3,388,0.004625794895
3,389,0.004625630479
3,390,0.004625470526
3,391,0.004625314914
3,392,0.004625163526
3,393,0.004625016247
3,394,0.004624872965
3,395,0.004624733572
3,396,0.004624597962
3,397,0.004624466034
3,398,0.004624337686
3,399,0.004624212821
3,400,0.004624091346
3,401,0.004623973168
3,402,0.004623858197
3,403,0.004623746347
3,404,0.004623637533
3,405,0.004623531672
3,406,0.004623428685
3,407,0.004623328492
3,408,0.004623231019
3,409,0.004623136192
3,410,0.004623043939
3,411,0.004622954189
3,412,0.004622866876
3,413,0.004622781932
3,414,0.004622699294
3,415,0.004622618899
3,416,0.004622540685
3,417,0.004622464595
3,418,0.004622390570
3,419,0.004622318554
3,420,0.004622248493
3,421,0.004622180334
3,422,0.004622114024
3,423,0.004622049514
3,424,0.004621986755
3,425,0.004621925700
3,426,0.004621866301
3,427,0.004621808515
3,428,0.004621752297
3,429,0.004621697605
3,430,0.004621644398
3,431,0.004621592635
3,432,0.004621542276
3,433,0.004621493285
3,434,0.004621445623
3,435,0.004621399255
3,436,0.004621354145
3,437,0.004621310260
3,438,0.004621267566
3,439,0.004621226031
3,440,0.004621185623
3,441,0.004621146311
3,442,0.004621108067
3,443,0.004621070861
3,444,0.004621034665
3,445,0.004620999451
3,446,0.004620965192
3,447,0.004620931864
3,448,0.004620899440
3,449,0.004620867897
3,450,0.004620837209
3,451,0.004620807355
3,452,0.004620778310
3,453,0.004620750054
3,454,0.004620722565
3,455,0.004620695822
3,456,0.004620669805
3,457,0.004620644494
3,458,0.004620619870
3,459,0.004620595915
3,460,0.004620572609
3,461,0.004620549936
3,462,0.004620527879
3,463,0.004620506420
3,464,0.004620485544
3,465,0.004620465234
3,466,0.004620445476
3,467,0.004620426253
3,468,0.004620407553
3,469,0.004620389360
3,470,0.004620371661
3,471,0.004620354442
3,472,0.004620337691
3,473,0.004620321394
3,474,0.004620305540
3,475,0.004620290116
3,476,0.004620275110
3,477,0.004620260512
3,478,0.004620246310
3,479,0.004620232494
3,480,0.004620219052
3,481,0.004620205975
3,482,0.004620193254
3,483,0.004620180877
3,484,0.004620168837
3,485,0.004620157123
3,486,0.004620145727
3,487,0.004620134641
3,488,0.004620123855
3,489,0.004620113363
3,490,0.004620103155
3,491,0.004620093224
3,492,0.004620083562
3,493,0.004620074163
3,494,0.004620065019
3,495,0.004620056123
3,496,0.004620047469
3,497,0.004620039049
3,498,0.004620030858
3,499,0.004620022889
3,500,0.004620015137
3,501,0.004620007595
3,502,0.004620000258
3,503,0.004619993120
3,504,0.004619986175
3,505,0.004619979419
3,506,0.004619972847
3,507,0.004619966453
3,508,0.004619960232
3,509,0.004619954180
3,510,0.004619948293
3,511,0.004619942565
3,512,0.004619936993
3,513,0.004619931572
3,514,0.004619926298
3,515,0.004619921167
3,516,0.004619916176
3,517,0.004619911320
3,518,0.004619906596
3,519,0.004619902000
3,520,0.004619897529
3,521,0.004619893179
3,522,0.004619888947
3,523,0.004619884830
3,524,0.004619880825
3,525,0.004619876928
3,526,0.004619873138
3,527,0.004619869450
3,528,0.004619865862
3,529,0.004619862372
3,530,0.004619858976
3,531,0.004619855672
3,532,0.004619852459
3,533,0.004619849332
3,534,0.004619846290
3,535,0.004619843331
3,536,0.004619840452
3,537,0.004619837652
3,538,0.004619834927
3,539,0.004619832276
3,540,0.004619829697
3,541,0.004619827189
3,542,0.004619824748
3,543,0.004619822374
3,544,0.004619820064
3,545,0.004619817816
3,546,0.004619815630
3,547,0.004619813503
3,548,0.004619811434
3,549,0.004619809421
3,550,0.004619807462
3,551,0.004619805557
3,552,0.004619803703
3,553,0.004619801900
3,554,0.004619800146
3,555,0.004619798439
3,556,0.004619796779
3,557,0.004619795163
3,558,0.004619793592
3,559,0.004619792063
3,560,0.004619790576
3,561,0.004619789129
3,562,0.004619787721
3,563,0.004619786352
3,564,0.004619785019
3,565,0.004619783723
3,566,0.004619782462
3,567,0.004619781235
3,568,0.004619780042
3,569,0.004619778881
3,570,0.004619777751
3,571,0.004619776653
3,572,0.004619775584
3,573,0.004619774544
3,574,0.004619773532
3,575,0.004619772547
3,576,0.004619771590
3,577,0.004619770658
3,578,0.004619769752
3,579,0.004619768870
3,580,0.004619768012
3,581,0.004619767178
3,582,0.004619766366
3,583,0.004619765576
3,584,0.004619764807
3,585,0.004619764060
3,586,0.004619763333
3,587,0.004619762625
3,588,0.004619761937
3,589,0.004619761267
3,590,0.004619760616
3,591,0.004619759982
3,592,0.004619759365
3,593,0.004619758766
3,594,0.004619758182
3,595,0.004619757614
3,596,0.004619757062
3,597,0.004619756525
3,598,0.004619756002
3,599,0.004619755493
3,600,0.004619754999
3,601,0.004619754517
3,602,0.004619754049
3,603,0.004619753593
3,604,0.004619753150
3,605,0.004619752719
3,606,0.004619752300
3,607,0.004619751892
3,608,0.004619751495
3,609,0.004619751108
3,610,0.004619750733
3,611,0.004619750367
3,612,0.004619750012
3,613,0.004619749666
3,614,0.004619749329
3,615,0.004619749002
3,616,0.004619748683
3,617,0.004619748373
3,618,0.004619748072
3,619,0.004619747778
3,620,0.004619747493
3,621,0.004619747215
3,622,0.004619746945
3,623,0.004619746683
3,624,0.004619746427
3,625,0.004619746178
3,626,0.004619745936
3,627,0.004619745701
3,628,0.004619745472
3,629,0.004619745249
3,630,0.004619745033
3,631,0.004619744822
3,632,0.004619744617
3,633,0.004619744417
3,634,0.004619744223
3,635,0.004619744034
3,636,0.004619743850
3,637,0.004619743672
3,638,0.004619743498
3,639,0.004619743329
3,640,0.004619743164
3,641,0.004619743004
3,642,0.004619742848
3,643,0.004619742697
3,644,0.004619742549
3,645,0.004619742406
3,646,0.004619742266
3,647,0.004619742131
3,648,0.004619741998
3,649,0.004619741870
3,650,0.004619741745
3,651,0.004619741623
3,652,0.004619741505
3,653,0.004619741390
3,654,0.004619741278
3,655,0.004619741169
3,656,0.004619741063
3,657,0.004619740960
3,658,0.004619740860
3,659,0.004619740762
3,660,0.004619740667
3,661,0.004619740575
3,662,0.004619740485
3,663,0.004619740398
3,664,0.004619740313
3,665,0.004619740230
3,666,0.004619740150
3,667,0.004619740071
3,668,0.004619739995
3,669,0.004619739921
3,670,0.004619739849
3,671,0.004619739779
3,672,0.004619739711
3,673,0.004619739644
3,674,0.004619739580
3,675,0.004619739517
3,676,0.004619739456
3,677,0.004619739396
3,678,0.004619739338
3,679,0.004619739282
3,680,0.004619739227
3,681,0.004619739174
3,682,0.004619739122
3,683,0.004619739072
3,684,0.004619739023
3,685,0.004619738975
3,686,0.004619738929
3,687,0.004619738884
3,688,0.004619738840
3,689,0.004619738797
3,690,0.004619738755
3,691,0.004619738715
3,692,0.004619738676
3,693,0.004619738637
3,694,0.004619738600
3,695,0.004619738564
3,696,0.004619738529
3,697,0.004619738494
3,698,0.004619738461
3,699,0.004619738428
3,700,0.004619738397
3,701,0.004619738366
3,702,0.004619738336
3,703,0.004619738307
3,704,0.004619738279
3,705,0.004619738251
3,706,0.004619738225
3,707,0.004619738199
3,708,0.004619738173
3,709,0.004619738149
3,710,0.004619738125
3,711,0.004619738101
3,712,0.004619738079
3,713,0.004619738057
3,714,0.004619738035
3,715,0.004619738014
3,716,0.004619737994
3,717,0.004619737974
3,718,0.004619737955
3,719,0.004619737936
3,720,0.004619737918
3,721,0.004619737900
3,722,0.004619737883
3,723,0.004619737866
3,724,0.004619737850
3,725,0.004619737834
3,726,0.004619737819
3,727,0.004619737804
3,728,0.004619737789
3,729,0.004619737775
3,730,0.004619737761
3,731,0.004619737747
3,732,0.004619737734
3,733,0.004619737722
3,734,0.004619737709
3,735,0.004619737697
3,736,0.004619737685
3,737,0.004619737674
3,738,0.004619737663
3,739,0.004619737652
3,740,0.004619737642
3,741,0.004619737631
3,742,0.004619737621
3,743,0.004619737612
3,744,0.004619737602
3,745,0.004619737593
3,746,0.004619737584
3,747,0.004619737576
3,748,0.004619737567
3,749,0.004619737559
3,750,0.004619737551
3,751,0.004619737543
3,752,0.004619737536
3,753,0.004619737528
3,754,0.004619737521
3,755,0.004619737514
3,756,0.004619737508
3,757,0.004619737501
3,758,0.004619737495
3,759,0.004619737488
3,760,0.004619737482
3,761,0.004619737476
3,762,0.004619737471
3,763,0.004619737465
3,764,0.004619737460
3,765,0.004619737454
3,766,0.004619737449
3,767,0.004619737444
3,768,0.004619737439
3,769,0.004619737435
3,770,0.004619737430
3,771,0.004619737426
3,772,0.004619737421
3,773,0.004619737417
3,774,0.004619737413
3,775,0.004619737409
3,776,0.004619737405
3,777,0.004619737401
3,778,0.004619737397
3,779,0.004619737394
3,780,0.004619737390
3,781,0.004619737387
3,782,0.004619737384
3,783,0.004619737380
3,784,0.004619737377
3,785,0.004619737374
3,786,0.004619737371
3,787,0.004619737368
3,788,0.004619737366
3,789,0.004619737363
3,790,0.004619737360
3,791,0.004619737358
3,792,0.004619737355
3,793,0.004619737353
3,794,0.004619737350
3,795,0.004619737348
3,796,0.004619737346
3,797,0.004619737344
3,798,0.004619737341
3,799,0.004619737339
3,800,0.004619737337
3,801,0.004619737335
3,802,0.004619737333
3,803,0.004619737332
3,804,0.004619737330
3,805,0.004619737328
3,806,0.004619737326
3,807,0.004619737325
3,808,0.004619737323
3,809,0.004619737322
3,810,0.004619737320
3,811,0.004619737319
3,812,0.004619737317
3,813,0.004619737316
3,814,0.004619737314
3,815,0.004619737313
3,816,0.004619737312
3,817,0.004619737310
3,818,0.004619737309
3,819,0.004619737308
3,820,0.004619737307
3,821,0.004619737306
3,822,0.004619737305
3,823,0.004619737303
3,824,0.004619737302
3,825,0.004619737301
3,826,0.004619737300
3,827,0.004619737299
3,828,0.004619737299
3,829,0.004619737298
3,830,0.004619737297
3,831,0.004619737296
3,832,0.004619737295
3,833,0.004619737294
3,834,0.004619737293
3,835,0.004619737293
3,836,0.004619737292
3,837,0.004619737291
3,838,0.004619737291
3,839,0.004619737290
3,840,0.004619737289
3,841,0.004619737289
3,842,0.004619737288
3,843,0.004619737287
3,844,0.004619737287
3,845,0.004619737286
3,846,0.004619737286
3,847,0.004619737285
3,848,0.004619737284
3,849,0.004619737284
3,850,0.004619737283
3,851,0.004619737283
3,852,0.004619737282
3,853,0.004619737282
3,854,0.004619737281
3,855,0.004619737281
3,856,0.004619737281
3,857,0.004619737280
3,858,0.004619737280
3,859,0.004619737279
3,860,0.004619737279
3,861,0.004619737279
3,862,0.004619737278
3,863,0.004619737278
3,864,0.004619737278
3,865,0.004619737277
3,866,0.004619737277
3,867,0.004619737277
3,868,0.004619737276
3,869,0.004619737276
3,870,0.004619737276
3,871,0.004619737275
3,872,0.004619737275
3,873,0.004619737275
3,874,0.004619737275
3,875,0.004619737274
3,876,0.004619737274
3,877,0.004619737274
3,878,0.004619737274
3,879,0.004619737273
3,880,0.004619737273
3,881,0.004619737273
3,882,0.004619737273
3,883,0.004619737272
3,884,0.004619737272
3,885,0.004619737272
3,886,0.004619737272
3,887,0.004619737272
3,888,0.004619737272
3,889,0.004619737271
3,890,0.004619737271
3,891,0.004619737271
3,892,0.004619737271
3,893,0.004619737271
3,894,0.004619737271
3,895,0.004619737270
3,896,0.004619737270
3,897,0.004619737270
3,898,0.004619737270
3,899,0.004619737270
3,900,0.004619737270
3,901,0.004619737270
3,902,0.004619737270
3,903,0.004619737269
3,904,0.004619737269
3,905,0.004619737269
3,906,0.004619737269
3,907,0.004619737269
3,908,0.004619737269
3,909,0.004619737269
3,910,0.004619737269
3,911,0.004619737269
3,912,0.004619737268
3,913,0.004619737268
3,914,0.004619737268
3,915,0.004619737268
3,916,0.004619737268
3,917,0.004619737268
3,918,0.004619737268
3,919,0.004619737268
3,920,0.004619737268
3,921,0.004619737268
3,922,0.004619737268
3,923,0.004619737268
3,924,0.004619737268
3,925,0.004619737267
3,926,0.004619737267
3,927,0.004619737267
3,928,0.004619737267
3,929,0.004619737267
3,930,0.004619737267
3,931,0.004619737267
3,932,0.004619737267
3,933,0.004619737267
3,934,0.004619737267
3,935,0.004619737267
3,936,0.004619737267
3,937,0.004619737267
3,938,0.004619737267
3,939,0.004619737267
3,940,0.004619737267
3,941,0.004619737267
3,942,0.004619737267
3,943,0.004619737267
3,944,0.004619737267
3,945,0.004619737266
3,946,0.004619737266
3,947,0.004619737266
3,948,0.004619737266
3,949,0.004619737266
3,950,0.004619737266
3,951,0.004619737266
3,952,0.004619737266
3,953,0.004619737266
3,954,0.004619737266
3,955,0.004619737266
3,956,0.004619737266
3,957,0.004619737266
3,958,0.004619737266
3,959,0.004619737266
3,960,0.004619737266
3,961,0.004619737266
3,962,0.004619737266
3,963,0.004619737266
3,964,0.004619737266
3,965,0.004619737266
3,966,0.004619737266
3,967,0.004619737266
3,968,0.004619737266
3,969,0.004619737266
3,970,0.004619737266
3,971,0.004619737266
3,972,0.004619737266
3,973,0.004619737266
3,974,0.004619737266
3,975,0.004619737266
3,976,0.004619737266
3,977,0.004619737266
3,978,0.004619737266
3,979,0.004619737266
3,980,0.004619737266
3,981,0.004619737266
3,982,0.004619737266
3,983,0.004619737266
3,984,0.004619737266
3,985,0.004619737266
3,986,0.004619737266
3,987,0.004619737266
3,988,0.004619737266
3,989,0.004619737266
3,990,0.004619737266
3,991,0.004619737266
3,992,0.004619737266
3,993,0.004619737265
3,994,0.004619737265
3,995,0.004619737265
3,996,0.004619737265
3,997,0.004619737265
3,998,0.004619737265
3,999,0.004619737265
3,1000,0.004619737265
3,1001,0.004619737265
3,1002,0.004619737265
3,1003,0.004619737265
3,1004,0.004619737265
3,1005,0.004619737265
3,1006,0.004619737265
3,1007,0.004619737265
3,1008,0.004619737265
3,1009,0.004619737265
3,1010,0.004619737265
3,1011,0.004619737265
3,1012,0.004619737265
3,1013,0.004619737265
3,1014,0.004619737265
3,1015,0.004619737265
3,1016,0.004619737265
3,1017,0.004619737265
3,1018,0.004619737265
3,1019,0.004619737265
3,1020,0.004619737265
3,1021,0.004619737265
3,1022,0.004619737265
3,1023,0.004619737265
3,1024,0.004619737265
3,1025,0.004619737265
3,1026,0.004619737265
3,1027,0.004619737265
3,1028,0.004619737265
3,1029,0.004619737265
3,1030,0.004619737265
3,1031,0.004619737265
3,1032,0.004619737265
3,1033,0.004619737265
3,1034,0.004619737265
3,1035,0.004619737265
3,1036,0.004619737265
3,1037,0.004619737265
3,1038,0.004619737265
3,1039,0.004619737265
3,1040,0.004619737265
3,1041,0.004619737265
3,1042,0.004619737265
3,1043,0.004619737265
3,1044,0.004619737265
3,1045,0.004619737265
3,1046,0.004619737265
3,1047,0.004619737265
3,1048,0.004619737265
3,1049,0.004619737265
3,1050,0.004619737265
3,1051,0.004619737265
3,1052,0.004619737265
3,1053,0.004619737265
3,1054,0.004619737265
3,1055,0.004619737265
3,1056,0.004619737265
3,1057,0.004619737265
3,1058,0.004619737265
3,1059,0.004619737265
3,1060,0.004619737265
3,1061,0.004619737265
3,1062,0.004619737265
3,1063,0.004619737265
3,1064,0.004619737265
3,1065,0.004619737265
3,1066,0.004619737265
3,1067,0.004619737265
3,1068,0.004619737265
3,1069,0.004619737265
3,1070,0.004619737265
3,1071,0.004619737265
3,1072,0.004619737265
3,1073,0.004619737265
3,1074,0.004619737265
3,1075,0.004619737265
3,1076,0.004619737265
3,1077,0.004619737265
3,1078,0.004619737265
3,1079,0.004619737265
3,1080,0.004619737265
3,1081,0.004619737265
3,1082,0.004619737265
3,1083,0.004619737265
3,1084,0.004619737265
3,1085,0.004619737265
3,1086,0.004619737265
3,1087,0.004619737265
3,1088,0.004619737265
3,1089,0.004619737265
3,1090,0.004619737265
3,1091,0.004619737265
3,1092,0.004619737265
3,1093,0.004619737265
3,1094,0.004619737265
3,1095,0.004619737265
3,1096,0.004619737265
3,1097,0.004619737265
3,1098,0.004619737265
3,1099,0.004619737265
3,1100,0.004619737265
3,1101,0.004619737265
3,1102,0.004619737265
3,1103,0.004619737265
3,1104,0.004619737265
3,1105,0.004619737265
3,1106,0.004619737265
3,1107,0.004619737265
3,1108,0.004619737265
3,1109,0.004619737265
3,1110,0.004619737265
3,1111,0.004619737265
3,1112,0.004619737265
3,1113,0.004619737265
3,1114,0.004619737265
3,1115,0.004619737265
3,1116,0.004619737265
3,1117,0.004619737265
3,1118,0.004619737265
3,1119,0.004619737265
3,1120,0.004619737265
3,1121,0.004619737265
3,1122,0.004619737265
3,1123,0.004619737265
3,1124,0.004619737265
3,1125,0.004619737265
3,1126,0.004619737265
3,1127,0.004619737265
3,1128,0.004619737265
3,1129,0.004619737265
3,1130,0.004619737265
3,1131,0.004619737265
3,1132,0.004619737265
3,1133,0.004619737265
3,1134,0.004619737265
3,1135,0.004619737265
3,1136,0.004619737265
3,1137,0.004619737265
3,1138,0.004619737265
3,1139,0.004619737265
3,1140,0.004619737265
3,1141,0.004619737265
3,1142,0.004619737265
3,1143,0.004619737265
3,1144,0.004619737265
3,1145,0.004619737265
3,1146,0.004619737265
3,1147,0.004619737265
3,1148,0.004619737265
3,1149,0.004619737265
3,1150,0.004619737265
3,1151,0.004619737265
3,1152,0.004619737265
3,1153,0.004619737265
3,1154,0.004619737265
3,1155,0.004619737265
3,1156,0.004619737265
3,1157,0.004619737265
3,1158,0.004619737265
3,1159,0.004619737265
3,1160,0.004619737265
3,1161,0.004619737265
3,1162,0.004619737265
3,1163,0.004619737265
3,1164,0.004619737265
3,1165,0.004619737265
3,1166,0.004619737265
3,1167,0.004619737265
3,1168,0.004619737265
3,1169,0.004619737265
3,1170,0.004619737265
3,1171,0.004619737265
3,1172,0.004619737265
3,1173,0.004619737265
3,1174,0.004619737265
3,1175,0.004619737265
3,1176,0.004619737265
3,1177,0.004619737265
3,1178,0.004619737265
3,1179,0.004619737265
3,1180,0.004619737265
3,1181,0.004619737265
3,1182,0.004619737265
3,1183,0.004619737265
3,1184,0.004619737265
3,1185,0.004619737265
3,1186,0.004619737265
3,1187,0.004619737265
3,1188,0.004619737265
3,1189,0.004619737265
3,1190,0.004619737265
3,1191,0.004619737265
3,1192,0.004619737265
3,1193,0.004619737265
3,1194,0.004619737265
3,1195,0.004619737265
3,1196,0.004619737265
3,1197,0.004619737265
3,1198,0.004619737265
3,1199,0.004619737265
3,1200,0.004619737265
3,1201,0.004619737265
3,1202,0.004619737265
3,1203,0.004619737265
3,1204,0.004619737265
3,1205,0.004619737265
3,1206,0.004619737265
3,1207,0.004619737265
3,1208,0.004619737265
3,1209,0.004619737265
3,1210,0.004619737265
3,1211,0.004619737265
3,1212,0.004619737265
3,1213,0.004619737265
3,1214,0.004619737265
3,1215,0.004619737265
3,1216,0.004619737265
3,1217,0.004619737265
3,1218,0.004619737265
3,1219,0.004619737265
3,1220,0.004619737265
3,1221,0.004619737265
3,1222,0.004619737265
3,1223,0.004619737265
3,1224,0.004619737265
3,1225,0.004619737265
3,1226,0.004619737265
3,1227,0.004619737265
3,1228,0.004619737265
3,1229,0.004619737265
3,1230,0.004619737265
3,1231,0.004619737265
3,1232,0.004619737265
3,1233,0.004619737265
3,1234,0.004619737265
3,1235,0.004619737265
3,1236,0.004619737265
3,1237,0.004619737265
3,1238,0.004619737265
3,1239,0.004619737265
3,1240,0.004619737265
3,1241,0.004619737265
3,1242,0.004619737265
3,1243,0.004619737265
3,1244,0.004619737265
3,1245,0.004619737265
3,1246,0.004619737265
3,1247,0.004619737265
3,1248,0.004619737265
3,1249,0.004619737265
3,1250,0.004619737265
3,1251,0.004619737265
3,1252,0.004619737265
3,1253,0.004619737265
3,1254,0.004619737265
3,1255,0.004619737265
3,1256,0.004619737265
3,1257,0.004619737265
3,1258,0.004619737265
3,1259,0.004619737265
3,1260,0.004619737265
3,1261,0.004619737265
3,1262,0.004619737265
3,1263,0.004619737265
3,1264,0.004619737265
3,1265,0.004619737265
3,1266,0.004619737265
3,1267,0.004619737265
3,1268,0.004619737265
3,1269,0.004619737265
3,1270,0.004619737265
3,1271,0.004619737265
3,1272,0.004619737265
3,1273,0.004619737265
3,1274,0.004619737265
3,1275,0.004619737265
3,1276,0.004619737265
3,1277,0.004619737265
3,1278,0.004619737265
3,1279,0.004619737265
3,1280,0.004619737265
3,1281,0.004619737265
3,1282,0.004619737265
3,1283,0.004619737265
3,1284,0.004619737265
3,1285,0.004619737265
3,1286,0.004619737265
3,1287,0.004619737265
3,1288,0.004619737265
3,1289,0.004619737265
3,1290,0.004619737265
3,1291,0.004619737265
3,1292,0.004619737265
3,1293,0.004619737265
3,1294,0.004619737265
3,1295,0.004619737265
3,1296,0.004619737265
3,1297,0.004619737265
3,1298,0.004619737265
3,1299,0.004619737265
3,1300,0.004619737265
3,1301,0.004619737265
3,1302,0.004619737265
3,1303,0.004619737265
3,1304,0.004619737265
3,1305,0.004619737265
3,1306,0.004619737265
3,1307,0.004619737265
3,1308,0.004619737265
3,1309,0.004619737265
3,1310,0.004619737265
3,1311,0.004619737265
3,1312,0.004619737265
3,1313,0.004619737265
3,1314,0.004619737265
3,1315,0.004619737265
3,1316,0.004619737265
3,1317,0.004619737265
3,1318,0.004619737265
3,1319,0.004619737265
3,1320,0.004619737265
3,1321,0.004619737265
3,1322,0.004619737265
3,1323,0.004619737265
3,1324,0.004619737265
3,1325,0.004619737265
3,1326,0.004619737265
3,1327,0.004619737265
3,1328,0.004619737265
3,1329,0.004619737265
3,1330,0.004619737265
3,1331,0.004619737265
3,1332,0.004619737265
3,1333,0.004619737265
3,1334,0.004619737265
3,1335,0.004619737265
3,1336,0.004619737265
3,1337,0.004619737265
3,1338,0.004619737265
3,1339,0.004619737265
3,1340,0.004619737265
3,1341,0.004619737265
3,1342,0.004619737265
3,1343,0.004619737265
3,1344,0.004619737265
3,1345,0.004619737265
3,1346,0.004619737265
3,1347,0.004619737265
3,1348,0.004619737265
3,1349,0.004619737265
3,1350,0.004619737265
3,1351,0.004619737265
3,1352,0.004619737265
3,1353,0.004619737265
3,1354,0.004619737265
3,1355,0.004619737265
3,1356,0.004619737265
3,1357,0.004619737265
3,1358,0.004619737265
3,1359,0.004619737265
3,1360,0.004619737265
3,1361,0.004619737265
3,1362,0.004619737265
3,1363,0.004619737265
3,1364,0.004619737265
3,1365,0.004619737265
3,1366,0.004619737265
3,1367,0.004619737265
3,1368,0.004619737265
3,1369,0.004619737265
3,1370,0.004619737265
3,1371,0.004619737265
3,1372,0.004619737265
3,1373,0.004619737265
3,1374,0.004619737265
3,1375,0.004619737265
3,1376,0.004619737265
3,1377,0.004619737265
3,1378,0.004619737265
3,1379,0.004619737265
3,1380,0.004619737265
3,1381,0.004619737265
3,1382,0.004619737265
3,1383,0.004619737265
3,1384,0.004619737265
3,1385,0.004619737265
3,1386,0.004619737265
3,1387,0.004619737265
3,1388,0.004619737265
3,1389,0.004619737265
3,1390,0.004619737265
3,1391,0.004619737265
3,1392,0.004619737265
3,1393,0.004619737265
3,1394,0.004619737265
3,1395,0.004619737265
3,1396,0.004619737265
3,1397,0.004619737265
3,1398,0.004619737265
3,1399,0.004619737265
3,1400,0.004619737265
3,1401,0.004619737265
3,1402,0.004619737265
3,1403,0.004619737265
3,1404,0.004619737265
3,1405,0.004619737265
3,1406,0.004619737265
3,1407,0.004619737265
3,1408,0.004619737265
3,1409,0.004619737265
3,1410,0.004619737265
3,1411,0.004619737265
3,1412,0.004619737265
3,1413,0.004619737265
3,1414,0.004619737265
3,1415,0.004619737265
3,1416,0.004619737265
3,1417,0.004619737265
3,1418,0.004619737265
3,1419,0.004619737265
3,1420,0.004619737265
3,1421,0.004619737265
3,1422,0.004619737265
3,1423,0.004619737265
3,1424,0.004619737265
3,1425,0.004619737265
3,1426,0.004619737265
3,1427,0.004619737265
3,1428,0.004619737265
3,1429,0.004619737265
3,1430,0.004619737265
3,1431,0.004619737265
3,1432,0.004619737265
3,1433,0.004619737265
3,1434,0.004619737265
3,1435,0.004619737265
3,1436,0.004619737265
3,1437,0.004619737265
3,1438,0.004619737265
3,1439,0.004619737265
3,1440,0.004619737265
3,1441,0.004619737265
3,1442,0.004619737265
3,1443,0.004619737265
3,1444,0.004619737265
3,1445,0.004619737265
3,1446,0.004619737265
3,1447,0.004619737265
3,1448,0.004619737265
3,1449,0.004619737265
3,1450,0.004619737265
3,1451,0.004619737265
3,1452,0.004619737265
3,1453,0.004619737265
3,1454,0.004619737265
3,1455,0.004619737265
3,1456,0.004619737265
3,1457,0.004619737265
3,1458,0.004619737265
3,1459,0.004619737265
3,1460,0.004619737265
3,1461,0.004619737265
3,1462,0.004619737265
3,1463,0.004619737265
3,1464,0.004619737265
3,1465,0.004619737265
3,1466,0.004619737265
3,1467,0.004619737265
3,1468,0.004619737265
3,1469,0.004619737265
3,1470,0.004619737265
3,1471,0.004619737265
3,1472,0.004619737265
3,1473,0.004619737265
3,1474,0.004619737265
3,1475,0.004619737265
3,1476,0.004619737265
3,1477,0.004619737265
3,1478,0.004619737265
3,1479,0.004619737265
3,1480,0.004619737265
3,1481,0.004619737265
3,1482,0.004619737265
3,1483,0.004619737265
3,1484,0.004619737265
3,1485,0.004619737265
3,1486,0.004619737265
3,1487,0.004619737265
3,1488,0.004619737265
3,1489,0.004619737265
3,1490,0.004619737265
3,1491,0.004619737265
3,1492,0.004619737265
3,1493,0.004619737265
3,1494,0.004619737265
3,1495,0.004619737265
3,1496,0.004619737265
3,1497,0.004619737265
3,1498,0.004619737265
3,1499,0.004619737265
3,1500,0.004619737265
3,1501,0.004619737265
3,1502,0.004619737265
3,1503,0.004619737265
3,1504,0.004619737265
3,1505,0.004619737265
3,1506,0.004619737265
3,1507,0.004619737265
3,1508,0.004619737265
3,1509,0.004619737265
3,1510,0.004619737265
3,1511,0.004619737265
3,1512,0.004619737265
3,1513,0.004619737265
3,1514,0.004619737265
3,1515,0.004619737265
3,1516,0.004619737265
3,1517,0.004619737265
3,1518,0.004619737265
3,1519,0.004619737265
3,1520,0.004619737265
3,1521,0.004619737265
3,1522,0.004619737265
3,1523,0.004619737265
3,1524,0.004619737265
3,1525,0.004619737265
3,1526,0.004619737265
3,1527,0.004619737265
3,1528,0.004619737265
3,1529,0.004619737265
3,1530,0.004619737265
3,1531,0.004619737265
3,1532,0.004619737265
3,1533,0.004619737265
3,1534,0.004619737265
3,1535,0.004619737265
3,1536,0.004619737265
3,1537,0.004619737265
3,1538,0.004619737265
3,1539,0.004619737265
3,1540,0.004619737265
3,1541,0.004619737265
3,1542,0.004619737265
3,1543,0.004619737265
3,1544,0.004619737265
3,1545,0.004619737265
3,1546,0.004619737265
3,1547,0.004619737265
3,1548,0.004619737265
3,1549,0.004619737265
3,1550,0.004619737265
3,1551,0.004619737265
3,1552,0.004619737265
3,1553,0.004619737265
3,1554,0.004619737265
3,1555,0.004619737265
3,1556,0.004619737265
3,1557,0.004619737265
3,1558,0.004619737265
3,1559,0.004619737265
3,1560,0.004619737265
3,1561,0.004619737265
3,1562,0.004619737265
3,1563,0.004619737265
3,1564,0.004619737265
3,1565,0.004619737265
3,1566,0.004619737265
3,1567,0.004619737265
3,1568,0.004619737265
3,1569,0.004619737265
3,1570,0.004619737265
3,1571,0.004619737265
3,1572,0.004619737265
3,1573,0.004619737265
3,1574,0.004619737265
3,1575,0.004619737265
3,1576,0.004619737265
3,1577,0.004619737265
3,1578,0.004619737265
3,1579,0.004619737265
3,1580,0.004619737265
3,1581,0.004619737265
3,1582,0.004619737265
3,1583,0.004619737265
3,1584,0.004619737265
3,1585,0.004619737265
3,1586,0.004619737265
3,1587,0.004619737265
3,1588,0.004619737265
3,1589,0.004619737265
3,1590,0.004619737265
3,1591,0.004619737265
3,1592,0.004619737265
3,1593,0.004619737265
3,1594,0.004619737265
3,1595,0.004619737265
3,1596,0.004619737265
3,1597,0.004619737265
3,1598,0.004619737265
3,1599,0.004619737265
3,1600,0.004619737265
3,1601,0.004619737265
3,1602,0.004619737265
3,1603,0.004619737265
3,1604,0.004619737265
3,1605,0.004619737265
3,1606,0.004619737265
3,1607,0.004619737265
3,1608,0.004619737265
3,1609,0.004619737265
3,1610,0.004619737265
3,1611,0.004619737265
3,1612,0.004619737265
3,1613,0.004619737265
3,1614,0.004619737265
3,1615,0.004619737265
3,1616,0.004619737265
3,1617,0.004619737265
3,1618,0.004619737265
3,1619,0.004619737265
3,1620,0.004619737265
3,1621,0.004619737265
3,1622,0.004619737265
3,1623,0.004619737265
3,1624,0.004619737265
3,1625,0.004619737265
3,1626,0.004619737265
3,1627,0.004619737265
3,1628,0.004619737265
3,1629,0.004619737265
3,1630,0.004619737265
3,1631,0.004619737265
3,1632,0.004619737265
3,1633,0.004619737265
3,1634,0.004619737265
3,1635,0.004619737265
3,1636,0.004619737265
3,1637,0.004619737265
3,1638,0.004619737265
3,1639,0.004619737265
3,1640,0.004619737265
3,1641,0.004619737265
3,1642,0.004619737265
3,1643,0.004619737265
3,1644,0.004619737265
3,1645,0.004619737265
3,1646,0.004619737265
3,1647,0.004619737265
3,1648,0.004619737265
3,1649,0.004619737265
3,1650,0.004619737265
3,1651,0.004619737265
3,1652,0.004619737265
3,1653,0.004619737265
3,1654,0.004619737265
3,1655,0.004619737265
3,1656,0.004619737265
3,1657,0.004619737265
3,1658,0.004619737265
3,1659,0.004619737265
3,1660,0.004619737265
3,1661,0.004619737265
3,1662,0.004619737265
3,1663,0.004619737265
3,1664,0.004619737265
3,1665,0.004619737265
3,1666,0.004619737265
3,1667,0.004619737265
3,1668,0.004619737265
3,1669,0.004619737265
3,1670,0.004619737265
3,1671,0.004619737265
3,1672,0.004619737265
3,1673,0.004619737265
3,1674,0.004619737265
3,1675,0.004619737265
3,1676,0.004619737265
3,1677,0.004619737265
3,1678,0.004619737265
3,1679,0.004619737265
3,1680,0.004619737265
3,1681,0.004619737265
3,1682,0.004619737265
3,1683,0.004619737265
3,1684,0.004619737265
3,1685,0.004619737265
3,1686,0.004619737265
3,1687,0.004619737265
3,1688,0.004619737265
3,1689,0.004619737265
3,1690,0.004619737265
3,1691,0.004619737265
3,1692,0.004619737265
3,1693,0.004619737265
3,1694,0.004619737265
3,1695,0.004619737265
3,1696,0.004619737265
3,1697,0.004619737265
3,1698,0.004619737265
3,1699,0.004619737265
3,1700,0.004619737265
3,1701,0.004619737265
3,1702,0.004619737265
3,1703,0.004619737265
3,1704,0.004619737265
3,1705,0.004619737265
3,1706,0.004619737265
3,1707,0.004619737265
3,1708,0.004619737265
3,1709,0.004619737265
3,1710,0.004619737265
3,1711,0.004619737265
3,1712,0.004619737265
3,1713,0.004619737265
3,1714,0.004619737265
3,1715,0.004619737265
3,1716,0.004619737265
3,1717,0.004619737265
3,1718,0.004619737265
3,1719,0.004619737265
3,1720,0.004619737265
3,1721,0.004619737265
3,1722,0.004619737265
3,1723,0.004619737265
3,1724,0.004619737265
3,1725,0.004619737265
3,1726,0.004619737265
3,1727,0.004619737265
3,1728,0.004619737265
3,1729,0.004619737265
3,1730,0.004619737265
3,1731,0.004619737265
3,1732,0.004619737265
3,1733,0.004619737265
3,1734,0.004619737265
3,1735,0.004619737265
3,1736,0.004619737265
3,1737,0.004619737265
3,1738,0.004619737265
3,1739,0.004619737265
3,1740,0.004619737265
3,1741,0.004619737265
3,1742,0.004619737265
3,1743,0.004619737265
3,1744,0.004619737265
3,1745,0.004619737265
3,1746,0.004619737265
3,1747,0.004619737265
3,1748,0.004619737265
3,1749,0.004619737265
3,1750,0.004619737265
3,1751,0.004619737265
3,1752,0.004619737265
3,1753,0.004619737265
3,1754,0.004619737265
3,1755,0.004619737265
3,1756,0.004619737265
3,1757,0.004619737265
3,1758,0.004619737265
3,1759,0.004619737265
3,1760,0.004619737265
3,1761,0.004619737265
3,1762,0.004619737265
3,1763,0.004619737265
3,1764,0.004619737265
3,1765,0.004619737265
3,1766,0.004619737265
3,1767,0.004619737265
3,1768,0.004619737265
3,1769,0.004619737265
3,1770,0.004619737265
3,1771,0.004619737265
3,1772,0.004619737265
3,1773,0.004619737265
3,1774,0.004619737265
3,1775,0.004619737265
3,1776,0.004619737265
3,1777,0.004619737265
3,1778,0.004619737265
3,1779,0.004619737265
3,1780,0.004619737265
3,1781,0.004619737265
3,1782,0.004619737265
3,1783,0.004619737265
3,1784,0.004619737265
3,1785,0.004619737265
3,1786,0.004619737265
3,1787,0.004619737265
3,1788,0.004619737265
3,1789,0.004619737265
3,1790,0.004619737265
3,1791,0.004619737265
3,1792,0.004619737265
3,1793,0.004619737265
3,1794,0.004619737265
3,1795,0.004619737265
3,1796,0.004619737265
3,1797,0.004619737265
3,1798,0.004619737265
3,1799,0.004619737265
3,1800,0.004619737265
3,1801,0.004619737265
3,1802,0.004619737265
3,1803,0.004619737265
3,1804,0.004619737265
3,1805,0.004619737265
3,1806,0.004619737265
3,1807,0.004619737265
3,1808,0.004619737265
3,1809,0.004619737265
3,1810,0.004619737265
3,1811,0.004619737265
3,1812,0.004619737265
3,1813,0.004619737265
3,1814,0.004619737265
3,1815,0.004619737265
3,1816,0.004619737265
3,1817,0.004619737265
3,1818,0.004619737265
3,1819,0.004619737265
3,1820,0.004619737265
3,1821,0.004619737265
3,1822,0.004619737265
3,1823,0.004619737265
3,1824,0.004619737265
3,1825,0.004619737265
3,1826,0.004619737265
3,1827,0.004619737265
3,1828,0.004619737265
3,1829,0.004619737265
3,1830,0.004619737265
3,1831,0.004619737265
3,1832,0.004619737265
3,1833,0.004619737265
3,1834,0.004619737265
3,1835,0.004619737265
3,1836,0.004619737265
3,1837,0.004619737265
3,1838,0.004619737265
3,1839,0.004619737265
3,1840,0.004619737265
3,1841,0.004619737265
3,1842,0.004619737265
3,1843,0.004619737265
3,1844,0.004619737265
3,1845,0.004619737265
3,1846,0.004619737265
3,1847,0.004619737265
3,1848,0.004619737265
3,1849,0.004619737265
3,1850,0.004619737265
3,1851,0.004619737265
3,1852,0.004619737265
3,1853,0.004619737265
3,1854,0.004619737265
3,1855,0.004619737265
3,1856,0.004619737265
3,1857,0.004619737265
3,1858,0.004619737265
3,1859,0.004619737265
3,1860,0.004619737265
3,1861,0.004619737265
3,1862,0.004619737265
3,1863,0.004619737265
3,1864,0.004619737265
3,1865,0.004619737265
3,1866,0.004619737265
3,1867,0.004619737265
3,1868,0.004619737265
3,1869,0.004619737265
3,1870,0.004619737265
3,1871,0.004619737265
3,1872,0.004619737265
3,1873,0.004619737265
3,1874,0.004619737265
3,1875,0.004619737265
3,1876,0.004619737265
3,1877,0.004619737265
3,1878,0.004619737265
3,1879,0.004619737265
3,1880,0.004619737265
3,1881,0.004619737265
3,1882,0.004619737265
3,1883,0.004619737265
3,1884,0.004619737265
3,1885,0.004619737265
3,1886,0.004619737265
3,1887,0.004619737265
3,1888,0.004619737265
3,1889,0.004619737265
3,1890,0.004619737265
3,1891,0.004619737265
3,1892,0.004619737265
3,1893,0.004619737265
3,1894,0.004619737265
3,1895,0.004619737265
3,1896,0.004619737265
3,1897,0.004619737265
3,1898,0.004619737265
3,1899,0.004619737265
3,1900,0.004619737265
3,1901,0.004619737265
3,1902,0.004619737265
3,1903,0.004619737265
3,1904,0.004619737265
3,1905,0.004619737265
3,1906,0.004619737265
3,1907,0.004619737265
3,1908,0.004619737265
3,1909,0.004619737265
3,1910,0.004619737265
3,1911,0.004619737265
3,1912,0.004619737265
3,1913,0.004619737265
3,1914,0.004619737265
3,1915,0.004619737265
3,1916,0.004619737265
3,1917,0.004619737265
3,1918,0.004619737265
3,1919,0.004619737265
3,1920,0.004619737265
3,1921,0.004619737265
3,1922,0.004619737265
3,1923,0.004619737265
3,1924,0.004619737265
3,1925,0.004619737265
3,1926,0.004619737265
3,1927,0.004619737265
3,1928,0.004619737265
3,1929,0.004619737265
3,1930,0.004619737265
3,1931,0.004619737265
3,1932,0.004619737265
3,1933,0.004619737265
3,1934,0.004619737265
3,1935,0.004619737265
3,1936,0.004619737265
3,1937,0.004619737265
3,1938,0.004619737265
3,1939,0.004619737265
3,1940,0.004619737265
3,1941,0.004619737265
3,1942,0.004619737265
3,1943,0.004619737265
3,1944,0.004619737265
3,1945,0.004619737265
3,1946,0.004619737265
3,1947,0.004619737265
3,1948,0.004619737265
3,1949,0.004619737265
3,1950,0.004619737265
3,1951,0.004619737265
3,1952,0.004619737265
3,1953,0.004619737265
3,1954,0.004619737265
3,1955,0.004619737265
3,1956,0.004619737265
3,1957,0.004619737265
3,1958,0.004619737265
3,1959,0.004619737265
3,1960,0.004619737265
3,1961,0.004619737265
3,1962,0.004619737265
3,1963,0.004619737265
3,1964,0.004619737265
3,1965,0.004619737265
3,1966,0.004619737265
3,1967,0.004619737265
3,1968,0.004619737265
3,1969,0.004619737265
3,1970,0.004619737265
3,1971,0.004619737265
3,1972,0.004619737265
3,1973,0.004619737265
3,1974,0.004619737265
3,1975,0.004619737265
3,1976,0.004619737265
3,1977,0.004619737265
3,1978,0.004619737265
3,1979,0.004619737265
3,1980,0.004619737265
3,1981,0.004619737265
3,1982,0.004619737265
3,1983,0.004619737265
3,1984,0.004619737265
3,1985,0.004619737265
3,1986,0.004619737265
3,1987,0.004619737265
3,1988,0.004619737265
3,1989,0.004619737265
3,1990,0.004619737265
3,1991,0.004619737265
3,1992,0.004619737265
3,1993,0.004619737265
3,1994,0.004619737265
3,1995,0.004619737265
3,1996,0.004619737265
3,1997,0.004619737265
3,1998,0.004619737265
3,1999,0.004619737265
3,2000,0.004619737265
3,2001,0.004619737265
3,2002,0.004619737265
3,2003,0.004619737265
3,2004,0.004619737265
3,2005,0.004619737265
3,2006,0.004619737265
3,2007,0.004619737265
3,2008,0.004619737265
3,2009,0.004619737265
3,2010,0.004619737265
3,2011,0.004619737265
3,2012,0.004619737265
3,2013,0.004619737265
3,2014,0.004619737265
3,2015,0.004619737265
3,2016,0.004619737265
3,2017,0.004619737265
3,2018,0.004619737265
3,2019,0.004619737265
3,2020,0.004619737265
3,2021,0.004619737265
3,2022,0.004619737265
3,2023,0.004619737265
3,2024,0.004619737265
3,2025,0.004619737265
3,2026,0.004619737265
3,2027,0.004619737265
3,2028,0.004619737265
3,2029,0.004619737265
3,2030,0.004619737265
3,2031,0.004619737265
3,2032,0.004619737265
3,2033,0.004619737265
3,2034,0.004619737265
3,2035,0.004619737265
3,2036,0.004619737265
3,2037,0.004619737265
3,2038,0.004619737265
3,2039,0.004619737265
3,2040,0.004619737265
3,2041,0.004619737265
3,2042,0.004619737265
3,2043,0.004619737265
3,2044,0.004619737265
3,2045,0.004619737265
3,2046,0.004619737265
3,2047,0.004619737265
3,2048,0.004619737265
3,2049,0.004619737265
3,2050,0.004619737265
3,2051,0.004619737265
3,2052,0.004619737265
3,2053,0.004619737265
3,2054,0.004619737265
3,2055,0.004619737265
3,2056,0.004619737265
3,2057,0.004619737265
3,2058,0.004619737265
3,2059,0.004619737265
3,2060,0.004619737265
3,2061,0.004619737265
3,2062,0.004619737265
3,2063,0.004619737265
3,2064,0.004619737265
3,2065,0.004619737265
3,2066,0.004619737265
3,2067,0.004619737265
3,2068,0.004619737265
3,2069,0.004619737265
3,2070,0.004619737265
3,2071,0.004619737265
3,2072,0.004619737265
3,2073,0.004619737265
3,2074,0.004619737265
3,2075,0.004619737265
3,2076,0.004619737265
3,2077,0.004619737265
3,2078,0.004619737265
3,2079,0.004619737265
3,2080,0.004619737265
3,2081,0.004619737265
3,2082,0.004619737265
3,2083,0.004619737265
3,2084,0.004619737265
3,2085,0.004619737265
3,2086,0.004619737265
3,2087,0.004619737265
3,2088,0.004619737265
3,2089,0.004619737265
3,2090,0.004619737265
3,2091,0.004619737265
3,2092,0.004619737265
3,2093,0.004619737265
3,2094,0.004619737265
3,2095,0.004619737265
3,2096,0.004619737265
3,2097,0.004619737265
3,2098,0.004619737265
3,2099,0.004619737265
3,2100,0.004619737265
3,2101,0.004619737265
3,2102,0.004619737265
3,2103,0.004619737265
3,2104,0.004619737265
3,2105,0.004619737265
3,2106,0.004619737265
3,2107,0.004619737265
3,2108,0.004619737265
3,2109,0.004619737265
3,2110,0.004619737265
3,2111,0.004619737265
3,2112,0.004619737265
3,2113,0.004619737265
3,2114,0.004619737265
3,2115,0.004619737265
3,2116,0.004619737265
3,2117,0.004619737265
3,2118,0.004619737265
3,2119,0.004619737265
3,2120,0.004619737265
3,2121,0.004619737265
3,2122,0.004619737265
3,2123,0.004619737265
3,2124,0.004619737265
3,2125,0.004619737265
3,2126,0.004619737265
3,2127,0.004619737265
3,2128,0.004619737265
3,2129,0.004619737265
3,2130,0.004619737265
3,2131,0.004619737265
3,2132,0.004619737265
3,2133,0.004619737265
3,2134,0.004619737265
3,2135,0.004619737265
3,2136,0.004619737265
3,2137,0.004619737265
3,2138,0.004619737265
3,2139,0.004619737265
3,2140,0.004619737265
3,2141,0.004619737265
3,2142,0.004619737265
3,2143,0.004619737265
3,2144,0.004619737265
3,2145,0.004619737265
3,2146,0.004619737265
3,2147,0.004619737265
3,2148,0.004619737265
3,2149,0.004619737265
3,2150,0.004619737265
3,2151,0.004619737265
3,2152,0.004619737265
3,2153,0.004619737265
3,2154,0.004619737265
3,2155,0.004619737265
3,2156,0.004619737265
3,2157,0.004619737265
3,2158,0.004619737265
3,2159,0.004619737265
3,2160,0.004619737265
3,2161,0.004619737265
3,2162,0.004619737265
3,2163,0.004619737265
3,2164,0.004619737265
3,2165,0.004619737265
3,2166,0.004619737265
3,2167,0.004619737265
3,2168,0.004619737265
3,2169,0.004619737265
3,2170,0.004619737265
3,2171,0.004619737265
3,2172,0.004619737265
3,2173,0.004619737265
3,2174,0.004619737265
3,2175,0.004619737265
3,2176,0.004619737265
3,2177,0.004619737265
3,2178,0.004619737265
3,2179,0.004619737265
3,2180,0.004619737265
3,2181,0.004619737265
3,2182,0.004619737265
3,2183,0.004619737265
3,2184,0.004619737265
3,2185,0.004619737265
3,2186,0.004619737265
3,2187,0.004619737265
3,2188,0.004619737265
3,2189,0.004619737265
3,2190,0.004619737265
3,2191,0.004619737265
3,2192,0.004619737265
3,2193,0.004619737265
3,2194,0.004619737265
3,2195,0.004619737265
3,2196,0.004619737265
3,2197,0.004619737265
3,2198,0.004619737265
3,2199,0.004619737265
3,2200,0.004619737265
3,2201,0.004619737265
3,2202,0.004619737265
3,2203,0.004619737265
3,2204,0.004619737265
3,2205,0.004619737265
3,2206,0.004619737265
3,2207,0.004619737265
3,2208,0.004619737265
3,2209,0.004619737265
3,2210,0.004619737265
3,2211,0.004619737265
3,2212,0.004619737265
3,2213,0.004619737265
3,2214,0.004619737265
3,2215,0.004619737265
3,2216,0.004619737265
3,2217,0.004619737265
3,2218,0.004619737265
3,2219,0.004619737265
3,2220,0.004619737265
3,2221,0.004619737265
3,2222,0.004619737265
3,2223,0.004619737265
3,2224,0.004619737265
3,2225,0.004619737265
3,2226,0.004619737265
3,2227,0.004619737265
3,2228,0.004619737265
3,2229,0.004619737265
3,2230,0.004619737265
3,2231,0.004619737265
3,2232,0.004619737265
3,2233,0.004619737265
3,2234,0.004619737265
3,2235,0.004619737265
3,2236,0.004619737265
3,2237,0.004619737265
3,2238,0.004619737265
3,2239,0.004619737265
3,2240,0.004619737265
3,2241,0.004619737265
3,2242,0.004619737265
3,2243,0.004619737265
3,2244,0.004619737265
3,2245,0.004619737265
3,2246,0.004619737265
3,2247,0.004619737265
3,2248,0.004619737265
3,2249,0.004619737265
3,2250,0.004619737265
3,2251,0.004619737265
3,2252,0.004619737265
3,2253,0.004619737265
3,2254,0.004619737265
3,2255,0.004619737265
3,2256,0.004619737265
3,2257,0.004619737265
3,2258,0.004619737265
3,2259,0.004619737265
3,2260,0.004619737265
3,2261,0.004619737265
3,2262,0.004619737265
3,2263,0.004619737265
3,2264,0.004619737265
3,2265,0.004619737265
3,2266,0.004619737265
3,2267,0.004619737265
3,2268,0.004619737265
3,2269,0.004619737265
3,2270,0.004619737265
3,2271,0.004619737265
3,2272,0.004619737265
3,2273,0.004619737265
3,2274,0.004619737265
3,2275,0.004619737265
3,2276,0.004619737265
3,2277,0.004619737265
3,2278,0.004619737265
3,2279,0.004619737265
3,2280,0.004619737265
3,2281,0.004619737265
3,2282,0.004619737265
3,2283,0.004619737265
3,2284,0.004619737265
3,2285,0.004619737265
3,2286,0.004619737265
3,2287,0.004619737265
3,2288,0.004619737265
3,2289,0.004619737265
3,2290,0.004619737265
3,2291,0.004619737265
3,2292,0.004619737265
3,2293,0.004619737265
3,2294,0.004619737265
3,2295,0.004619737265
3,2296,0.004619737265
3,2297,0.004619737265
3,2298,0.004619737265
3,2299,0.004619737265
3,2300,0.004619737265
3,2301,0.004619737265
3,2302,0.004619737265
3,2303,0.004619737265
3,2304,0.004619737265
3,2305,0.004619737265
3,2306,0.004619737265
3,2307,0.004619737265
3,2308,0.004619737265
3,2309,0.004619737265
3,2310,0.004619737265
3,2311,0.004619737265
3,2312,0.004619737265
3,2313,0.004619737265
3,2314,0.004619737265
3,2315,0.004619737265
3,2316,0.004619737265
3,2317,0.004619737265
3,2318,0.004619737265
3,2319,0.004619737265
3,2320,0.004619737265
3,2321,0.004619737265
3,2322,0.004619737265
3,2323,0.004619737265
3,2324,0.004619737265
3,2325,0.004619737265
3,2326,0.004619737265
3,2327,0.004619737265
3,2328,0.004619737265
3,2329,0.004619737265
3,2330,0.004619737265
3,2331,0.004619737265
3,2332,0.004619737265
3,2333,0.004619737265
3,2334,0.004619737265
3,2335,0.004619737265
3,2336,0.004619737265
3,2337,0.004619737265
3,2338,0.004619737265
3,2339,0.004619737265
3,2340,0.004619737265
3,2341,0.004619737265
3,2342,0.004619737265
3,2343,0.004619737265
3,2344,0.004619737265
3,2345,0.004619737265
3,2346,0.004619737265
3,2347,0.004619737265
3,2348,0.004619737265
3,2349,0.004619737265
3,2350,0.004619737265
3,2351,0.004619737265
3,2352,0.004619737265
3,2353,0.004619737265
3,2354,0.004619737265
3,2355,0.004619737265
3,2356,0.004619737265
3,2357,0.004619737265
3,2358,0.004619737265
3,2359,0.004619737265
3,2360,0.004619737265
3,2361,0.004619737265
3,2362,0.004619737265
3,2363,0.004619737265
3,2364,0.004619737265
3,2365,0.004619737265
3,2366,0.004619737265
3,2367,0.004619737265
3,2368,0.004619737265
3,2369,0.004619737265
3,2370,0.004619737265
3,2371,0.004619737265
3,2372,0.004619737265
3,2373,0.004619737265
3,2374,0.004619737265
3,2375,0.004619737265
3,2376,0.004619737265
3,2377,0.004619737265
3,2378,0.004619737265
3,2379,0.004619737265
3,2380,0.004619737265
3,2381,0.004619737265
3,2382,0.004619737265
3,2383,0.004619737265
3,2384,0.004619737265
3,2385,0.004619737265
3,2386,0.004619737265
3,2387,0.004619737265
3,2388,0.004619737265
3,2389,0.004619737265
3,2390,0.004619737265
3,2391,0.004619737265
3,2392,0.004619737265
3,2393,0.004619737265
3,2394,0.004619737265
3,2395,0.004619737265
3,2396,0.004619737265
3,2397,0.004619737265
3,2398,0.004619737265
3,2399,0.004619737265
3,2400,0.004619737265
3,2401,0.004619737265
3,2402,0.004619737265
3,2403,0.004619737265
3,2404,0.004619737265
3,2405,0.004619737265
3,2406,0.004619737265
3,2407,0.004619737265
3,2408,0.004619737265
3,2409,0.004619737265
3,2410,0.004619737265
3,2411,0.004619737265
3,2412,0.004619737265
3,2413,0.004619737265
3,2414,0.004619737265
3,2415,0.004619737265
3,2416,0.004619737265
3,2417,0.004619737265
3,2418,0.004619737265
3,2419,0.004619737265
3,2420,0.004619737265
3,2421,0.004619737265
3,2422,0.004619737265
3,2423,0.004619737265
3,2424,0.004619737265
3,2425,0.004619737265
3,2426,0.004619737265
3,2427,0.004619737265
3,2428,0.004619737265
3,2429,0.004619737265
3,2430,0.004619737265
3,2431,0.004619737265
3,2432,0.004619737265
3,2433,0.004619737265
3,2434,0.004619737265
3,2435,0.004619737265
3,2436,0.004619737265
3,2437,0.004619737265
3,2438,0.004619737265
3,2439,0.004619737265
3,2440,0.004619737265
3,2441,0.004619737265
3,2442,0.004619737265
3,2443,0.004619737265
3,2444,0.004619737265
3,2445,0.004619737265
3,2446,0.004619737265
3,2447,0.004619737265
3,2448,0.004619737265
3,2449,0.004619737265
3,2450,0.004619737265
3,2451,0.004619737265
3,2452,0.004619737265
3,2453,0.004619737265
3,2454,0.004619737265
3,2455,0.004619737265
3,2456,0.004619737265
3,2457,0.004619737265
3,2458,0.004619737265
3,2459,0.004619737265
3,2460,0.004619737265
3,2461,0.004619737265
3,2462,0.004619737265
3,2463,0.004619737265
3,2464,0.004619737265
3,2465,0.004619737265
3,2466,0.004619737265
3,2467,0.004619737265
3,2468,0.004619737265
3,2469,0.004619737265
3,2470,0.004619737265
3,2471,0.004619737265
3,2472,0.004619737265
3,2473,0.004619737265
3,2474,0.004619737265
3,2475,0.004619737265
3,2476,0.004619737265
3,2477,0.004619737265
3,2478,0.004619737265
3,2479,0.004619737265
3,2480,0.004619737265
3,2481,0.004619737265
3,2482,0.004619737265
3,2483,0.004619737265
3,2484,0.004619737265
3,2485,0.004619737265
3,2486,0.004619737265
3,2487,0.004619737265
3,2488,0.004619737265
3,2489,0.004619737265
3,2490,0.004619737265
3,2491,0.004619737265
3,2492,0.004619737265
3,2493,0.004619737265
3,2494,0.004619737265
3,2495,0.004619737265
3,2496,0.004619737265
3,2497,0.004619737265
3,2498,0.004619737265
3,2499,0.004619737265
3,2500,0.004619737265
3,2501,0.004619737265
3,2502,0.004619737265
3,2503,0.004619737265
3,2504,0.004619737265
3,2505,0.004619737265
3,2506,0.004619737265
3,2507,0.004619737265
3,2508,0.004619737265
3,2509,0.004619737265
3,2510,0.004619737265
3,2511,0.004619737265
3,2512,0.004619737265
3,2513,0.004619737265
3,2514,0.004619737265
3,2515,0.004619737265
3,2516,0.004619737265
3,2517,0.004619737265
3,2518,0.004619737265
3,2519,0.004619737265
3,2520,0.004619737265
3,2521,0.004619737265
3,2522,0.004619737265
3,2523,0.004619737265
3,2524,0.004619737265
3,2525,0.004619737265
3,2526,0.004619737265
3,2527,0.004619737265
3,2528,0.004619737265
3,2529,0.004619737265
3,2530,0.004619737265
3,2531,0.004619737265
3,2532,0.004619737265
3,2533,0.004619737265
3,2534,0.004619737265
3,2535,0.004619737265
3,2536,0.004619737265
3,2537,0.004619737265
3,2538,0.004619737265
3,2539,0.004619737265
3,2540,0.004619737265
3,2541,0.004619737265
3,2542,0.004619737265
3,2543,0.004619737265
3,2544,0.004619737265
3,2545,0.004619737265
3,2546,0.004619737265
3,2547,0.004619737265
3,2548,0.004619737265
3,2549,0.004619737265
3,2550,0.004619737265
3,2551,0.004619737265
3,2552,0.004619737265
3,2553,0.004619737265
3,2554,0.004619737265
3,2555,0.004619737265
3,2556,0.004619737265
3,2557,0.004619737265
3,2558,0.004619737265
3,2559,0.004619737265
3,2560,0.004619737265
3,2561,0.004619737265
3,2562,0.004619737265
3,2563,0.004619737265
3,2564,0.004619737265
3,2565,0.004619737265
3,2566,0.004619737265
3,2567,0.004619737265
3,2568,0.004619737265
3,2569,0.004619737265
3,2570,0.004619737265
3,2571,0.004619737265
3,2572,0.004619737265
3,2573,0.004619737265
3,2574,0.004619737265
3,2575,0.004619737265
3,2576,0.004619737265
3,2577,0.004619737265
3,2578,0.004619737265
3,2579,0.004619737265
3,2580,0.004619737265
3,2581,0.004619737265
3,2582,0.004619737265
3,2583,0.004619737265
3,2584,0.004619737265
3,2585,0.004619737265
3,2586,0.004619737265
3,2587,0.004619737265
3,2588,0.004619737265
3,2589,0.004619737265
3,2590,0.004619737265
3,2591,0.004619737265
3,2592,0.004619737265
3,2593,0.004619737265
3,2594,0.004619737265
3,2595,0.004619737265
3,2596,0.004619737265
3,2597,0.004619737265
3,2598,0.004619737265
3,2599,0.004619737265
3,2600,0.004619737265
3,2601,0.004619737265
3,2602,0.004619737265
3,2603,0.004619737265
3,2604,0.004619737265
3,2605,0.004619737265
3,2606,0.004619737265
3,2607,0.004619737265
3,2608,0.004619737265
3,2609,0.004619737265
3,2610,0.004619737265
3,2611,0.004619737265
3,2612,0.004619737265
3,2613,0.004619737265
3,2614,0.004619737265
3,2615,0.004619737265
3,2616,0.004619737265
3,2617,0.004619737265
3,2618,0.004619737265
3,2619,0.004619737265
3,2620,0.004619737265
3,2621,0.004619737265
3,2622,0.004619737265
3,2623,0.004619737265
3,2624,0.004619737265
3,2625,0.004619737265
3,2626,0.004619737265
3,2627,0.004619737265
3,2628,0.004619737265
3,2629,0.004619737265
3,2630,0.004619737265
3,2631,0.004619737265
3,2632,0.004619737265
3,2633,0.004619737265
3,2634,0.004619737265
3,2635,0.004619737265
3,2636,0.004619737265
3,2637,0.004619737265
3,2638,0.004619737265
3,2639,0.004619737265
3,2640,0.004619737265
3,2641,0.004619737265
3,2642,0.004619737265
3,2643,0.004619737265
3,2644,0.004619737265
3,2645,0.004619737265
3,2646,0.004619737265
3,2647,0.004619737265
3,2648,0.004619737265
3,2649,0.004619737265
3,2650,0.004619737265
3,2651,0.004619737265
3,2652,0.004619737265
3,2653,0.004619737265
3,2654,0.004619737265
3,2655,0.004619737265
3,2656,0.004619737265
3,2657,0.004619737265
3,2658,0.004619737265
3,2659,0.004619737265
3,2660,0.004619737265
3,2661,0.004619737265
3,2662,0.004619737265
3,2663,0.004619737265
3,2664,0.004619737265
3,2665,0.004619737265
3,2666,0.004619737265
3,2667,0.004619737265
3,2668,0.004619737265
3,2669,0.004619737265
3,2670,0.004619737265
3,2671,0.004619737265
3,2672,0.004619737265
3,2673,0.004619737265
3,2674,0.004619737265
3,2675,0.004619737265
3,2676,0.004619737265
3,2677,0.004619737265
3,2678,0.004619737265
3,2679,0.004619737265
3,2680,0.004619737265
3,2681,0.004619737265
3,2682,0.004619737265
3,2683,0.004619737265
3,2684,0.004619737265
3,2685,0.004619737265
3,2686,0.004619737265
3,2687,0.004619737265
3,2688,0.004619737265
3,2689,0.004619737265
3,2690,0.004619737265
3,2691,0.004619737265
3,2692,0.004619737265
3,2693,0.004619737265
3,2694,0.004619737265
3,2695,0.004619737265
3,2696,0.004619737265
3,2697,0.004619737265
3,2698,0.004619737265
3,2699,0.004619737265
3,2700,0.004619737265
3,2701,0.004619737265
3,2702,0.004619737265
3,2703,0.004619737265
3,2704,0.004619737265
3,2705,0.004619737265
3,2706,0.004619737265
3,2707,0.004619737265
3,2708,0.004619737265
3,2709,0.004619737265
3,2710,0.004619737265
3,2711,0.004619737265
3,2712,0.004619737265
3,2713,0.004619737265
3,2714,0.004619737265
3,2715,0.004619737265
3,2716,0.004619737265
3,2717,0.004619737265
3,2718,0.004619737265
3,2719,0.004619737265
3,2720,0.004619737265
3,2721,0.004619737265
3,2722,0.004619737265
3,2723,0.004619737265
3,2724,0.004619737265
3,2725,0.004619737265
3,2726,0.004619737265
3,2727,0.004619737265
3,2728,0.004619737265
3,2729,0.004619737265
3,2730,0.004619737265
3,2731,0.004619737265
3,2732,0.004619737265
3,2733,0.004619737265
3,2734,0.004619737265
3,2735,0.004619737265
3,2736,0.004619737265
3,2737,0.004619737265
3,2738,0.004619737265
3,2739,0.004619737265
3,2740,0.004619737265
3,2741,0.004619737265
3,2742,0.004619737265
3,2743,0.004619737265
3,2744,0.004619737265
3,2745,0.004619737265
3,2746,0.004619737265
3,2747,0.004619737265
3,2748,0.004619737265
3,2749,0.004619737265
3,2750,0.004619737265
3,2751,0.004619737265
3,2752,0.004619737265
3,2753,0.004619737265
3,2754,0.004619737265
3,2755,0.004619737265
3,2756,0.004619737265
3,2757,0.004619737265
3,2758,0.004619737265
3,2759,0.004619737265
3,2760,0.004619737265
3,2761,0.004619737265
3,2762,0.004619737265
3,2763,0.004619737265
3,2764,0.004619737265
3,2765,0.004619737265
3,2766,0.004619737265
3,2767,0.004619737265
3,2768,0.004619737265
3,2769,0.004619737265
3,2770,0.004619737265
3,2771,0.004619737265
3,2772,0.004619737265
3,2773,0.004619737265
3,2774,0.004619737265
3,2775,0.004619737265
3,2776,0.004619737265
3,2777,0.004619737265
3,2778,0.004619737265
3,2779,0.004619737265
3,2780,0.004619737265
3,2781,0.004619737265
3,2782,0.004619737265
3,2783,0.004619737265
3,2784,0.004619737265
3,2785,0.004619737265
3,2786,0.004619737265
3,2787,0.004619737265
3,2788,0.004619737265
3,2789,0.004619737265
3,2790,0.004619737265
3,2791,0.004619737265
3,2792,0.004619737265
3,2793,0.004619737265
3,2794,0.004619737265
3,2795,0.004619737265
3,2796,0.004619737265
3,2797,0.004619737265
3,2798,0.004619737265
3,2799,0.004619737265
3,2800,0.004619737265
3,2801,0.004619737265
3,2802,0.004619737265
3,2803,0.004619737265
3,2804,0.004619737265
3,2805,0.004619737265
3,2806,0.004619737265
3,2807,0.004619737265
3,2808,0.004619737265
3,2809,0.004619737265
3,2810,0.004619737265
3,2811,0.004619737265
3,2812,0.004619737265
3,2813,0.004619737265
3,2814,0.004619737265
3,2815,0.004619737265
3,2816,0.004619737265
3,2817,0.004619737265
3,2818,0.004619737265
3,2819,0.004619737265
3,2820,0.004619737265
3,2821,0.004619737265
3,2822,0.004619737265
3,2823,0.004619737265
3,2824,0.004619737265
3,2825,0.004619737265
3,2826,0.004619737265
3,2827,0.004619737265
3,2828,0.004619737265
3,2829,0.004619737265
3,2830,0.004619737265
3,2831,0.004619737265
3,2832,0.004619737265
3,2833,0.004619737265
3,2834,0.004619737265
3,2835,0.004619737265
3,2836,0.004619737265
3,2837,0.004619737265
3,2838,0.004619737265
3,2839,0.004619737265
3,2840,0.004619737265
3,2841,0.004619737265
3,2842,0.004619737265
3,2843,0.004619737265
3,2844,0.004619737265
3,2845,0.004619737265
3,2846,0.004619737265
3,2847,0.004619737265
3,2848,0.004619737265
3,2849,0.004619737265
3,2850,0.004619737265
3,2851,0.004619737265
3,2852,0.004619737265
3,2853,0.004619737265
3,2854,0.004619737265
3,2855,0.004619737265
3,2856,0.004619737265
3,2857,0.004619737265
3,2858,0.004619737265
3,2859,0.004619737265
3,2860,0.004619737265
3,2861,0.004619737265
3,2862,0.004619737265
3,2863,0.004619737265
3,2864,0.004619737265
3,2865,0.004619737265
3,2866,0.004619737265
3,2867,0.004619737265
3,2868,0.004619737265
3,2869,0.004619737265
3,2870,0.004619737265
3,2871,0.004619737265
3,2872,0.004619737265
3,2873,0.004619737265
3,2874,0.004619737265
3,2875,0.004619737265
3,2876,0.004619737265
3,2877,0.004619737265
3,2878,0.004619737265
3,2879,0.004619737265
3,2880,0.004619737265
3,2881,0.004619737265
3,2882,0.004619737265
3,2883,0.004619737265
3,2884,0.004619737265
3,2885,0.004619737265
3,2886,0.004619737265
3,2887,0.004619737265
3,2888,0.004619737265
3,2889,0.004619737265
3,2890,0.004619737265
3,2891,0.004619737265
3,2892,0.004619737265
3,2893,0.004619737265
3,2894,0.004619737265
3,2895,0.004619737265
3,2896,0.004619737265
3,2897,0.004619737265
3,2898,0.004619737265
3,2899,0.004619737265
3,2900,0.004619737265
3,2901,0.004619737265
3,2902,0.004619737265
3,2903,0.004619737265
3,2904,0.004619737265
3,2905,0.004619737265
3,2906,0.004619737265
3,2907,0.004619737265
3,2908,0.004619737265
3,2909,0.004619737265
3,2910,0.004619737265
3,2911,0.004619737265
3,2912,0.004619737265
3,2913,0.004619737265
3,2914,0.004619737265
3,2915,0.004619737265
3,2916,0.004619737265
3,2917,0.004619737265
3,2918,0.004619737265
3,2919,0.004619737265
3,2920,0.004619737265
3,2921,0.004619737265
3,2922,0.004619737265
3,2923,0.004619737265
3,2924,0.004619737265
3,2925,0.004619737265
3,2926,0.004619737265
3,2927,0.004619737265
3,2928,0.004619737265
3,2929,0.004619737265
3,2930,0.004619737265
3,2931,0.004619737265
3,2932,0.004619737265
3,2933,0.004619737265
3,2934,0.004619737265
3,2935,0.004619737265
3,2936,0.004619737265
3,2937,0.004619737265
3,2938,0.004619737265
3,2939,0.004619737265
3,2940,0.004619737265
3,2941,0.004619737265
3,2942,0.004619737265
3,2943,0.004619737265
3,2944,0.004619737265
3,2945,0.004619737265
3,2946,0.004619737265
3,2947,0.004619737265
3,2948,0.004619737265
3,2949,0.004619737265
3,2950,0.004619737265
3,2951,0.004619737265
3,2952,0.004619737265
3,2953,0.004619737265
3,2954,0.004619737265
3,2955,0.004619737265
3,2956,0.004619737265
3,2957,0.004619737265
3,2958,0.004619737265
3,2959,0.004619737265
3,2960,0.004619737265
3,2961,0.004619737265
3,2962,0.004619737265
3,2963,0.004619737265
3,2964,0.004619737265
3,2965,0.004619737265
3,2966,0.004619737265
3,2967,0.004619737265
3,2968,0.004619737265
3,2969,0.004619737265
3,2970,0.004619737265
3,2971,0.004619737265
3,2972,0.004619737265
3,2973,0.004619737265
3,2974,0.004619737265
3,2975,0.004619737265
3,2976,0.004619737265
3,2977,0.004619737265
3,2978,0.004619737265
3,2979,0.004619737265
3,2980,0.004619737265
3,2981,0.004619737265
3,2982,0.004619737265
3,2983,0.004619737265
3,2984,0.004619737265
3,2985,0.004619737265
3,2986,0.004619737265
3,2987,0.004619737265
3,2988,0.004619737265
3,2989,0.004619737265
3,2990,0.004619737265
3,2991,0.004619737265
3,2992,0.004619737265
3,2993,0.004619737265
3,2994,0.004619737265
3,2995,0.004619737265
3,2996,0.004619737265
3,2997,0.004619737265
3,2998,0.004619737265
3,2999,0.004619737265
3,3000,0.004619737265
3,3001,0.004619737265
3,3002,0.004619737265
3,3003,0.004619737265
3,3004,0.004619737265
3,3005,0.004619737265
3,3006,0.004619737265
3,3007,0.004619737265
3,3008,0.004619737265
3,3009,0.004619737265
3,3010,0.004619737265
3,3011,0.004619737265
3,3012,0.004619737265
3,3013,0.004619737265
3,3014,0.004619737265
3,3015,0.004619737265
3,3016,0.004619737265
3,3017,0.004619737265
3,3018,0.004619737265
3,3019,0.004619737265
3,3020,0.004619737265
3,3021,0.004619737265
3,3022,0.004619737265
3,3023,0.004619737265
3,3024,0.004619737265
3,3025,0.004619737265
3,3026,0.004619737265
3,3027,0.004619737265
3,3028,0.004619737265
3,3029,0.004619737265
3,3030,0.004619737265
3,3031,0.004619737265
3,3032,0.004619737265
3,3033,0.004619737265
3,3034,0.004619737265
3,3035,0.004619737265
3,3036,0.004619737265
3,3037,0.004619737265
3,3038,0.004619737265
3,3039,0.004619737265
3,3040,0.004619737265
3,3041,0.004619737265
3,3042,0.004619737265
3,3043,0.004619737265
3,3044,0.004619737265
3,3045,0.004619737265
3,3046,0.004619737265
3,3047,0.004619737265
3,3048,0.004619737265
3,3049,0.004619737265
3,3050,0.004619737265
3,3051,0.004619737265
3,3052,0.004619737265
3,3053,0.004619737265
3,3054,0.004619737265
3,3055,0.004619737265
3,3056,0.004619737265
3,3057,0.004619737265
3,3058,0.004619737265
3,3059,0.004619737265
3,3060,0.004619737265
3,3061,0.004619737265
3,3062,0.004619737265
3,3063,0.004619737265
3,3064,0.004619737265
3,3065,0.004619737265
3,3066,0.004619737265
3,3067,0.004619737265
3,3068,0.004619737265
3,3069,0.004619737265
3,3070,0.004619737265
3,3071,0.004619737265
3,3072,0.004619737265
3,3073,0.004619737265
3,3074,0.004619737265
3,3075,0.004619737265
3,3076,0.004619737265
3,3077,0.004619737265
3,3078,0.004619737265
3,3079,0.004619737265
3,3080,0.004619737265
3,3081,0.004619737265
3,3082,0.004619737265
3,3083,0.004619737265
3,3084,0.004619737265
3,3085,0.004619737265
3,3086,0.004619737265
3,3087,0.004619737265
3,3088,0.004619737265
3,3089,0.004619737265
3,3090,0.004619737265
3,3091,0.004619737265
3,3092,0.004619737265
3,3093,0.004619737265
3,3094,0.004619737265
3,3095,0.004619737265
3,3096,0.004619737265
3,3097,0.004619737265
3,3098,0.004619737265
3,3099,0.004619737265
3,3100,0.004619737265
3,3101,0.004619737265
3,3102,0.004619737265
3,3103,0.004619737265
3,3104,0.004619737265
3,3105,0.004619737265
3,3106,0.004619737265
3,3107,0.004619737265
3,3108,0.004619737265
3,3109,0.004619737265
3,3110,0.004619737265
3,3111,0.004619737265
3,3112,0.004619737265
3,3113,0.004619737265
3,3114,0.004619737265
3,3115,0.004619737265
3,3116,0.004619737265
3,3117,0.004619737265
3,3118,0.004619737265
3,3119,0.004619737265
3,3120,0.004619737265
3,3121,0.004619737265
3,3122,0.004619737265
3,3123,0.004619737265
3,3124,0.004619737265
3,3125,0.004619737265
3,3126,0.004619737265
3,3127,0.004619737265
3,3128,0.004619737265
3,3129,0.004619737265
3,3130,0.004619737265
3,3131,0.004619737265
3,3132,0.004619737265
3,3133,0.004619737265
3,3134,0.004619737265
3,3135,0.004619737265
3,3136,0.004619737265
3,3137,0.004619737265
3,3138,0.004619737265
3,3139,0.004619737265
3,3140,0.004619737265
3,3141,0.004619737265
3,3142,0.004619737265
3,3143,0.004619737265
3,3144,0.004619737265
3,3145,0.004619737265
3,3146,0.004619737265
3,3147,0.004619737265
3,3148,0.004619737265
3,3149,0.004619737265
3,3150,0.004619737265
3,3151,0.004619737265
3,3152,0.004619737265
3,3153,0.004619737265
3,3154,0.004619737265
3,3155,0.004619737265
3,3156,0.004619737265
3,3157,0.004619737265
3,3158,0.004619737265
3,3159,0.004619737265
3,3160,0.004619737265
3,3161,0.004619737265
3,3162,0.004619737265
3,3163,0.004619737265
3,3164,0.004619737265
3,3165,0.004619737265
3,3166,0.004619737265
3,3167,0.004619737265
3,3168,0.004619737265
3,3169,0.004619737265
3,3170,0.004619737265
3,3171,0.004619737265
3,3172,0.004619737265
3,3173,0.004619737265
3,3174,0.004619737265
3,3175,0.004619737265
3,3176,0.004619737265
3,3177,0.004619737265
3,3178,0.004619737265
3,3179,0.004619737265
3,3180,0.004619737265
3,3181,0.004619737265
3,3182,0.004619737265
3,3183,0.004619737265
3,3184,0.004619737265
3,3185,0.004619737265
3,3186,0.004619737265
3,3187,0.004619737265
3,3188,0.004619737265
3,3189,0.004619737265
3,3190,0.004619737265
3,3191,0.004619737265
3,3192,0.004619737265
3,3193,0.004619737265
3,3194,0.004619737265
3,3195,0.004619737265
3,3196,0.004619737265
3,3197,0.004619737265
3,3198,0.004619737265
3,3199,0.004619737265
3,3200,0.004619737265
3,3201,0.004619737265
3,3202,0.004619737265
3,3203,0.004619737265
3,3204,0.004619737265
3,3205,0.004619737265
3,3206,0.004619737265
3,3207,0.004619737265
3,3208,0.004619737265
3,3209,0.004619737265
3,3210,0.004619737265
3,3211,0.004619737265
3,3212,0.004619737265
3,3213,0.004619737265
3,3214,0.004619737265
3,3215,0.004619737265
3,3216,0.004619737265
3,3217,0.004619737265
3,3218,0.004619737265
3,3219,0.004619737265
3,3220,0.004619737265
3,3221,0.004619737265
3,3222,0.004619737265
3,3223,0.004619737265
3,3224,0.004619737265
3,3225,0.004619737265
3,3226,0.004619737265
3,3227,0.004619737265
3,3228,0.004619737265
3,3229,0.004619737265
3,3230,0.004619737265
3,3231,0.004619737265
3,3232,0.004619737265
3,3233,0.004619737265
3,3234,0.004619737265
3,3235,0.004619737265
3,3236,0.004619737265
3,3237,0.004619737265
3,3238,0.004619737265
3,3239,0.004619737265
3,3240,0.004619737265
3,3241,0.004619737265
3,3242,0.004619737265
3,3243,0.004619737265
3,3244,0.004619737265
3,3245,0.004619737265
3,3246,0.004619737265
3,3247,0.004619737265
3,3248,0.004619737265
3,3249,0.004619737265
3,3250,0.004619737265
3,3251,0.004619737265
3,3252,0.004619737265
3,3253,0.004619737265
3,3254,0.004619737265
3,3255,0.004619737265
3,3256,0.004619737265
3,3257,0.004619737265
3,3258,0.004619737265
3,3259,0.004619737265
3,3260,0.004619737265
3,3261,0.004619737265
3,3262,0.004619737265
3,3263,0.004619737265
3,3264,0.004619737265
3,3265,0.004619737265
3,3266,0.004619737265
3,3267,0.004619737265
3,3268,0.004619737265
3,3269,0.004619737265
3,3270,0.004619737265
3,3271,0.004619737265
3,3272,0.004619737265
3,3273,0.004619737265
3,3274,0.004619737265
3,3275,0.004619737265
3,3276,0.004619737265
3,3277,0.004619737265
3,3278,0.004619737265
3,3279,0.004619737265
3,3280,0.004619737265
3,3281,0.004619737265
3,3282,0.004619737265
3,3283,0.004619737265
3,3284,0.004619737265
3,3285,0.004619737265
3,3286,0.004619737265
3,3287,0.004619737265
3,3288,0.004619737265
3,3289,0.004619737265
3,3290,0.004619737265
3,3291,0.004619737265
3,3292,0.004619737265
3,3293,0.004619737265
3,3294,0.004619737265
3,3295,0.004619737265
3,3296,0.004619737265
3,3297,0.004619737265
3,3298,0.004619737265
3,3299,0.004619737265
3,3300,0.004619737265
3,3301,0.004619737265
3,3302,0.004619737265
3,3303,0.004619737265
3,3304,0.004619737265
3,3305,0.004619737265
3,3306,0.004619737265
3,3307,0.004619737265
3,3308,0.004619737265
3,3309,0.004619737265
3,3310,0.004619737265
3,3311,0.004619737265
3,3312,0.004619737265
3,3313,0.004619737265
3,3314,0.004619737265
3,3315,0.004619737265
3,3316,0.004619737265
3,3317,0.004619737265
3,3318,0.004619737265
3,3319,0.004619737265
3,3320,0.004619737265
3,3321,0.004619737265
3,3322,0.004619737265
3,3323,0.004619737265
3,3324,0.004619737265
3,3325,0.004619737265
3,3326,0.004619737265
3,3327,0.004619737265
3,3328,0.004619737265
3,3329,0.004619737265
3,3330,0.004619737265
3,3331,0.004619737265
3,3332,0.004619737265
3,3333,0.004619737265
3,3334,0.004619737265
3,3335,0.004619737265
3,3336,0.004619737265
3,3337,0.004619737265
3,3338,0.004619737265
3,3339,0.004619737265
3,3340,0.004619737265
3,3341,0.004619737265
3,3342,0.004619737265
3,3343,0.004619737265
3,3344,0.004619737265
3,3345,0.004619737265
3,3346,0.004619737265
3,3347,0.004619737265
3,3348,0.004619737265
3,3349,0.004619737265
3,3350,0.004619737265
3,3351,0.004619737265
3,3352,0.004619737265
3,3353,0.004619737265
3,3354,0.004619737265
3,3355,0.004619737265
3,3356,0.004619737265
3,3357,0.004619737265
3,3358,0.004619737265
3,3359,0.004619737265
3,3360,0.004619737265
3,3361,0.004619737265
3,3362,0.004619737265
3,3363,0.004619737265
3,3364,0.004619737265
3,3365,0.004619737265
3,3366,0.004619737265
3,3367,0.004619737265
3,3368,0.004619737265
3,3369,0.004619737265
3,3370,0.004619737265
3,3371,0.004619737265
3,3372,0.004619737265
3,3373,0.004619737265
3,3374,0.004619737265
3,3375,0.004619737265
3,3376,0.004619737265
3,3377,0.004619737265
3,3378,0.004619737265
3,3379,0.004619737265
3,3380,0.004619737265
3,3381,0.004619737265
3,3382,0.004619737265
3,3383,0.004619737265
3,3384,0.004619737265
3,3385,0.004619737265
3,3386,0.004619737265
3,3387,0.004619737265
3,3388,0.004619737265
3,3389,0.004619737265
3,3390,0.004619737265
3,3391,0.004619737265
3,3392,0.004619737265
3,3393,0.004619737265
3,3394,0.004619737265
3,3395,0.004619737265
3,3396,0.004619737265
3,3397,0.004619737265
3,3398,0.004619737265
3,3399,0.004619737265
3,3400,0.004619737265
3,3401,0.004619737265
3,3402,0.004619737265
3,3403,0.004619737265
3,3404,0.004619737265
3,3405,0.004619737265
3,3406,0.004619737265
3,3407,0.004619737265
3,3408,0.004619737265
3,3409,0.004619737265
3,3410,0.004619737265
3,3411,0.004619737265
3,3412,0.004619737265
3,3413,0.004619737265
3,3414,0.004619737265
3,3415,0.004619737265
3,3416,0.004619737265
3,3417,0.004619737265
3,3418,0.004619737265
3,3419,0.004619737265
3,3420,0.004619737265
3,3421,0.004619737265
3,3422,0.004619737265
3,3423,0.004619737265
3,3424,0.004619737265
3,3425,0.004619737265
3,3426,0.004619737265
3,3427,0.004619737265
3,3428,0.004619737265
3,3429,0.004619737265
3,3430,0.004619737265
3,3431,0.004619737265
3,3432,0.004619737265
3,3433,0.004619737265
3,3434,0.004619737265
3,3435,0.004619737265
3,3436,0.004619737265
3,3437,0.004619737265
3,3438,0.004619737265
3,3439,0.004619737265
3,3440,0.004619737265
3,3441,0.004619737265
3,3442,0.004619737265
3,3443,0.004619737265
3,3444,0.004619737265
3,3445,0.004619737265
3,3446,0.004619737265
3,3447,0.004619737265
3,3448,0.004619737265
3,3449,0.004619737265
3,3450,0.004619737265
3,3451,0.004619737265
3,3452,0.004619737265
3,3453,0.004619737265
3,3454,0.004619737265
3,3455,0.004619737265
3,3456,0.004619737265
3,3457,0.004619737265
3,3458,0.004619737265
3,3459,0.004619737265
3,3460,0.004619737265
3,3461,0.004619737265
3,3462,0.004619737265
3,3463,0.004619737265
3,3464,0.004619737265
3,3465,0.004619737265
3,3466,0.004619737265
3,3467,0.004619737265
3,3468,0.004619737265
3,3469,0.004619737265
3,3470,0.004619737265
3,3471,0.004619737265
3,3472,0.004619737265
3,3473,0.004619737265
3,3474,0.004619737265
3,3475,0.004619737265
3,3476,0.004619737265
3,3477,0.004619737265
3,3478,0.004619737265
3,3479,0.004619737265
3,3480,0.004619737265
3,3481,0.004619737265
3,3482,0.004619737265
3,3483,0.004619737265
3,3484,0.004619737265
3,3485,0.004619737265
3,3486,0.004619737265
3,3487,0.004619737265
3,3488,0.004619737265
3,3489,0.004619737265
3,3490,0.004619737265
3,3491,0.004619737265
3,3492,0.004619737265
3,3493,0.004619737265
3,3494,0.004619737265
3,3495,0.004619737265
3,3496,0.004619737265
3,3497,0.004619737265
3,3498,0.004619737265
3,3499,0.004619737265
3,3500,0.004619737265
3,3501,0.004619737265
3,3502,0.004619737265
3,3503,0.004619737265
3,3504,0.004619737265
3,3505,0.004619737265
3,3506,0.004619737265
3,3507,0.004619737265
3,3508,0.004619737265
3,3509,0.004619737265
3,3510,0.004619737265
3,3511,0.004619737265
3,3512,0.004619737265
3,3513,0.004619737265
3,3514,0.004619737265
3,3515,0.004619737265
3,3516,0.004619737265
3,3517,0.004619737265
3,3518,0.004619737265
3,3519,0.004619737265
3,3520,0.004619737265
3,3521,0.004619737265
3,3522,0.004619737265
3,3523,0.004619737265
3,3524,0.004619737265
3,3525,0.004619737265
3,3526,0.004619737265
3,3527,0.004619737265
3,3528,0.004619737265
3,3529,0.004619737265
3,3530,0.004619737265
3,3531,0.004619737265
3,3532,0.004619737265
3,3533,0.004619737265
3,3534,0.004619737265
3,3535,0.004619737265
3,3536,0.004619737265
3,3537,0.004619737265
3,3538,0.004619737265
3,3539,0.004619737265
3,3540,0.004619737265
3,3541,0.004619737265
3,3542,0.004619737265
3,3543,0.004619737265
3,3544,0.004619737265
3,3545,0.004619737265
3,3546,0.004619737265
3,3547,0.004619737265
3,3548,0.004619737265
3,3549,0.004619737265
3,3550,0.004619737265
3,3551,0.004619737265
3,3552,0.004619737265
3,3553,0.004619737265
3,3554,0.004619737265
3,3555,0.004619737265
3,3556,0.004619737265
3,3557,0.004619737265
3,3558,0.004619737265
3,3559,0.004619737265
3,3560,0.004619737265
3,3561,0.004619737265
3,3562,0.004619737265
3,3563,0.004619737265
3,3564,0.004619737265
3,3565,0.004619737265
3,3566,0.004619737265
3,3567,0.004619737265
3,3568,0.004619737265
3,3569,0.004619737265
3,3570,0.004619737265
3,3571,0.004619737265
3,3572,0.004619737265
3,3573,0.004619737265
3,3574,0.004619737265
3,3575,0.004619737265
3,3576,0.004619737265
3,3577,0.004619737265
3,3578,0.004619737265
3,3579,0.004619737265
3,3580,0.004619737265
3,3581,0.004619737265
3,3582,0.004619737265
3,3583,0.004619737265
3,3584,0.004619737265
3,3585,0.004619737265
3,3586,0.004619737265
3,3587,0.004619737265
3,3588,0.004619737265
3,3589,0.004619737265
3,3590,0.004619737265
3,3591,0.004619737265
3,3592,0.004619737265
3,3593,0.004619737265
3,3594,0.004619737265
3,3595,0.004619737265
3,3596,0.004619737265
3,3597,0.004619737265
3,3598,0.004619737265
3,3599,0.004619737265
3,3600,0.004619737265
3,3601,0.004619737265
3,3602,0.004619737265
3,3603,0.004619737265
3,3604,0.004619737265
3,3605,0.004619737265
3,3606,0.004619737265
3,3607,0.004619737265
3,3608,0.004619737265
3,3609,0.004619737265
3,3610,0.004619737265
3,3611,0.004619737265
3,3612,0.004619737265
3,3613,0.004619737265
3,3614,0.004619737265
3,3615,0.004619737265
3,3616,0.004619737265
3,3617,0.004619737265
3,3618,0.004619737265
3,3619,0.004619737265
3,3620,0.004619737265
3,3621,0.004619737265
3,3622,0.004619737265
3,3623,0.004619737265
3,3624,0.004619737265
3,3625,0.004619737265
3,3626,0.004619737265
3,3627,0.004619737265
3,3628,0.004619737265
3,3629,0.004619737265
3,3630,0.004619737265
3,3631,0.004619737265
3,3632,0.004619737265
3,3633,0.004619737265
3,3634,0.004619737265
3,3635,0.004619737265
3,3636,0.004619737265
3,3637,0.004619737265
3,3638,0.004619737265
3,3639,0.004619737265
3,3640,0.004619737265
3,3641,0.004619737265
3,3642,0.004619737265
3,3643,0.004619737265
3,3644,0.004619737265
3,3645,0.004619737265
3,3646,0.004619737265
3,3647,0.004619737265
3,3648,0.004619737265
3,3649,0.004619737265
3,3650,0.004619737265
3,3651,0.004619737265
3,3652,0.004619737265
3,3653,0.004619737265
3,3654,0.004619737265
3,3655,0.004619737265
3,3656,0.004619737265
3,3657,0.004619737265
3,3658,0.004619737265
3,3659,0.004619737265
3,3660,0.004619737265
3,3661,0.004619737265
3,3662,0.004619737265
3,3663,0.004619737265
3,3664,0.004619737265
3,3665,0.004619737265
3,3666,0.004619737265
3,3667,0.004619737265
3,3668,0.004619737265
3,3669,0.004619737265
3,3670,0.004619737265
3,3671,0.004619737265
3,3672,0.004619737265
3,3673,0.004619737265
3,3674,0.004619737265
3,3675,0.004619737265
3,3676,0.004619737265
3,3677,0.004619737265
3,3678,0.004619737265
3,3679,0.004619737265
3,3680,0.004619737265
3,3681,0.004619737265
3,3682,0.004619737265
3,3683,0.004619737265
3,3684,0.004619737265
3,3685,0.004619737265
3,3686,0.004619737265
3,3687,0.004619737265
3,3688,0.004619737265
3,3689,0.004619737265
3,3690,0.004619737265
3,3691,0.004619737265
3,3692,0.004619737265
3,3693,0.004619737265
3,3694,0.004619737265
3,3695,0.004619737265
3,3696,0.004619737265
3,3697,0.004619737265
3,3698,0.004619737265
3,3699,0.004619737265
3,3700,0.004619737265
3,3701,0.004619737265
3,3702,0.004619737265
3,3703,0.004619737265
3,3704,0.004619737265
3,3705,0.004619737265
3,3706,0.004619737265
3,3707,0.004619737265
3,3708,0.004619737265
3,3709,0.004619737265
3,3710,0.004619737265
3,3711,0.004619737265
3,3712,0.004619737265
3,3713,0.004619737265
3,3714,0.004619737265
3,3715,0.004619737265
3,3716,0.004619737265
3,3717,0.004619737265
3,3718,0.004619737265
3,3719,0.004619737265
3,3720,0.004619737265
3,3721,0.004619737265
3,3722,0.004619737265
3,3723,0.004619737265
3,3724,0.004619737265
3,3725,0.004619737265
3,3726,0.004619737265
3,3727,0.004619737265
3,3728,0.004619737265
3,3729,0.004619737265
3,3730,0.004619737265
3,3731,0.004619737265
3,3732,0.004619737265
3,3733,0.004619737265
3,3734,0.004619737265
3,3735,0.004619737265
3,3736,0.004619737265
3,3737,0.004619737265
3,3738,0.004619737265
3,3739,0.004619737265
3,3740,0.004619737265
3,3741,0.004619737265
3,3742,0.004619737265
3,3743,0.004619737265
3,3744,0.004619737265
3,3745,0.004619737265
3,3746,0.004619737265
3,3747,0.004619737265
3,3748,0.004619737265
3,3749,0.004619737265
3,3750,0.004619737265
3,3751,0.004619737265
3,3752,0.004619737265
3,3753,0.004619737265
3,3754,0.004619737265
3,3755,0.004619737265
3,3756,0.004619737265
3,3757,0.004619737265
3,3758,0.004619737265
3,3759,0.004619737265
3,3760,0.004619737265
3,3761,0.004619737265
3,3762,0.004619737265
3,3763,0.004619737265
3,3764,0.004619737265
3,3765,0.004619737265
3,3766,0.004619737265
3,3767,0.004619737265
3,3768,0.004619737265
3,3769,0.004619737265
3,3770,0.004619737265
3,3771,0.004619737265
3,3772,0.004619737265
3,3773,0.004619737265
3,3774,0.004619737265
3,3775,0.004619737265
3,3776,0.004619737265
3,3777,0.004619737265
3,3778,0.004619737265
3,3779,0.004619737265
3,3780,0.004619737265
3,3781,0.004619737265
3,3782,0.004619737265
3,3783,0.004619737265
3,3784,0.004619737265
3,3785,0.004619737265
3,3786,0.004619737265
3,3787,0.004619737265
3,3788,0.004619737265
3,3789,0.004619737265
3,3790,0.004619737265
3,3791,0.004619737265
3,3792,0.004619737265
3,3793,0.004619737265
3,3794,0.004619737265
3,3795,0.004619737265
3,3796,0.004619737265
3,3797,0.004619737265
3,3798,0.004619737265
3,3799,0.004619737265
3,3800,0.004619737265
3,3801,0.004619737265
3,3802,0.004619737265
3,3803,0.004619737265
3,3804,0.004619737265
3,3805,0.004619737265
3,3806,0.004619737265
3,3807,0.004619737265
3,3808,0.004619737265
3,3809,0.004619737265
3,3810,0.004619737265
3,3811,0.004619737265
3,3812,0.004619737265
3,3813,0.004619737265
3,3814,0.004619737265
3,3815,0.004619737265
3,3816,0.004619737265
3,3817,0.004619737265
3,3818,0.004619737265
3,3819,0.004619737265
3,3820,0.004619737265
3,3821,0.004619737265
3,3822,0.004619737265
3,3823,0.004619737265
3,3824,0.004619737265
3,3825,0.004619737265
3,3826,0.004619737265
3,3827,0.004619737265
3,3828,0.004619737265
3,3829,0.004619737265
3,3830,0.004619737265
3,3831,0.004619737265
3,3832,0.004619737265
3,3833,0.004619737265
3,3834,0.004619737265
3,3835,0.004619737265
3,3836,0.004619737265
3,3837,0.004619737265
3,3838,0.004619737265
3,3839,0.004619737265
3,3840,0.004619737265
3,3841,0.004619737265
3,3842,0.004619737265
3,3843,0.004619737265
3,3844,0.004619737265
3,3845,0.004619737265
3,3846,0.004619737265
3,3847,0.004619737265
3,3848,0.004619737265
3,3849,0.004619737265
3,3850,0.004619737265
3,3851,0.004619737265
3,3852,0.004619737265
3,3853,0.004619737265
3,3854,0.004619737265
3,3855,0.004619737265
3,3856,0.004619737265
3,3857,0.004619737265
3,3858,0.004619737265
3,3859,0.004619737265
3,3860,0.004619737265
3,3861,0.004619737265
3,3862,0.004619737265
3,3863,0.004619737265
3,3864,0.004619737265
3,3865,0.004619737265
3,3866,0.004619737265
3,3867,0.004619737265
3,3868,0.004619737265
3,3869,0.004619737265
3,3870,0.004619737265
3,3871,0.004619737265
3,3872,0.004619737265
3,3873,0.004619737265
3,3874,0.004619737265
3,3875,0.004619737265
3,3876,0.004619737265
3,3877,0.004619737265
3,3878,0.004619737265
3,3879,0.004619737265
3,3880,0.004619737265
3,3881,0.004619737265
3,3882,0.004619737265
3,3883,0.004619737265
3,3884,0.004619737265
3,3885,0.004619737265
3,3886,0.004619737265
3,3887,0.004619737265
3,3888,0.004619737265
3,3889,0.004619737265
3,3890,0.004619737265
3,3891,0.004619737265
3,3892,0.004619737265
3,3893,0.004619737265
3,3894,0.004619737265
3,3895,0.004619737265
3,3896,0.004619737265
3,3897,0.004619737265
3,3898,0.004619737265
3,3899,0.004619737265
3,3900,0.004619737265
3,3901,0.004619737265
3,3902,0.004619737265
3,3903,0.004619737265
3,3904,0.004619737265
3,3905,0.004619737265
3,3906,0.004619737265
3,3907,0.004619737265
3,3908,0.004619737265
3,3909,0.004619737265
3,3910,0.004619737265
3,3911,0.004619737265
3,3912,0.004619737265
3,3913,0.004619737265
3,3914,0.004619737265
3,3915,0.004619737265
3,3916,0.004619737265
3,3917,0.004619737265
3,3918,0.004619737265
3,3919,0.004619737265
3,3920,0.004619737265
3,3921,0.004619737265
3,3922,0.004619737265
3,3923,0.004619737265
3,3924,0.004619737265
3,3925,0.004619737265
3,3926,0.004619737265
3,3927,0.004619737265
3,3928,0.004619737265
3,3929,0.004619737265
3,3930,0.004619737265
3,3931,0.004619737265
3,3932,0.004619737265
3,3933,0.004619737265
3,3934,0.004619737265
3,3935,0.004619737265
3,3936,0.004619737265
3,3937,0.004619737265
3,3938,0.004619737265
3,3939,0.004619737265
3,3940,0.004619737265
3,3941,0.004619737265
3,3942,0.004619737265
3,3943,0.004619737265
3,3944,0.004619737265
3,3945,0.004619737265
3,3946,0.004619737265
3,3947,0.004619737265
3,3948,0.004619737265
3,3949,0.004619737265
3,3950,0.004619737265
3,3951,0.004619737265
3,3952,0.004619737265
3,3953,0.004619737265
3,3954,0.004619737265
3,3955,0.004619737265
3,3956,0.004619737265
3,3957,0.004619737265
3,3958,0.004619737265
3,3959,0.004619737265
3,3960,0.004619737265
3,3961,0.004619737265
3,3962,0.004619737265
3,3963,0.004619737265
3,3964,0.004619737265
3,3965,0.004619737265
3,3966,0.004619737265
3,3967,0.004619737265
3,3968,0.004619737265
3,3969,0.004619737265
3,3970,0.004619737265
3,3971,0.004619737265
3,3972,0.004619737265
3,3973,0.004619737265
3,3974,0.004619737265
3,3975,0.004619737265
3,3976,0.004619737265
3,3977,0.004619737265
3,3978,0.004619737265
3,3979,0.004619737265
3,3980,0.004619737265
3,3981,0.004619737265
3,3982,0.004619737265
3,3983,0.004619737265
3,3984,0.004619737265
3,3985,0.004619737265
3,3986,0.004619737265
3,3987,0.004619737265
3,3988,0.004619737265
3,3989,0.004619737265
3,3990,0.004619737265
3,3991,0.004619737265
3,3992,0.004619737265
3,3993,0.004619737265
3,3994,0.004619737265
3,3995,0.004619737265
3,3996,0.004619737265
3,3997,0.004619737265
3,3998,0.004619737265
3,3999,0.004619737265
3,4000,0.004619737265
3,4001,0.004619737265
3,4002,0.004619737265
3,4003,0.004619737265
3,4004,0.004619737265
3,4005,0.004619737265
3,4006,0.004619737265
3,4007,0.004619737265
3,4008,0.004619737265
3,4009,0.004619737265
3,4010,0.004619737265
3,4011,0.004619737265
3,4012,0.004619737265
3,4013,0.004619737265
3,4014,0.004619737265
3,4015,0.004619737265
3,4016,0.004619737265
3,4017,0.004619737265
3,4018,0.004619737265
3,4019,0.004619737265
3,4020,0.004619737265
3,4021,0.004619737265
3,4022,0.004619737265
3,4023,0.004619737265
3,4024,0.004619737265
3,4025,0.004619737265
3,4026,0.004619737265
3,4027,0.004619737265
3,4028,0.004619737265
3,4029,0.004619737265
3,4030,0.004619737265
3,4031,0.004619737265
3,4032,0.004619737265
3,4033,0.004619737265
3,4034,0.004619737265
3,4035,0.004619737265
3,4036,0.004619737265
3,4037,0.004619737265
3,4038,0.004619737265
3,4039,0.004619737265
3,4040,0.004619737265
3,4041,0.004619737265
3,4042,0.004619737265
3,4043,0.004619737265
3,4044,0.004619737265
3,4045,0.004619737265
3,4046,0.004619737265
3,4047,0.004619737265
3,4048,0.004619737265
3,4049,0.004619737265
3,4050,0.004619737265
3,4051,0.004619737265
3,4052,0.004619737265
3,4053,0.004619737265
3,4054,0.004619737265
3,4055,0.004619737265
3,4056,0.004619737265
3,4057,0.004619737265
3,4058,0.004619737265
3,4059,0.004619737265
3,4060,0.004619737265
3,4061,0.004619737265
3,4062,0.004619737265
3,4063,0.004619737265
3,4064,0.004619737265
3,4065,0.004619737265
3,4066,0.004619737265
3,4067,0.004619737265
3,4068,0.004619737265
3,4069,0.004619737265
3,4070,0.004619737265
3,4071,0.004619737265
3,4072,0.004619737265
3,4073,0.004619737265
3,4074,0.004619737265
3,4075,0.004619737265
3,4076,0.004619737265
3,4077,0.004619737265
3,4078,0.004619737265
3,4079,0.004619737265
3,4080,0.004619737265
3,4081,0.004619737265
3,4082,0.004619737265
3,4083,0.004619737265
3,4084,0.004619737265
3,4085,0.004619737265
3,4086,0.004619737265
3,4087,0.004619737265
3,4088,0.004619737265
3,4089,0.004619737265
3,4090,0.004619737265
3,4091,0.004619737265
3,4092,0.004619737265
3,4093,0.004619737265
3,4094,0.004619737265
3,4095,0.004619737265
3,4096,0.004619737265
3,4097,0.004619737265
3,4098,0.004619737265
3,4099,0.004619737265
3,4100,0.004619737265
3,4101,0.004619737265
3,4102,0.004619737265
3,4103,0.004619737265
3,4104,0.004619737265
3,4105,0.004619737265
3,4106,0.004619737265
3,4107,0.004619737265
3,4108,0.004619737265
3,4109,0.004619737265
3,4110,0.004619737265
3,4111,0.004619737265
3,4112,0.004619737265
3,4113,0.004619737265
3,4114,0.004619737265
3,4115,0.004619737265
3,4116,0.004619737265
3,4117,0.004619737265
3,4118,0.004619737265
3,4119,0.004619737265
3,4120,0.004619737265
3,4121,0.004619737265
3,4122,0.004619737265
3,4123,0.004619737265
3,4124,0.004619737265
3,4125,0.004619737265
3,4126,0.004619737265
3,4127,0.004619737265
3,4128,0.004619737265
3,4129,0.004619737265
3,4130,0.004619737265
3,4131,0.004619737265
3,4132,0.004619737265
3,4133,0.004619737265
3,4134,0.004619737265
3,4135,0.004619737265
3,4136,0.004619737265
3,4137,0.004619737265
3,4138,0.004619737265
3,4139,0.004619737265
3,4140,0.004619737265
3,4141,0.004619737265
3,4142,0.004619737265
3,4143,0.004619737265
3,4144,0.004619737265
3,4145,0.004619737265
3,4146,0.004619737265
3,4147,0.004619737265
3,4148,0.004619737265
3,4149,0.004619737265
3,4150,0.004619737265
3,4151,0.004619737265
3,4152,0.004619737265
3,4153,0.004619737265
3,4154,0.004619737265
3,4155,0.004619737265
3,4156,0.004619737265
3,4157,0.004619737265
3,4158,0.004619737265
3,4159,0.004619737265
3,4160,0.004619737265
3,4161,0.004619737265
3,4162,0.004619737265
3,4163,0.004619737265
3,4164,0.004619737265
3,4165,0.004619737265
3,4166,0.004619737265
3,4167,0.004619737265
3,4168,0.004619737265
3,4169,0.004619737265
3,4170,0.004619737265
3,4171,0.004619737265
3,4172,0.004619737265
3,4173,0.004619737265
3,4174,0.004619737265
3,4175,0.004619737265
3,4176,0.004619737265
3,4177,0.004619737265
3,4178,0.004619737265
3,4179,0.004619737265
3,4180,0.004619737265
3,4181,0.004619737265
3,4182,0.004619737265
3,4183,0.004619737265
3,4184,0.004619737265
3,4185,0.004619737265
3,4186,0.004619737265
3,4187,0.004619737265
3,4188,0.004619737265
3,4189,0.004619737265
3,4190,0.004619737265
3,4191,0.004619737265
3,4192,0.004619737265
3,4193,0.004619737265
3,4194,0.004619737265
3,4195,0.004619737265
3,4196,0.004619737265
3,4197,0.004619737265
3,4198,0.004619737265
3,4199,0.004619737265
3,4200,0.004619737265
3,4201,0.004619737265
3,4202,0.004619737265
3,4203,0.004619737265
3,4204,0.004619737265
3,4205,0.004619737265
3,4206,0.004619737265
3,4207,0.004619737265
3,4208,0.004619737265
3,4209,0.004619737265
3,4210,0.004619737265
3,4211,0.004619737265
3,4212,0.004619737265
3,4213,0.004619737265
3,4214,0.004619737265
3,4215,0.004619737265
3,4216,0.004619737265
3,4217,0.004619737265
3,4218,0.004619737265
3,4219,0.004619737265
3,4220,0.004619737265
3,4221,0.004619737265
3,4222,0.004619737265
3,4223,0.004619737265
3,4224,0.004619737265
3,4225,0.004619737265
3,4226,0.004619737265
3,4227,0.004619737265
3,4228,0.004619737265
3,4229,0.004619737265
3,4230,0.004619737265
3,4231,0.004619737265
3,4232,0.004619737265
3,4233,0.004619737265
3,4234,0.004619737265
3,4235,0.004619737265
3,4236,0.004619737265
3,4237,0.004619737265
3,4238,0.004619737265
3,4239,0.004619737265
3,4240,0.004619737265
3,4241,0.004619737265
3,4242,0.004619737265
3,4243,0.004619737265
3,4244,0.004619737265
3,4245,0.004619737265
3,4246,0.004619737265
3,4247,0.004619737265
3,4248,0.004619737265
3,4249,0.004619737265
3,4250,0.004619737265
3,4251,0.004619737265
3,4252,0.004619737265
3,4253,0.004619737265
3,4254,0.004619737265
3,4255,0.004619737265
3,4256,0.004619737265
3,4257,0.004619737265
3,4258,0.004619737265
3,4259,0.004619737265
3,4260,0.004619737265
3,4261,0.004619737265
3,4262,0.004619737265
3,4263,0.004619737265
3,4264,0.004619737265
3,4265,0.004619737265
3,4266,0.004619737265
3,4267,0.004619737265
3,4268,0.004619737265
3,4269,0.004619737265
3,4270,0.004619737265
3,4271,0.004619737265
3,4272,0.004619737265
3,4273,0.004619737265
3,4274,0.004619737265
3,4275,0.004619737265
3,4276,0.004619737265
3,4277,0.004619737265
3,4278,0.004619737265
3,4279,0.004619737265
3,4280,0.004619737265
3,4281,0.004619737265
3,4282,0.004619737265
3,4283,0.004619737265
3,4284,0.004619737265
3,4285,0.004619737265
3,4286,0.004619737265
3,4287,0.004619737265
3,4288,0.004619737265
3,4289,0.004619737265
3,4290,0.004619737265
3,4291,0.004619737265
3,4292,0.004619737265
3,4293,0.004619737265
3,4294,0.004619737265
3,4295,0.004619737265
3,4296,0.004619737265
3,4297,0.004619737265
3,4298,0.004619737265
3,4299,0.004619737265
3,4300,0.004619737265
3,4301,0.004619737265
3,4302,0.004619737265
3,4303,0.004619737265
3,4304,0.004619737265
3,4305,0.004619737265
3,4306,0.004619737265
3,4307,0.004619737265
3,4308,0.004619737265
3,4309,0.004619737265
3,4310,0.004619737265
3,4311,0.004619737265
3,4312,0.004619737265
3,4313,0.004619737265
3,4314,0.004619737265
3,4315,0.004619737265
3,4316,0.004619737265
3,4317,0.004619737265
3,4318,0.004619737265
3,4319,0.004619737265
3,4320,0.004619737265
3,4321,0.004619737265
3,4322,0.004619737265
3,4323,0.004619737265
3,4324,0.004619737265
3,4325,0.004619737265
3,4326,0.004619737265
3,4327,0.004619737265
3,4328,0.004619737265
3,4329,0.004619737265
3,4330,0.004619737265
3,4331,0.004619737265
3,4332,0.004619737265
3,4333,0.004619737265
3,4334,0.004619737265
3,4335,0.004619737265
3,4336,0.004619737265
3,4337,0.004619737265
3,4338,0.004619737265
3,4339,0.004619737265
3,4340,0.004619737265
3,4341,0.004619737265
3,4342,0.004619737265
3,4343,0.004619737265
3,4344,0.004619737265
3,4345,0.004619737265
3,4346,0.004619737265
3,4347,0.004619737265
3,4348,0.004619737265
3,4349,0.004619737265
3,4350,0.004619737265
3,4351,0.004619737265
3,4352,0.004619737265
3,4353,0.004619737265
3,4354,0.004619737265
3,4355,0.004619737265
3,4356,0.004619737265
3,4357,0.004619737265
3,4358,0.004619737265
3,4359,0.004619737265
3,4360,0.004619737265
3,4361,0.004619737265
3,4362,0.004619737265
3,4363,0.004619737265
3,4364,0.004619737265
3,4365,0.004619737265
3,4366,0.004619737265
3,4367,0.004619737265
3,4368,0.004619737265
3,4369,0.004619737265
3,4370,0.004619737265
3,4371,0.004619737265
3,4372,0.004619737265
3,4373,0.004619737265
3,4374,0.004619737265
3,4375,0.004619737265
3,4376,0.004619737265
3,4377,0.004619737265
3,4378,0.004619737265
3,4379,0.004619737265
3,4380,0.004619737265
3,4381,0.004619737265
3,4382,0.004619737265
3,4383,0.004619737265
3,4384,0.004619737265
3,4385,0.004619737265
3,4386,0.004619737265
3,4387,0.004619737265
3,4388,0.004619737265
3,4389,0.004619737265
3,4390,0.004619737265
3,4391,0.004619737265
3,4392,0.004619737265
3,4393,0.004619737265
3,4394,0.004619737265
3,4395,0.004619737265
3,4396,0.004619737265
3,4397,0.004619737265
3,4398,0.004619737265
3,4399,0.004619737265
3,4400,0.004619737265
3,4401,0.004619737265
3,4402,0.004619737265
3,4403,0.004619737265
3,4404,0.004619737265
3,4405,0.004619737265
3,4406,0.004619737265
3,4407,0.004619737265
3,4408,0.004619737265
3,4409,0.004619737265
3,4410,0.004619737265
3,4411,0.004619737265
3,4412,0.004619737265
3,4413,0.004619737265
3,4414,0.004619737265
3,4415,0.004619737265
3,4416,0.004619737265
3,4417,0.004619737265
3,4418,0.004619737265
3,4419,0.004619737265
3,4420,0.004619737265
3,4421,0.004619737265
3,4422,0.004619737265
3,4423,0.004619737265
3,4424,0.004619737265
3,4425,0.004619737265
3,4426,0.004619737265
3,4427,0.004619737265
3,4428,0.004619737265
3,4429,0.004619737265
3,4430,0.004619737265
3,4431,0.004619737265
3,4432,0.004619737265
3,4433,0.004619737265
3,4434,0.004619737265
3,4435,0.004619737265
3,4436,0.004619737265
3,4437,0.004619737265
3,4438,0.004619737265
3,4439,0.004619737265
3,4440,0.004619737265
3,4441,0.004619737265
3,4442,0.004619737265
3,4443,0.004619737265
3,4444,0.004619737265
3,4445,0.004619737265
3,4446,0.004619737265
3,4447,0.004619737265
3,4448,0.004619737265
3,4449,0.004619737265
3,4450,0.004619737265
3,4451,0.004619737265
3,4452,0.004619737265
3,4453,0.004619737265
3,4454,0.004619737265
3,4455,0.004619737265
3,4456,0.004619737265
3,4457,0.004619737265
3,4458,0.004619737265
3,4459,0.004619737265
3,4460,0.004619737265
3,4461,0.004619737265
3,4462,0.004619737265
3,4463,0.004619737265
3,4464,0.004619737265
3,4465,0.004619737265
3,4466,0.004619737265
3,4467,0.004619737265
3,4468,0.004619737265
3,4469,0.004619737265
3,4470,0.004619737265
3,4471,0.004619737265
3,4472,0.004619737265
3,4473,0.004619737265
3,4474,0.004619737265
3,4475,0.004619737265
3,4476,0.004619737265
3,4477,0.004619737265
3,4478,0.004619737265
3,4479,0.004619737265
3,4480,0.004619737265
3,4481,0.004619737265
3,4482,0.004619737265
3,4483,0.004619737265
3,4484,0.004619737265
3,4485,0.004619737265
3,4486,0.004619737265
3,4487,0.004619737265
3,4488,0.004619737265
3,4489,0.004619737265
3,4490,0.004619737265
3,4491,0.004619737265
3,4492,0.004619737265
3,4493,0.004619737265
3,4494,0.004619737265
3,4495,0.004619737265
3,4496,0.004619737265
3,4497,0.004619737265
3,4498,0.004619737265
3,4499,0.004619737265
3,4500,0.004619737265
3,4501,0.004619737265
3,4502,0.004619737265
3,4503,0.004619737265
3,4504,0.004619737265
3,4505,0.004619737265
3,4506,0.004619737265
3,4507,0.004619737265
3,4508,0.004619737265
3,4509,0.004619737265
3,4510,0.004619737265
3,4511,0.004619737265
3,4512,0.004619737265
3,4513,0.004619737265
3,4514,0.004619737265
3,4515,0.004619737265
3,4516,0.004619737265
3,4517,0.004619737265
3,4518,0.004619737265
3,4519,0.004619737265
3,4520,0.004619737265
3,4521,0.004619737265
3,4522,0.004619737265
3,4523,0.004619737265
3,4524,0.004619737265
3,4525,0.004619737265
3,4526,0.004619737265
3,4527,0.004619737265
3,4528,0.004619737265
3,4529,0.004619737265
3,4530,0.004619737265
3,4531,0.004619737265
3,4532,0.004619737265
3,4533,0.004619737265
3,4534,0.004619737265
3,4535,0.004619737265
3,4536,0.004619737265
3,4537,0.004619737265
3,4538,0.004619737265
3,4539,0.004619737265
3,4540,0.004619737265
3,4541,0.004619737265
3,4542,0.004619737265
3,4543,0.004619737265
3,4544,0.004619737265
3,4545,0.004619737265
3,4546,0.004619737265
3,4547,0.004619737265
3,4548,0.004619737265
3,4549,0.004619737265
3,4550,0.004619737265
3,4551,0.004619737265
3,4552,0.004619737265
3,4553,0.004619737265
3,4554,0.004619737265
3,4555,0.004619737265
3,4556,0.004619737265
3,4557,0.004619737265
3,4558,0.004619737265
3,4559,0.004619737265
3,4560,0.004619737265
3,4561,0.004619737265
3,4562,0.004619737265
3,4563,0.004619737265
3,4564,0.004619737265
3,4565,0.004619737265
3,4566,0.004619737265
3,4567,0.004619737265
3,4568,0.004619737265
3,4569,0.004619737265
3,4570,0.004619737265
3,4571,0.004619737265
3,4572,0.004619737265
3,4573,0.004619737265
3,4574,0.004619737265
3,4575,0.004619737265
3,4576,0.004619737265
3,4577,0.004619737265
3,4578,0.004619737265
3,4579,0.004619737265
3,4580,0.004619737265
3,4581,0.004619737265
3,4582,0.004619737265
3,4583,0.004619737265
3,4584,0.004619737265
3,4585,0.004619737265
3,4586,0.004619737265
3,4587,0.004619737265
3,4588,0.004619737265
3,4589,0.004619737265
3,4590,0.004619737265
3,4591,0.004619737265
3,4592,0.004619737265
3,4593,0.004619737265
3,4594,0.004619737265
3,4595,0.004619737265
3,4596,0.004619737265
3,4597,0.004619737265
3,4598,0.004619737265
3,4599,0.004619737265
3,4600,0.004619737265
3,4601,0.004619737265
3,4602,0.004619737265
3,4603,0.004619737265
3,4604,0.004619737265
3,4605,0.004619737265
3,4606,0.004619737265
3,4607,0.004619737265
3,4608,0.004619737265
3,4609,0.004619737265
3,4610,0.004619737265
3,4611,0.004619737265
3,4612,0.004619737265
3,4613,0.004619737265
3,4614,0.004619737265
3,4615,0.004619737265
3,4616,0.004619737265
3,4617,0.004619737265
3,4618,0.004619737265
3,4619,0.004619737265
3,4620,0.004619737265
3,4621,0.004619737265
3,4622,0.004619737265
3,4623,0.004619737265
3,4624,0.004619737265
3,4625,0.004619737265
3,4626,0.004619737265
3,4627,0.004619737265
3,4628,0.004619737265
3,4629,0.004619737265
3,4630,0.004619737265
3,4631,0.004619737265
3,4632,0.004619737265
3,4633,0.004619737265
3,4634,0.004619737265
3,4635,0.004619737265
3,4636,0.004619737265
3,4637,0.004619737265
3,4638,0.004619737265
3,4639,0.004619737265
3,4640,0.004619737265
3,4641,0.004619737265
3,4642,0.004619737265
3,4643,0.004619737265
3,4644,0.004619737265
3,4645,0.004619737265
3,4646,0.004619737265
3,4647,0.004619737265
3,4648,0.004619737265
3,4649,0.004619737265
3,4650,0.004619737265
3,4651,0.004619737265
3,4652,0.004619737265
3,4653,0.004619737265
3,4654,0.004619737265
3,4655,0.004619737265
3,4656,0.004619737265
3,4657,0.004619737265
3,4658,0.004619737265
3,4659,0.004619737265
3,4660,0.004619737265
3,4661,0.004619737265
3,4662,0.004619737265
3,4663,0.004619737265
3,4664,0.004619737265
3,4665,0.004619737265
3,4666,0.004619737265
3,4667,0.004619737265
3,4668,0.004619737265
3,4669,0.004619737265
3,4670,0.004619737265
3,4671,0.004619737265
3,4672,0.004619737265
3,4673,0.004619737265
3,4674,0.004619737265
3,4675,0.004619737265
3,4676,0.004619737265
3,4677,0.004619737265
3,4678,0.004619737265
3,4679,0.004619737265
3,4680,0.004619737265
3,4681,0.004619737265
3,4682,0.004619737265
3,4683,0.004619737265
3,4684,0.004619737265
3,4685,0.004619737265
3,4686,0.004619737265
3,4687,0.004619737265
3,4688,0.004619737265
3,4689,0.004619737265
3,4690,0.004619737265
3,4691,0.004619737265
3,4692,0.004619737265
3,4693,0.004619737265
3,4694,0.004619737265
3,4695,0.004619737265
3,4696,0.004619737265
3,4697,0.004619737265
3,4698,0.004619737265
3,4699,0.004619737265
3,4700,0.004619737265
3,4701,0.004619737265
3,4702,0.004619737265
3,4703,0.004619737265
3,4704,0.004619737265
3,4705,0.004619737265
3,4706,0.004619737265
3,4707,0.004619737265
3,4708,0.004619737265
3,4709,0.004619737265
3,4710,0.004619737265
3,4711,0.004619737265
3,4712,0.004619737265
3,4713,0.004619737265
3,4714,0.004619737265
3,4715,0.004619737265
3,4716,0.004619737265
3,4717,0.004619737265
3,4718,0.004619737265
3,4719,0.004619737265
3,4720,0.004619737265
3,4721,0.004619737265
3,4722,0.004619737265
3,4723,0.004619737265
3,4724,0.004619737265
3,4725,0.004619737265
3,4726,0.004619737265
3,4727,0.004619737265
3,4728,0.004619737265
3,4729,0.004619737265
3,4730,0.004619737265
3,4731,0.004619737265
3,4732,0.004619737265
3,4733,0.004619737265
3,4734,0.004619737265
3,4735,0.004619737265
3,4736,0.004619737265
3,4737,0.004619737265
3,4738,0.004619737265
3,4739,0.004619737265
3,4740,0.004619737265
3,4741,0.004619737265
3,4742,0.004619737265
3,4743,0.004619737265
3,4744,0.004619737265
3,4745,0.004619737265
3,4746,0.004619737265
3,4747,0.004619737265
3,4748,0.004619737265
3,4749,0.004619737265
3,4750,0.004619737265
3,4751,0.004619737265
3,4752,0.004619737265
3,4753,0.004619737265
3,4754,0.004619737265
3,4755,0.004619737265
3,4756,0.004619737265
3,4757,0.004619737265
3,4758,0.004619737265
3,4759,0.004619737265
3,4760,0.004619737265
3,4761,0.004619737265
3,4762,0.004619737265
3,4763,0.004619737265
3,4764,0.004619737265
3,4765,0.004619737265
3,4766,0.004619737265
3,4767,0.004619737265
3,4768,0.004619737265
3,4769,0.004619737265
3,4770,0.004619737265
3,4771,0.004619737265
3,4772,0.004619737265
3,4773,0.004619737265
3,4774,0.004619737265
3,4775,0.004619737265
3,4776,0.004619737265
3,4777,0.004619737265
3,4778,0.004619737265
3,4779,0.004619737265
3,4780,0.004619737265
3,4781,0.004619737265
3,4782,0.004619737265
3,4783,0.004619737265
3,4784,0.004619737265
3,4785,0.004619737265
3,4786,0.004619737265
3,4787,0.004619737265
3,4788,0.004619737265
3,4789,0.004619737265
3,4790,0.004619737265
3,4791,0.004619737265
3,4792,0.004619737265
3,4793,0.004619737265
3,4794,0.004619737265
3,4795,0.004619737265
3,4796,0.004619737265
3,4797,0.004619737265
3,4798,0.004619737265
3,4799,0.004619737265
3,4800,0.004619737265
3,4801,0.004619737265
3,4802,0.004619737265
3,4803,0.004619737265
3,4804,0.004619737265
3,4805,0.004619737265
3,4806,0.004619737265
3,4807,0.004619737265
3,4808,0.004619737265
3,4809,0.004619737265
3,4810,0.004619737265
3,4811,0.004619737265
3,4812,0.004619737265
3,4813,0.004619737265
3,4814,0.004619737265
3,4815,0.004619737265
3,4816,0.004619737265
3,4817,0.004619737265
3,4818,0.004619737265
3,4819,0.004619737265
3,4820,0.004619737265
3,4821,0.004619737265
3,4822,0.004619737265
3,4823,0.004619737265
3,4824,0.004619737265
3,4825,0.004619737265
3,4826,0.004619737265
3,4827,0.004619737265
3,4828,0.004619737265
3,4829,0.004619737265
3,4830,0.004619737265
3,4831,0.004619737265
3,4832,0.004619737265
3,4833,0.004619737265
3,4834,0.004619737265
3,4835,0.004619737265
3,4836,0.004619737265
3,4837,0.004619737265
3,4838,0.004619737265
3,4839,0.004619737265
3,4840,0.004619737265
3,4841,0.004619737265
3,4842,0.004619737265
3,4843,0.004619737265
3,4844,0.004619737265
3,4845,0.004619737265
3,4846,0.004619737265
3,4847,0.004619737265
3,4848,0.004619737265
3,4849,0.004619737265
3,4850,0.004619737265
3,4851,0.004619737265
3,4852,0.004619737265
3,4853,0.004619737265
3,4854,0.004619737265
3,4855,0.004619737265
3,4856,0.004619737265
3,4857,0.004619737265
3,4858,0.004619737265
3,4859,0.004619737265
3,4860,0.004619737265
3,4861,0.004619737265
3,4862,0.004619737265
3,4863,0.004619737265
3,4864,0.004619737265
3,4865,0.004619737265
3,4866,0.004619737265
3,4867,0.004619737265
3,4868,0.004619737265
3,4869,0.004619737265
3,4870,0.004619737265
3,4871,0.004619737265
3,4872,0.004619737265
3,4873,0.004619737265
3,4874,0.004619737265
3,4875,0.004619737265
3,4876,0.004619737265
3,4877,0.004619737265
3,4878,0.004619737265
3,4879,0.004619737265
3,4880,0.004619737265
3,4881,0.004619737265
3,4882,0.004619737265
3,4883,0.004619737265
3,4884,0.004619737265
3,4885,0.004619737265
3,4886,0.004619737265
3,4887,0.004619737265
3,4888,0.004619737265
3,4889,0.004619737265
3,4890,0.004619737265
3,4891,0.004619737265
3,4892,0.004619737265
3,4893,0.004619737265
3,4894,0.004619737265
3,4895,0.004619737265
3,4896,0.004619737265
3,4897,0.004619737265
3,4898,0.004619737265
3,4899,0.004619737265
3,4900,0.004619737265
3,4901,0.004619737265
3,4902,0.004619737265
3,4903,0.004619737265
3,4904,0.004619737265
3,4905,0.004619737265
3,4906,0.004619737265
3,4907,0.004619737265
3,4908,0.004619737265
3,4909,0.004619737265
3,4910,0.004619737265
3,4911,0.004619737265
3,4912,0.004619737265
3,4913,0.004619737265
3,4914,0.004619737265
3,4915,0.004619737265
3,4916,0.004619737265
3,4917,0.004619737265
3,4918,0.004619737265
3,4919,0.004619737265
3,4920,0.004619737265
3,4921,0.004619737265
3,4922,0.004619737265
3,4923,0.004619737265
3,4924,0.004619737265
3,4925,0.004619737265
3,4926,0.004619737265
3,4927,0.004619737265
3,4928,0.004619737265
3,4929,0.004619737265
3,4930,0.004619737265
3,4931,0.004619737265
3,4932,0.004619737265
3,4933,0.004619737265
3,4934,0.004619737265
3,4935,0.004619737265
3,4936,0.004619737265
3,4937,0.004619737265
3,4938,0.004619737265
3,4939,0.004619737265
3,4940,0.004619737265
3,4941,0.004619737265
3,4942,0.004619737265
3,4943,0.004619737265
3,4944,0.004619737265
3,4945,0.004619737265
3,4946,0.004619737265
3,4947,0.004619737265
3,4948,0.004619737265
3,4949,0.004619737265
3,4950,0.004619737265
3,4951,0.004619737265
3,4952,0.004619737265
3,4953,0.004619737265
3,4954,0.004619737265
3,4955,0.004619737265
3,4956,0.004619737265
3,4957,0.004619737265
3,4958,0.004619737265
3,4959,0.004619737265
3,4960,0.004619737265
3,4961,0.004619737265
3,4962,0.004619737265
3,4963,0.004619737265
3,4964,0.004619737265
3,4965,0.004619737265
3,4966,0.004619737265
3,4967,0.004619737265
3,4968,0.004619737265
3,4969,0.004619737265
3,4970,0.004619737265
3,4971,0.004619737265
3,4972,0.004619737265
3,4973,0.004619737265
3,4974,0.004619737265
3,4975,0.004619737265
3,4976,0.004619737265
3,4977,0.004619737265
3,4978,0.004619737265
3,4979,0.004619737265
3,4980,0.004619737265
3,4981,0.004619737265
3,4982,0.004619737265
3,4983,0.004619737265
3,4984,0.004619737265
3,4985,0.004619737265
3,4986,0.004619737265
3,4987,0.004619737265
3,4988,0.004619737265
3,4989,0.004619737265
3,4990,0.004619737265
3,4991,0.004619737265
3,4992,0.004619737265
3,4993,0.004619737265
3,4994,0.004619737265
3,4995,0.004619737265
3,4996,0.004619737265
3,4997,0.004619737265
3,4998,0.004619737265
3,4999,0.004619737265
3,5000,0.004619737265
3,5001,0.004619737265
3,5002,0.004619737265
3,5003,0.004619737265
3,5004,0.004619737265
3,5005,0.004619737265
3,5006,0.004619737265
3,5007,0.004619737265
3,5008,0.004619737265
3,5009,0.004619737265
3,5010,0.004619737265
3,5011,0.004619737265
3,5012,0.004619737265
3,5013,0.004619737265
3,5014,0.004619737265
3,5015,0.004619737265
3,5016,0.004619737265
3,5017,0.004619737265
3,5018,0.004619737265
3,5019,0.004619737265
3,5020,0.004619737265
3,5021,0.004619737265
3,5022,0.004619737265
3,5023,0.004619737265
3,5024,0.004619737265
3,5025,0.004619737265
3,5026,0.004619737265
3,5027,0.004619737265
3,5028,0.004619737265
3,5029,0.004619737265
3,5030,0.004619737265
3,5031,0.004619737265
3,5032,0.004619737265
3,5033,0.004619737265
3,5034,0.004619737265
3,5035,0.004619737265
3,5036,0.004619737265
3,5037,0.004619737265
3,5038,0.004619737265
3,5039,0.004619737265
3,5040,0.004619737265
3,5041,0.004619737265
3,5042,0.004619737265
3,5043,0.004619737265
3,5044,0.004619737265
3,5045,0.004619737265
3,5046,0.004619737265
3,5047,0.004619737265
3,5048,0.004619737265
3,5049,0.004619737265
3,5050,0.004619737265
3,5051,0.004619737265
3,5052,0.004619737265
3,5053,0.004619737265
3,5054,0.004619737265
3,5055,0.004619737265
3,5056,0.004619737265
3,5057,0.004619737265
3,5058,0.004619737265
3,5059,0.004619737265
3,5060,0.004619737265
3,5061,0.004619737265
3,5062,0.004619737265
3,5063,0.004619737265
3,5064,0.004619737265
3,5065,0.004619737265
3,5066,0.004619737265
3,5067,0.004619737265
3,5068,0.004619737265
3,5069,0.004619737265
3,5070,0.004619737265
3,5071,0.004619737265
3,5072,0.004619737265
3,5073,0.004619737265
3,5074,0.004619737265
3,5075,0.004619737265
3,5076,0.004619737265
3,5077,0.004619737265
3,5078,0.004619737265
3,5079,0.004619737265
3,5080,0.004619737265
3,5081,0.004619737265
3,5082,0.004619737265
3,5083,0.004619737265
3,5084,0.004619737265
3,5085,0.004619737265
3,5086,0.004619737265
3,5087,0.004619737265
3,5088,0.004619737265
3,5089,0.004619737265
3,5090,0.004619737265
3,5091,0.004619737265
3,5092,0.004619737265
3,5093,0.004619737265
3,5094,0.004619737265
3,5095,0.004619737265
3,5096,0.004619737265
3,5097,0.004619737265
3,5098,0.004619737265
3,5099,0.004619737265
3,5100,0.004619737265
3,5101,0.004619737265
3,5102,0.004619737265
3,5103,0.004619737265
3,5104,0.004619737265
3,5105,0.004619737265
3,5106,0.004619737265
3,5107,0.004619737265
3,5108,0.004619737265
3,5109,0.004619737265
3,5110,0.004619737265
3,5111,0.004619737265
3,5112,0.004619737265
3,5113,0.004619737265
3,5114,0.004619737265
3,5115,0.004619737265
3,5116,0.004619737265
3,5117,0.004619737265
3,5118,0.004619737265
3,5119,0.004619737265
3,5120,0.004619737265
3,5121,0.004619737265
3,5122,0.004619737265
3,5123,0.004619737265
3,5124,0.004619737265
3,5125,0.004619737265
3,5126,0.004619737265
3,5127,0.004619737265
3,5128,0.004619737265
3,5129,0.004619737265
3,5130,0.004619737265
3,5131,0.004619737265
3,5132,0.004619737265
3,5133,0.004619737265
3,5134,0.004619737265
3,5135,0.004619737265
3,5136,0.004619737265
3,5137,0.004619737265
3,5138,0.004619737265
3,5139,0.004619737265
3,5140,0.004619737265
3,5141,0.004619737265
3,5142,0.004619737265
3,5143,0.004619737265
3,5144,0.004619737265
3,5145,0.004619737265
3,5146,0.004619737265
3,5147,0.004619737265
3,5148,0.004619737265
3,5149,0.004619737265
3,5150,0.004619737265
3,5151,0.004619737265
3,5152,0.004619737265
3,5153,0.004619737265
3,5154,0.004619737265
3,5155,0.004619737265
3,5156,0.004619737265
3,5157,0.004619737265
3,5158,0.004619737265
3,5159,0.004619737265
3,5160,0.004619737265
3,5161,0.004619737265
3,5162,0.004619737265
3,5163,0.004619737265
3,5164,0.004619737265
3,5165,0.004619737265
3,5166,0.004619737265
3,5167,0.004619737265
3,5168,0.004619737265
3,5169,0.004619737265
3,5170,0.004619737265
3,5171,0.004619737265
3,5172,0.004619737265
3,5173,0.004619737265
3,5174,0.004619737265
3,5175,0.004619737265
3,5176,0.004619737265
3,5177,0.004619737265
3,5178,0.004619737265
3,5179,0.004619737265
3,5180,0.004619737265
3,5181,0.004619737265
3,5182,0.004619737265
3,5183,0.004619737265
3,5184,0.004619737265
3,5185,0.004619737265
3,5186,0.004619737265
3,5187,0.004619737265
3,5188,0.004619737265
3,5189,0.004619737265
3,5190,0.004619737265
3,5191,0.004619737265
3,5192,0.004619737265
3,5193,0.004619737265
3,5194,0.004619737265
3,5195,0.004619737265
3,5196,0.004619737265
3,5197,0.004619737265
3,5198,0.004619737265
3,5199,0.004619737265
3,5200,0.004619737265
3,5201,0.004619737265
3,5202,0.004619737265
3,5203,0.004619737265
3,5204,0.004619737265
3,5205,0.004619737265
3,5206,0.004619737265
3,5207,0.004619737265
3,5208,0.004619737265
3,5209,0.004619737265
3,5210,0.004619737265
3,5211,0.004619737265
3,5212,0.004619737265
3,5213,0.004619737265
3,5214,0.004619737265
3,5215,0.004619737265
3,5216,0.004619737265
3,5217,0.004619737265
3,5218,0.004619737265
3,5219,0.004619737265
3,5220,0.004619737265
3,5221,0.004619737265
3,5222,0.004619737265
3,5223,0.004619737265
3,5224,0.004619737265
3,5225,0.004619737265
3,5226,0.004619737265
3,5227,0.004619737265
3,5228,0.004619737265
3,5229,0.004619737265
3,5230,0.004619737265
3,5231,0.004619737265
3,5232,0.004619737265
3,5233,0.004619737265
3,5234,0.004619737265
3,5235,0.004619737265
3,5236,0.004619737265
3,5237,0.004619737265
3,5238,0.004619737265
3,5239,0.004619737265
3,5240,0.004619737265
3,5241,0.004619737265
3,5242,0.004619737265
3,5243,0.004619737265
3,5244,0.004619737265
3,5245,0.004619737265
3,5246,0.004619737265
3,5247,0.004619737265
3,5248,0.004619737265
3,5249,0.004619737265
3,5250,0.004619737265
3,5251,0.004619737265
3,5252,0.004619737265
3,5253,0.004619737265
3,5254,0.004619737265
3,5255,0.004619737265
3,5256,0.004619737265
3,5257,0.004619737265
3,5258,0.004619737265
3,5259,0.004619737265
3,5260,0.004619737265
3,5261,0.004619737265
3,5262,0.004619737265
3,5263,0.004619737265
3,5264,0.004619737265
3,5265,0.004619737265
3,5266,0.004619737265
3,5267,0.004619737265
3,5268,0.004619737265
3,5269,0.004619737265
3,5270,0.004619737265
3,5271,0.004619737265
3,5272,0.004619737265
3,5273,0.004619737265
3,5274,0.004619737265
3,5275,0.004619737265
3,5276,0.004619737265
3,5277,0.004619737265
3,5278,0.004619737265
3,5279,0.004619737265
3,5280,0.004619737265
3,5281,0.004619737265
3,5282,0.004619737265
3,5283,0.004619737265
3,5284,0.004619737265
3,5285,0.004619737265
3,5286,0.004619737265
3,5287,0.004619737265
3,5288,0.004619737265
3,5289,0.004619737265
3,5290,0.004619737265
3,5291,0.004619737265
3,5292,0.004619737265
3,5293,0.004619737265
3,5294,0.004619737265
3,5295,0.004619737265
3,5296,0.004619737265
3,5297,0.004619737265
3,5298,0.004619737265
3,5299,0.004619737265
3,5300,0.004619737265
3,5301,0.004619737265
3,5302,0.004619737265
3,5303,0.004619737265
3,5304,0.004619737265
3,5305,0.004619737265
3,5306,0.004619737265
3,5307,0.004619737265
3,5308,0.004619737265
3,5309,0.004619737265
3,5310,0.004619737265
3,5311,0.004619737265
3,5312,0.004619737265
3,5313,0.004619737265
3,5314,0.004619737265
3,5315,0.004619737265
3,5316,0.004619737265
3,5317,0.004619737265
3,5318,0.004619737265
3,5319,0.004619737265
3,5320,0.004619737265
3,5321,0.004619737265
3,5322,0.004619737265
3,5323,0.004619737265
3,5324,0.004619737265
3,5325,0.004619737265
3,5326,0.004619737265
3,5327,0.004619737265
3,5328,0.004619737265
3,5329,0.004619737265
3,5330,0.004619737265
3,5331,0.004619737265
3,5332,0.004619737265
3,5333,0.004619737265
3,5334,0.004619737265
3,5335,0.004619737265
3,5336,0.004619737265
3,5337,0.004619737265
3,5338,0.004619737265
3,5339,0.004619737265
3,5340,0.004619737265
3,5341,0.004619737265
3,5342,0.004619737265
3,5343,0.004619737265
3,5344,0.004619737265
3,5345,0.004619737265
3,5346,0.004619737265
3,5347,0.004619737265
3,5348,0.004619737265
3,5349,0.004619737265
3,5350,0.004619737265
3,5351,0.004619737265
3,5352,0.004619737265
3,5353,0.004619737265
3,5354,0.004619737265
3,5355,0.004619737265
3,5356,0.004619737265
3,5357,0.004619737265
3,5358,0.004619737265
3,5359,0.004619737265
3,5360,0.004619737265
3,5361,0.004619737265
3,5362,0.004619737265
3,5363,0.004619737265
3,5364,0.004619737265
3,5365,0.004619737265
3,5366,0.004619737265
3,5367,0.004619737265
3,5368,0.004619737265
3,5369,0.004619737265
3,5370,0.004619737265
3,5371,0.004619737265
3,5372,0.004619737265
3,5373,0.004619737265
3,5374,0.004619737265
3,5375,0.004619737265
3,5376,0.004619737265
3,5377,0.004619737265
3,5378,0.004619737265
3,5379,0.004619737265
3,5380,0.004619737265
3,5381,0.004619737265
3,5382,0.004619737265
3,5383,0.004619737265
3,5384,0.004619737265
3,5385,0.004619737265
3,5386,0.004619737265
3,5387,0.004619737265
3,5388,0.004619737265
3,5389,0.004619737265
3,5390,0.004619737265
3,5391,0.004619737265
3,5392,0.004619737265
3,5393,0.004619737265
3,5394,0.004619737265
3,5395,0.004619737265
3,5396,0.004619737265
3,5397,0.004619737265
3,5398,0.004619737265
3,5399,0.004619737265
3,5400,0.004619737265
3,5401,0.004619737265
3,5402,0.004619737265
3,5403,0.004619737265
3,5404,0.004619737265
3,5405,0.004619737265
3,5406,0.004619737265
3,5407,0.004619737265
3,5408,0.004619737265
3,5409,0.004619737265
3,5410,0.004619737265
3,5411,0.004619737265
3,5412,0.004619737265
3,5413,0.004619737265
3,5414,0.004619737265
3,5415,0.004619737265
3,5416,0.004619737265
3,5417,0.004619737265
3,5418,0.004619737265
3,5419,0.004619737265
3,5420,0.004619737265
3,5421,0.004619737265
3,5422,0.004619737265
3,5423,0.004619737265
3,5424,0.004619737265
3,5425,0.004619737265
3,5426,0.004619737265
3,5427,0.004619737265
3,5428,0.004619737265
3,5429,0.004619737265
3,5430,0.004619737265
3,5431,0.004619737265
3,5432,0.004619737265
3,5433,0.004619737265
3,5434,0.004619737265
3,5435,0.004619737265
3,5436,0.004619737265
3,5437,0.004619737265
3,5438,0.004619737265
3,5439,0.004619737265
3,5440,0.004619737265
3,5441,0.004619737265
3,5442,0.004619737265
3,5443,0.004619737265
3,5444,0.004619737265
3,5445,0.004619737265
3,5446,0.004619737265
3,5447,0.004619737265
3,5448,0.004619737265
3,5449,0.004619737265
3,5450,0.004619737265
3,5451,0.004619737265
3,5452,0.004619737265
3,5453,0.004619737265
3,5454,0.004619737265
3,5455,0.004619737265
3,5456,0.004619737265
3,5457,0.004619737265
3,5458,0.004619737265
3,5459,0.004619737265
3,5460,0.004619737265
3,5461,0.004619737265
3,5462,0.004619737265
3,5463,0.004619737265
3,5464,0.004619737265
3,5465,0.004619737265
3,5466,0.004619737265
3,5467,0.004619737265
3,5468,0.004619737265
3,5469,0.004619737265
3,5470,0.004619737265
3,5471,0.004619737265
3,5472,0.004619737265
3,5473,0.004619737265
3,5474,0.004619737265
3,5475,0.004619737265
3,5476,0.004619737265
3,5477,0.004619737265
3,5478,0.004619737265
3,5479,0.004619737265
3,5480,0.004619737265
3,5481,0.004619737265
3,5482,0.004619737265
3,5483,0.004619737265
3,5484,0.004619737265
3,5485,0.004619737265
3,5486,0.004619737265
3,5487,0.004619737265
3,5488,0.004619737265
3,5489,0.004619737265
3,5490,0.004619737265
3,5491,0.004619737265
3,5492,0.004619737265
3,5493,0.004619737265
3,5494,0.004619737265
3,5495,0.004619737265
3,5496,0.004619737265
3,5497,0.004619737265
3,5498,0.004619737265
3,5499,0.004619737265
3,5500,0.004619737265
3,5501,0.004619737265
3,5502,0.004619737265
3,5503,0.004619737265
3,5504,0.004619737265
3,5505,0.004619737265
3,5506,0.004619737265
3,5507,0.004619737265
3,5508,0.004619737265
3,5509,0.004619737265
3,5510,0.004619737265
3,5511,0.004619737265
3,5512,0.004619737265
3,5513,0.004619737265
3,5514,0.004619737265
3,5515,0.004619737265
3,5516,0.004619737265
3,5517,0.004619737265
3,5518,0.004619737265
3,5519,0.004619737265
3,5520,0.004619737265
3,5521,0.004619737265
3,5522,0.004619737265
3,5523,0.004619737265
3,5524,0.004619737265
3,5525,0.004619737265
3,5526,0.004619737265
3,5527,0.004619737265
3,5528,0.004619737265
3,5529,0.004619737265
3,5530,0.004619737265
3,5531,0.004619737265
3,5532,0.004619737265
3,5533,0.004619737265
3,5534,0.004619737265
3,5535,0.004619737265
3,5536,0.004619737265
3,5537,0.004619737265
3,5538,0.004619737265
3,5539,0.004619737265
3,5540,0.004619737265
3,5541,0.004619737265
3,5542,0.004619737265
3,5543,0.004619737265
3,5544,0.004619737265
3,5545,0.004619737265
3,5546,0.004619737265
3,5547,0.004619737265
3,5548,0.004619737265
3,5549,0.004619737265
3,5550,0.004619737265
3,5551,0.004619737265
3,5552,0.004619737265
3,5553,0.004619737265
3,5554,0.004619737265
3,5555,0.004619737265
3,5556,0.004619737265
3,5557,0.004619737265
3,5558,0.004619737265
3,5559,0.004619737265
3,5560,0.004619737265
3,5561,0.004619737265
3,5562,0.004619737265
3,5563,0.004619737265
3,5564,0.004619737265
3,5565,0.004619737265
3,5566,0.004619737265
3,5567,0.004619737265
3,5568,0.004619737265
3,5569,0.004619737265
3,5570,0.004619737265
3,5571,0.004619737265
3,5572,0.004619737265
3,5573,0.004619737265
3,5574,0.004619737265
3,5575,0.004619737265
3,5576,0.004619737265
3,5577,0.004619737265
3,5578,0.004619737265
3,5579,0.004619737265
3,5580,0.004619737265
3,5581,0.004619737265
3,5582,0.004619737265
3,5583,0.004619737265
3,5584,0.004619737265
3,5585,0.004619737265
3,5586,0.004619737265
3,5587,0.004619737265
3,5588,0.004619737265
3,5589,0.004619737265
3,5590,0.004619737265
3,5591,0.004619737265
3,5592,0.004619737265
3,5593,0.004619737265
3,5594,0.004619737265
3,5595,0.004619737265
3,5596,0.004619737265
3,5597,0.004619737265
3,5598,0.004619737265
3,5599,0.004619737265
3,5600,0.004619737265
3,5601,0.004619737265
3,5602,0.004619737265
3,5603,0.004619737265
3,5604,0.004619737265
3,5605,0.004619737265
3,5606,0.004619737265
3,5607,0.004619737265
3,5608,0.004619737265
3,5609,0.004619737265
3,5610,0.004619737265
3,5611,0.004619737265
3,5612,0.004619737265
3,5613,0.004619737265
3,5614,0.004619737265
3,5615,0.004619737265
3,5616,0.004619737265
3,5617,0.004619737265
3,5618,0.004619737265
3,5619,0.004619737265
3,5620,0.004619737265
3,5621,0.004619737265
3,5622,0.004619737265
3,5623,0.004619737265
3,5624,0.004619737265
3,5625,0.004619737265
3,5626,0.004619737265
3,5627,0.004619737265
3,5628,0.004619737265
3,5629,0.004619737265
3,5630,0.004619737265
3,5631,0.004619737265
3,5632,0.004619737265
3,5633,0.004619737265
3,5634,0.004619737265
3,5635,0.004619737265
3,5636,0.004619737265
3,5637,0.004619737265
3,5638,0.004619737265
3,5639,0.004619737265
3,5640,0.004619737265
3,5641,0.004619737265
3,5642,0.004619737265
3,5643,0.004619737265
3,5644,0.004619737265
3,5645,0.004619737265
3,5646,0.004619737265
3,5647,0.004619737265
3,5648,0.004619737265
3,5649,0.004619737265
3,5650,0.004619737265
3,5651,0.004619737265
3,5652,0.004619737265
3,5653,0.004619737265
3,5654,0.004619737265
3,5655,0.004619737265
3,5656,0.004619737265
3,5657,0.004619737265
3,5658,0.004619737265
3,5659,0.004619737265
3,5660,0.004619737265
3,5661,0.004619737265
3,5662,0.004619737265
3,5663,0.004619737265
3,5664,0.004619737265
3,5665,0.004619737265
3,5666,0.004619737265
3,5667,0.004619737265
3,5668,0.004619737265
3,5669,0.004619737265
3,5670,0.004619737265
3,5671,0.004619737265
3,5672,0.004619737265
3,5673,0.004619737265
3,5674,0.004619737265
3,5675,0.004619737265
3,5676,0.004619737265
3,5677,0.004619737265
3,5678,0.004619737265
3,5679,0.004619737265
3,5680,0.004619737265
3,5681,0.004619737265
3,5682,0.004619737265
3,5683,0.004619737265
3,5684,0.004619737265
3,5685,0.004619737265
3,5686,0.004619737265
3,5687,0.004619737265
3,5688,0.004619737265
3,5689,0.004619737265
3,5690,0.004619737265
3,5691,0.004619737265
3,5692,0.004619737265
3,5693,0.004619737265
3,5694,0.004619737265
3,5695,0.004619737265
3,5696,0.004619737265
3,5697,0.004619737265
3,5698,0.004619737265
3,5699,0.004619737265
3,5700,0.004619737265
3,5701,0.004619737265
3,5702,0.004619737265
3,5703,0.004619737265
3,5704,0.004619737265
3,5705,0.004619737265
3,5706,0.004619737265
3,5707,0.004619737265
3,5708,0.004619737265
3,5709,0.004619737265
3,5710,0.004619737265
3,5711,0.004619737265
3,5712,0.004619737265
3,5713,0.004619737265
3,5714,0.004619737265
3,5715,0.004619737265
3,5716,0.004619737265
3,5717,0.004619737265
3,5718,0.004619737265
3,5719,0.004619737265
3,5720,0.004619737265
3,5721,0.004619737265
3,5722,0.004619737265
3,5723,0.004619737265
3,5724,0.004619737265
3,5725,0.004619737265
3,5726,0.004619737265
3,5727,0.004619737265
3,5728,0.004619737265
3,5729,0.004619737265
3,5730,0.004619737265
3,5731,0.004619737265
3,5732,0.004619737265
3,5733,0.004619737265
3,5734,0.004619737265
3,5735,0.004619737265
3,5736,0.004619737265
3,5737,0.004619737265
3,5738,0.004619737265
3,5739,0.004619737265
3,5740,0.004619737265
3,5741,0.004619737265
3,5742,0.004619737265
3,5743,0.004619737265
3,5744,0.004619737265
3,5745,0.004619737265
3,5746,0.004619737265
3,5747,0.004619737265
3,5748,0.004619737265
3,5749,0.004619737265
3,5750,0.004619737265
3,5751,0.004619737265
3,5752,0.004619737265
3,5753,0.004619737265
3,5754,0.004619737265
3,5755,0.004619737265
3,5756,0.004619737265
3,5757,0.004619737265
3,5758,0.004619737265
3,5759,0.004619737265
3,5760,0.004619737265
3,5761,0.004619737265
3,5762,0.004619737265
3,5763,0.004619737265
3,5764,0.004619737265
3,5765,0.004619737265
3,5766,0.004619737265
3,5767,0.004619737265
3,5768,0.004619737265
3,5769,0.004619737265
3,5770,0.004619737265
3,5771,0.004619737265
3,5772,0.004619737265
3,5773,0.004619737265
3,5774,0.004619737265
3,5775,0.004619737265
3,5776,0.004619737265
3,5777,0.004619737265
3,5778,0.004619737265
3,5779,0.004619737265
3,5780,0.004619737265
3,5781,0.004619737265
3,5782,0.004619737265
3,5783,0.004619737265
3,5784,0.004619737265
3,5785,0.004619737265
3,5786,0.004619737265
3,5787,0.004619737265
3,5788,0.004619737265
3,5789,0.004619737265
3,5790,0.004619737265
3,5791,0.004619737265
3,5792,0.004619737265
3,5793,0.004619737265
3,5794,0.004619737265
3,5795,0.004619737265
3,5796,0.004619737265
3,5797,0.004619737265
3,5798,0.004619737265
3,5799,0.004619737265
3,5800,0.004619737265
3,5801,0.004619737265
3,5802,0.004619737265
3,5803,0.004619737265
3,5804,0.004619737265
3,5805,0.004619737265
3,5806,0.004619737265
3,5807,0.004619737265
3,5808,0.004619737265
3,5809,0.004619737265
3,5810,0.004619737265
3,5811,0.004619737265
3,5812,0.004619737265
3,5813,0.004619737265
3,5814,0.004619737265
3,5815,0.004619737265
3,5816,0.004619737265
3,5817,0.004619737265
3,5818,0.004619737265
3,5819,0.004619737265
3,5820,0.004619737265
3,5821,0.004619737265
3,5822,0.004619737265
3,5823,0.004619737265
3,5824,0.004619737265
3,5825,0.004619737265
3,5826,0.004619737265
3,5827,0.004619737265
3,5828,0.004619737265
3,5829,0.004619737265
3,5830,0.004619737265
3,5831,0.004619737265
3,5832,0.004619737265
3,5833,0.004619737265
3,5834,0.004619737265
3,5835,0.004619737265
3,5836,0.004619737265
3,5837,0.004619737265
3,5838,0.004619737265
3,5839,0.004619737265
3,5840,0.004619737265
3,5841,0.004619737265
3,5842,0.004619737265
3,5843,0.004619737265
3,5844,0.004619737265
3,5845,0.004619737265
3,5846,0.004619737265
3,5847,0.004619737265
3,5848,0.004619737265
3,5849,0.004619737265
3,5850,0.004619737265
3,5851,0.004619737265
3,5852,0.004619737265
3,5853,0.004619737265
3,5854,0.004619737265
3,5855,0.004619737265
3,5856,0.004619737265
3,5857,0.004619737265
3,5858,0.004619737265
3,5859,0.004619737265
3,5860,0.004619737265
3,5861,0.004619737265
3,5862,0.004619737265
3,5863,0.004619737265
3,5864,0.004619737265
3,5865,0.004619737265
3,5866,0.004619737265
3,5867,0.004619737265
3,5868,0.004619737265
3,5869,0.004619737265
3,5870,0.004619737265
3,5871,0.004619737265
3,5872,0.004619737265
3,5873,0.004619737265
3,5874,0.004619737265
3,5875,0.004619737265
3,5876,0.004619737265
3,5877,0.004619737265
3,5878,0.004619737265
3,5879,0.004619737265
3,5880,0.004619737265
3,5881,0.004619737265
3,5882,0.004619737265
3,5883,0.004619737265
3,5884,0.004619737265
3,5885,0.004619737265
3,5886,0.004619737265
3,5887,0.004619737265
3,5888,0.004619737265
3,5889,0.004619737265
3,5890,0.004619737265
3,5891,0.004619737265
3,5892,0.004619737265
3,5893,0.004619737265
3,5894,0.004619737265
3,5895,0.004619737265
3,5896,0.004619737265
3,5897,0.004619737265
3,5898,0.004619737265
3,5899,0.004619737265
3,5900,0.004619737265
3,5901,0.004619737265
3,5902,0.004619737265
3,5903,0.004619737265
3,5904,0.004619737265
3,5905,0.004619737265
3,5906,0.004619737265
3,5907,0.004619737265
3,5908,0.004619737265
3,5909,0.004619737265
3,5910,0.004619737265
3,5911,0.004619737265
3,5912,0.004619737265
3,5913,0.004619737265
3,5914,0.004619737265
3,5915,0.004619737265
3,5916,0.004619737265
3,5917,0.004619737265
3,5918,0.004619737265
3,5919,0.004619737265
3,5920,0.004619737265
3,5921,0.004619737265
3,5922,0.004619737265
3,5923,0.004619737265
3,5924,0.004619737265
3,5925,0.004619737265
3,5926,0.004619737265
3,5927,0.004619737265
3,5928,0.004619737265
3,5929,0.004619737265
3,5930,0.004619737265
3,5931,0.004619737265
3,5932,0.004619737265
3,5933,0.004619737265
3,5934,0.004619737265
3,5935,0.004619737265
3,5936,0.004619737265
3,5937,0.004619737265
3,5938,0.004619737265
3,5939,0.004619737265
3,5940,0.004619737265
3,5941,0.004619737265
3,5942,0.004619737265
3,5943,0.004619737265
3,5944,0.004619737265
3,5945,0.004619737265
3,5946,0.004619737265
3,5947,0.004619737265
3,5948,0.004619737265
3,5949,0.004619737265
3,5950,0.004619737265
3,5951,0.004619737265
3,5952,0.004619737265
3,5953,0.004619737265
3,5954,0.004619737265
3,5955,0.004619737265
3,5956,0.004619737265
3,5957,0.004619737265
3,5958,0.004619737265
3,5959,0.004619737265
3,5960,0.004619737265
3,5961,0.004619737265
3,5962,0.004619737265
3,5963,0.004619737265
3,5964,0.004619737265
3,5965,0.004619737265
3,5966,0.004619737265
3,5967,0.004619737265
3,5968,0.004619737265
3,5969,0.004619737265
3,5970,0.004619737265
3,5971,0.004619737265
3,5972,0.004619737265
3,5973,0.004619737265
3,5974,0.004619737265
3,5975,0.004619737265
3,5976,0.004619737265
3,5977,0.004619737265
3,5978,0.004619737265
3,5979,0.004619737265
3,5980,0.004619737265
3,5981,0.004619737265
3,5982,0.004619737265
3,5983,0.004619737265
3,5984,0.004619737265
3,5985,0.004619737265
3,5986,0.004619737265
3,5987,0.004619737265
3,5988,0.004619737265
3,5989,0.004619737265
3,5990,0.004619737265
3,5991,0.004619737265
3,5992,0.004619737265
3,5993,0.004619737265
3,5994,0.004619737265
3,5995,0.004619737265
3,5996,0.004619737265
3,5997,0.004619737265
3,5998,0.004619737265
3,5999,0.004619737265
3,6000,0.004619737265
3,6001,0.004619737265
3,6002,0.004619737265
3,6003,0.004619737265
3,6004,0.004619737265
3,6005,0.004619737265
3,6006,0.004619737265
3,6007,0.004619737265
3,6008,0.004619737265
3,6009,0.004619737265
3,6010,0.004619737265
3,6011,0.004619737265
3,6012,0.004619737265
3,6013,0.004619737265
3,6014,0.004619737265
3,6015,0.004619737265
3,6016,0.004619737265
3,6017,0.004619737265
3,6018,0.004619737265
3,6019,0.004619737265
3,6020,0.004619737265
3,6021,0.004619737265
3,6022,0.004619737265
3,6023,0.004619737265
3,6024,0.004619737265
3,6025,0.004619737265
3,6026,0.004619737265
3,6027,0.004619737265
3,6028,0.004619737265
3,6029,0.004619737265
3,6030,0.004619737265
3,6031,0.004619737265
3,6032,0.004619737265
3,6033,0.004619737265
3,6034,0.004619737265
3,6035,0.004619737265
3,6036,0.004619737265
3,6037,0.004619737265
3,6038,0.004619737265
3,6039,0.004619737265
3,6040,0.004619737265
3,6041,0.004619737265
3,6042,0.004619737265
3,6043,0.004619737265
3,6044,0.004619737265
3,6045,0.004619737265
3,6046,0.004619737265
3,6047,0.004619737265
3,6048,0.004619737265
3,6049,0.004619737265
3,6050,0.004619737265
3,6051,0.004619737265
3,6052,0.004619737265
3,6053,0.004619737265
3,6054,0.004619737265
3,6055,0.004619737265
3,6056,0.004619737265
3,6057,0.004619737265
3,6058,0.004619737265
3,6059,0.004619737265
3,6060,0.004619737265
3,6061,0.004619737265
3,6062,0.004619737265
3,6063,0.004619737265
3,6064,0.004619737265
3,6065,0.004619737265
3,6066,0.004619737265
3,6067,0.004619737265
3,6068,0.004619737265
3,6069,0.004619737265
3,6070,0.004619737265
3,6071,0.004619737265
3,6072,0.004619737265
3,6073,0.004619737265
3,6074,0.004619737265
3,6075,0.004619737265
3,6076,0.004619737265
3,6077,0.004619737265
3,6078,0.004619737265
3,6079,0.004619737265
3,6080,0.004619737265
3,6081,0.004619737265
3,6082,0.004619737265
3,6083,0.004619737265
3,6084,0.004619737265
3,6085,0.004619737265
3,6086,0.004619737265
3,6087,0.004619737265
3,6088,0.004619737265
3,6089,0.004619737265
3,6090,0.004619737265
3,6091,0.004619737265
3,6092,0.004619737265
3,6093,0.004619737265
3,6094,0.004619737265
3,6095,0.004619737265
3,6096,0.004619737265
3,6097,0.004619737265
3,6098,0.004619737265
3,6099,0.004619737265
3,6100,0.004619737265
3,6101,0.004619737265
3,6102,0.004619737265
3,6103,0.004619737265
3,6104,0.004619737265
3,6105,0.004619737265
3,6106,0.004619737265
3,6107,0.004619737265
3,6108,0.004619737265
3,6109,0.004619737265
3,6110,0.004619737265
3,6111,0.004619737265
3,6112,0.004619737265
3,6113,0.004619737265
3,6114,0.004619737265
3,6115,0.004619737265
3,6116,0.004619737265
3,6117,0.004619737265
3,6118,0.004619737265
3,6119,0.004619737265
3,6120,0.004619737265
3,6121,0.004619737265
3,6122,0.004619737265
3,6123,0.004619737265
3,6124,0.004619737265
3,6125,0.004619737265
3,6126,0.004619737265
3,6127,0.004619737265
3,6128,0.004619737265
3,6129,0.004619737265
3,6130,0.004619737265
3,6131,0.004619737265
3,6132,0.004619737265
3,6133,0.004619737265
3,6134,0.004619737265
3,6135,0.004619737265
3,6136,0.004619737265
3,6137,0.004619737265
3,6138,0.004619737265
3,6139,0.004619737265
3,6140,0.004619737265
3,6141,0.004619737265
3,6142,0.004619737265
3,6143,0.004619737265
3,6144,0.004619737265
3,6145,0.004619737265
3,6146,0.004619737265
3,6147,0.004619737265
3,6148,0.004619737265
3,6149,0.004619737265
3,6150,0.004619737265
3,6151,0.004619737265
3,6152,0.004619737265
3,6153,0.004619737265
3,6154,0.004619737265
3,6155,0.004619737265
3,6156,0.004619737265
3,6157,0.004619737265
3,6158,0.004619737265
3,6159,0.004619737265
3,6160,0.004619737265
3,6161,0.004619737265
3,6162,0.004619737265
3,6163,0.004619737265
3,6164,0.004619737265
3,6165,0.004619737265
3,6166,0.004619737265
3,6167,0.004619737265
3,6168,0.004619737265
3,6169,0.004619737265
3,6170,0.004619737265
3,6171,0.004619737265
3,6172,0.004619737265
3,6173,0.004619737265
3,6174,0.004619737265
3,6175,0.004619737265
3,6176,0.004619737265
3,6177,0.004619737265
3,6178,0.004619737265
3,6179,0.004619737265
3,6180,0.004619737265
3,6181,0.004619737265
3,6182,0.004619737265
3,6183,0.004619737265
3,6184,0.004619737265
3,6185,0.004619737265
3,6186,0.004619737265
3,6187,0.004619737265
3,6188,0.004619737265
3,6189,0.004619737265
3,6190,0.004619737265
3,6191,0.004619737265
3,6192,0.004619737265
3,6193,0.004619737265
3,6194,0.004619737265
3,6195,0.004619737265
3,6196,0.004619737265
3,6197,0.004619737265
3,6198,0.004619737265
3,6199,0.004619737265
3,6200,0.004619737265
3,6201,0.004619737265
3,6202,0.004619737265
3,6203,0.004619737265
3,6204,0.004619737265
3,6205,0.004619737265
3,6206,0.004619737265
3,6207,0.004619737265
3,6208,0.004619737265
3,6209,0.004619737265
3,6210,0.004619737265
3,6211,0.004619737265
3,6212,0.004619737265
3,6213,0.004619737265
3,6214,0.004619737265
3,6215,0.004619737265
3,6216,0.004619737265
3,6217,0.004619737265
3,6218,0.004619737265
3,6219,0.004619737265
3,6220,0.004619737265
3,6221,0.004619737265
3,6222,0.004619737265
3,6223,0.004619737265
3,6224,0.004619737265
3,6225,0.004619737265
3,6226,0.004619737265
3,6227,0.004619737265
3,6228,0.004619737265
3,6229,0.004619737265
3,6230,0.004619737265
3,6231,0.004619737265
3,6232,0.004619737265
3,6233,0.004619737265
3,6234,0.004619737265
3,6235,0.004619737265
3,6236,0.004619737265
3,6237,0.004619737265
3,6238,0.004619737265
3,6239,0.004619737265
3,6240,0.004619737265
3,6241,0.004619737265
3,6242,0.004619737265
3,6243,0.004619737265
3,6244,0.004619737265
3,6245,0.004619737265
3,6246,0.004619737265
3,6247,0.004619737265
3,6248,0.004619737265
3,6249,0.004619737265
3,6250,0.004619737265
3,6251,0.004619737265
3,6252,0.004619737265
3,6253,0.004619737265
3,6254,0.004619737265
3,6255,0.004619737265
3,6256,0.004619737265
3,6257,0.004619737265
3,6258,0.004619737265
3,6259,0.004619737265
3,6260,0.004619737265
3,6261,0.004619737265
3,6262,0.004619737265
3,6263,0.004619737265
3,6264,0.004619737265
3,6265,0.004619737265
3,6266,0.004619737265
3,6267,0.004619737265
3,6268,0.004619737265
3,6269,0.004619737265
3,6270,0.004619737265
3,6271,0.004619737265
3,6272,0.004619737265
3,6273,0.004619737265
3,6274,0.004619737265
3,6275,0.004619737265
3,6276,0.004619737265
3,6277,0.004619737265
3,6278,0.004619737265
3,6279,0.004619737265
3,6280,0.004619737265
3,6281,0.004619737265
3,6282,0.004619737265
3,6283,0.004619737265
3,6284,0.004619737265
3,6285,0.004619737265
3,6286,0.004619737265
3,6287,0.004619737265
3,6288,0.004619737265
3,6289,0.004619737265
3,6290,0.004619737265
3,6291,0.004619737265
3,6292,0.004619737265
3,6293,0.004619737265
3,6294,0.004619737265
3,6295,0.004619737265
3,6296,0.004619737265
3,6297,0.004619737265
3,6298,0.004619737265
3,6299,0.004619737265
3,6300,0.004619737265
3,6301,0.004619737265
3,6302,0.004619737265
3,6303,0.004619737265
3,6304,0.004619737265
3,6305,0.004619737265
3,6306,0.004619737265
3,6307,0.004619737265
3,6308,0.004619737265
3,6309,0.004619737265
3,6310,0.004619737265
3,6311,0.004619737265
3,6312,0.004619737265
3,6313,0.004619737265
3,6314,0.004619737265
3,6315,0.004619737265
3,6316,0.004619737265
3,6317,0.004619737265
3,6318,0.004619737265
3,6319,0.004619737265
3,6320,0.004619737265
3,6321,0.004619737265
3,6322,0.004619737265
3,6323,0.004619737265
3,6324,0.004619737265
3,6325,0.004619737265
3,6326,0.004619737265
3,6327,0.004619737265
3,6328,0.004619737265
3,6329,0.004619737265
3,6330,0.004619737265
3,6331,0.004619737265
3,6332,0.004619737265
3,6333,0.004619737265
3,6334,0.004619737265
3,6335,0.004619737265
3,6336,0.004619737265
3,6337,0.004619737265
3,6338,0.004619737265
3,6339,0.004619737265
3,6340,0.004619737265
3,6341,0.004619737265
3,6342,0.004619737265
3,6343,0.004619737265
3,6344,0.004619737265
3,6345,0.004619737265
3,6346,0.004619737265
3,6347,0.004619737265
3,6348,0.004619737265
3,6349,0.004619737265
3,6350,0.004619737265
3,6351,0.004619737265
3,6352,0.004619737265
3,6353,0.004619737265
3,6354,0.004619737265
3,6355,0.004619737265
3,6356,0.004619737265
3,6357,0.004619737265
3,6358,0.004619737265
3,6359,0.004619737265
3,6360,0.004619737265
3,6361,0.004619737265
3,6362,0.004619737265
3,6363,0.004619737265
3,6364,0.004619737265
3,6365,0.004619737265
3,6366,0.004619737265
3,6367,0.004619737265
3,6368,0.004619737265
3,6369,0.004619737265
3,6370,0.004619737265
3,6371,0.004619737265
3,6372,0.004619737265
3,6373,0.004619737265
3,6374,0.004619737265
3,6375,0.004619737265
3,6376,0.004619737265
3,6377,0.004619737265
3,6378,0.004619737265
3,6379,0.004619737265
3,6380,0.004619737265
3,6381,0.004619737265
3,6382,0.004619737265
3,6383,0.004619737265
3,6384,0.004619737265
3,6385,0.004619737265
3,6386,0.004619737265
3,6387,0.004619737265
3,6388,0.004619737265
3,6389,0.004619737265
3,6390,0.004619737265
3,6391,0.004619737265
3,6392,0.004619737265
3,6393,0.004619737265
3,6394,0.004619737265
3,6395,0.004619737265
3,6396,0.004619737265
3,6397,0.004619737265
3,6398,0.004619737265
3,6399,0.004619737265
3,6400,0.004619737265
3,6401,0.004619737265
3,6402,0.004619737265
3,6403,0.004619737265
3,6404,0.004619737265
3,6405,0.004619737265
3,6406,0.004619737265
3,6407,0.004619737265
3,6408,0.004619737265
3,6409,0.004619737265
3,6410,0.004619737265
3,6411,0.004619737265
3,6412,0.004619737265
3,6413,0.004619737265
3,6414,0.004619737265
3,6415,0.004619737265
3,6416,0.004619737265
3,6417,0.004619737265
3,6418,0.004619737265
3,6419,0.004619737265
3,6420,0.004619737265
3,6421,0.004619737265
3,6422,0.004619737265
3,6423,0.004619737265
3,6424,0.004619737265
3,6425,0.004619737265
3,6426,0.004619737265
3,6427,0.004619737265
3,6428,0.004619737265
3,6429,0.004619737265
3,6430,0.004619737265
3,6431,0.004619737265
3,6432,0.004619737265
3,6433,0.004619737265
3,6434,0.004619737265
3,6435,0.004619737265
3,6436,0.004619737265
3,6437,0.004619737265
3,6438,0.004619737265
3,6439,0.004619737265
3,6440,0.004619737265
3,6441,0.004619737265
3,6442,0.004619737265
3,6443,0.004619737265
3,6444,0.004619737265
3,6445,0.004619737265
3,6446,0.004619737265
3,6447,0.004619737265
3,6448,0.004619737265
3,6449,0.004619737265
3,6450,0.004619737265
3,6451,0.004619737265
3,6452,0.004619737265
3,6453,0.004619737265
3,6454,0.004619737265
3,6455,0.004619737265
3,6456,0.004619737265
3,6457,0.004619737265
3,6458,0.004619737265
3,6459,0.004619737265
3,6460,0.004619737265
3,6461,0.004619737265
3,6462,0.004619737265
3,6463,0.004619737265
3,6464,0.004619737265
3,6465,0.004619737265
3,6466,0.004619737265
3,6467,0.004619737265
3,6468,0.004619737265
3,6469,0.004619737265
3,6470,0.004619737265
3,6471,0.004619737265
3,6472,0.004619737265
3,6473,0.004619737265
3,6474,0.004619737265
3,6475,0.004619737265
3,6476,0.004619737265
3,6477,0.004619737265
3,6478,0.004619737265
3,6479,0.004619737265
3,6480,0.004619737265
3,6481,0.004619737265
3,6482,0.004619737265
3,6483,0.004619737265
3,6484,0.004619737265
3,6485,0.004619737265
3,6486,0.004619737265
3,6487,0.004619737265
3,6488,0.004619737265
3,6489,0.004619737265
3,6490,0.004619737265
3,6491,0.004619737265
3,6492,0.004619737265
3,6493,0.004619737265
3,6494,0.004619737265
3,6495,0.004619737265
3,6496,0.004619737265
3,6497,0.004619737265
3,6498,0.004619737265
3,6499,0.004619737265
3,6500,0.004619737265
3,6501,0.004619737265
3,6502,0.004619737265
3,6503,0.004619737265
3,6504,0.004619737265
3,6505,0.004619737265
3,6506,0.004619737265
3,6507,0.004619737265
3,6508,0.004619737265
3,6509,0.004619737265
3,6510,0.004619737265
3,6511,0.004619737265
3,6512,0.004619737265
3,6513,0.004619737265
3,6514,0.004619737265
3,6515,0.004619737265
3,6516,0.004619737265
3,6517,0.004619737265
3,6518,0.004619737265
3,6519,0.004619737265
3,6520,0.004619737265
3,6521,0.004619737265
3,6522,0.004619737265
3,6523,0.004619737265
3,6524,0.004619737265
3,6525,0.004619737265
3,6526,0.004619737265
3,6527,0.004619737265
3,6528,0.004619737265
3,6529,0.004619737265
3,6530,0.004619737265
3,6531,0.004619737265
3,6532,0.004619737265
3,6533,0.004619737265
3,6534,0.004619737265
3,6535,0.004619737265
3,6536,0.004619737265
3,6537,0.004619737265
3,6538,0.004619737265
3,6539,0.004619737265
3,6540,0.004619737265
3,6541,0.004619737265
3,6542,0.004619737265
3,6543,0.004619737265
3,6544,0.004619737265
3,6545,0.004619737265
3,6546,0.004619737265
3,6547,0.004619737265
3,6548,0.004619737265
3,6549,0.004619737265
3,6550,0.004619737265
3,6551,0.004619737265
3,6552,0.004619737265
3,6553,0.004619737265
3,6554,0.004619737265
3,6555,0.004619737265
3,6556,0.004619737265
3,6557,0.004619737265
3,6558,0.004619737265
3,6559,0.004619737265
3,6560,0.004619737265
3,6561,0.004619737265
3,6562,0.004619737265
3,6563,0.004619737265
3,6564,0.004619737265
3,6565,0.004619737265
3,6566,0.004619737265
3,6567,0.004619737265
3,6568,0.004619737265
3,6569,0.004619737265
3,6570,0.004619737265
3,6571,0.004619737265
3,6572,0.004619737265
3,6573,0.004619737265
3,6574,0.004619737265
3,6575,0.004619737265
3,6576,0.004619737265
3,6577,0.004619737265
3,6578,0.004619737265
3,6579,0.004619737265
3,6580,0.004619737265
3,6581,0.004619737265
3,6582,0.004619737265
3,6583,0.004619737265
3,6584,0.004619737265
3,6585,0.004619737265
3,6586,0.004619737265
3,6587,0.004619737265
3,6588,0.004619737265
3,6589,0.004619737265
3,6590,0.004619737265
3,6591,0.004619737265
3,6592,0.004619737265
3,6593,0.004619737265
3,6594,0.004619737265
3,6595,0.004619737265
3,6596,0.004619737265
3,6597,0.004619737265
3,6598,0.004619737265
3,6599,0.004619737265
3,6600,0.004619737265
3,6601,0.004619737265
3,6602,0.004619737265
3,6603,0.004619737265
3,6604,0.004619737265
3,6605,0.004619737265
3,6606,0.004619737265
3,6607,0.004619737265
3,6608,0.004619737265
3,6609,0.004619737265
3,6610,0.004619737265
3,6611,0.004619737265
3,6612,0.004619737265
3,6613,0.004619737265
3,6614,0.004619737265
3,6615,0.004619737265
3,6616,0.004619737265
3,6617,0.004619737265
3,6618,0.004619737265
3,6619,0.004619737265
3,6620,0.004619737265
3,6621,0.004619737265
3,6622,0.004619737265
3,6623,0.004619737265
3,6624,0.004619737265
3,6625,0.004619737265
3,6626,0.004619737265
3,6627,0.004619737265
3,6628,0.004619737265
3,6629,0.004619737265
3,6630,0.004619737265
3,6631,0.004619737265
3,6632,0.004619737265
3,6633,0.004619737265
3,6634,0.004619737265
3,6635,0.004619737265
3,6636,0.004619737265
3,6637,0.004619737265
3,6638,0.004619737265
3,6639,0.004619737265
3,6640,0.004619737265
3,6641,0.004619737265
3,6642,0.004619737265
3,6643,0.004619737265
3,6644,0.004619737265
3,6645,0.004619737265
3,6646,0.004619737265
3,6647,0.004619737265
3,6648,0.004619737265
3,6649,0.004619737265
3,6650,0.004619737265
3,6651,0.004619737265
3,6652,0.004619737265
3,6653,0.004619737265
3,6654,0.004619737265
3,6655,0.004619737265
3,6656,0.004619737265
3,6657,0.004619737265
3,6658,0.004619737265
3,6659,0.004619737265
3,6660,0.004619737265
3,6661,0.004619737265
3,6662,0.004619737265
3,6663,0.004619737265
3,6664,0.004619737265
3,6665,0.004619737265
3,6666,0.004619737265
3,6667,0.004619737265
3,6668,0.004619737265
3,6669,0.004619737265
3,6670,0.004619737265
3,6671,0.004619737265
3,6672,0.004619737265
3,6673,0.004619737265
3,6674,0.004619737265
3,6675,0.004619737265
3,6676,0.004619737265
3,6677,0.004619737265
3,6678,0.004619737265
3,6679,0.004619737265
3,6680,0.004619737265
3,6681,0.004619737265
3,6682,0.004619737265
3,6683,0.004619737265
3,6684,0.004619737265
3,6685,0.004619737265
3,6686,0.004619737265
3,6687,0.004619737265
3,6688,0.004619737265
3,6689,0.004619737265
3,6690,0.004619737265
3,6691,0.004619737265
3,6692,0.004619737265
3,6693,0.004619737265
3,6694,0.004619737265
3,6695,0.004619737265
3,6696,0.004619737265
3,6697,0.004619737265
3,6698,0.004619737265
3,6699,0.004619737265
3,6700,0.004619737265
3,6701,0.004619737265
3,6702,0.004619737265
3,6703,0.004619737265
3,6704,0.004619737265
3,6705,0.004619737265
3,6706,0.004619737265
3,6707,0.004619737265
3,6708,0.004619737265
3,6709,0.004619737265
3,6710,0.004619737265
3,6711,0.004619737265
3,6712,0.004619737265
3,6713,0.004619737265
3,6714,0.004619737265
3,6715,0.004619737265
3,6716,0.004619737265
3,6717,0.004619737265
3,6718,0.004619737265
3,6719,0.004619737265
3,6720,0.004619737265
3,6721,0.004619737265
3,6722,0.004619737265
3,6723,0.004619737265
3,6724,0.004619737265
3,6725,0.004619737265
3,6726,0.004619737265
3,6727,0.004619737265
3,6728,0.004619737265
3,6729,0.004619737265
3,6730,0.004619737265
3,6731,0.004619737265
3,6732,0.004619737265
3,6733,0.004619737265
3,6734,0.004619737265
3,6735,0.004619737265
3,6736,0.004619737265
3,6737,0.004619737265
3,6738,0.004619737265
3,6739,0.004619737265
3,6740,0.004619737265
3,6741,0.004619737265
3,6742,0.004619737265
3,6743,0.004619737265
3,6744,0.004619737265
3,6745,0.004619737265
3,6746,0.004619737265
3,6747,0.004619737265
3,6748,0.004619737265
3,6749,0.004619737265
3,6750,0.004619737265
3,6751,0.004619737265
3,6752,0.004619737265
3,6753,0.004619737265
3,6754,0.004619737265
3,6755,0.004619737265
3,6756,0.004619737265
3,6757,0.004619737265
3,6758,0.004619737265
3,6759,0.004619737265
3,6760,0.004619737265
3,6761,0.004619737265
3,6762,0.004619737265
3,6763,0.004619737265
3,6764,0.004619737265
3,6765,0.004619737265
3,6766,0.004619737265
3,6767,0.004619737265
3,6768,0.004619737265
3,6769,0.004619737265
3,6770,0.004619737265
3,6771,0.004619737265
3,6772,0.004619737265
3,6773,0.004619737265
3,6774,0.004619737265
3,6775,0.004619737265
3,6776,0.004619737265
3,6777,0.004619737265
3,6778,0.004619737265
3,6779,0.004619737265
3,6780,0.004619737265
3,6781,0.004619737265
3,6782,0.004619737265
3,6783,0.004619737265
3,6784,0.004619737265
3,6785,0.004619737265
3,6786,0.004619737265
3,6787,0.004619737265
3,6788,0.004619737265
3,6789,0.004619737265
3,6790,0.004619737265
3,6791,0.004619737265
3,6792,0.004619737265
3,6793,0.004619737265
3,6794,0.004619737265
3,6795,0.004619737265
3,6796,0.004619737265
3,6797,0.004619737265
3,6798,0.004619737265
3,6799,0.004619737265
3,6800,0.004619737265
3,6801,0.004619737265
3,6802,0.004619737265
3,6803,0.004619737265
3,6804,0.004619737265
3,6805,0.004619737265
3,6806,0.004619737265
3,6807,0.004619737265
3,6808,0.004619737265
3,6809,0.004619737265
3,6810,0.004619737265
3,6811,0.004619737265
3,6812,0.004619737265
3,6813,0.004619737265
3,6814,0.004619737265
3,6815,0.004619737265
3,6816,0.004619737265
3,6817,0.004619737265
3,6818,0.004619737265
3,6819,0.004619737265
3,6820,0.004619737265
3,6821,0.004619737265
3,6822,0.004619737265
3,6823,0.004619737265
3,6824,0.004619737265
3,6825,0.004619737265
3,6826,0.004619737265
3,6827,0.004619737265
3,6828,0.004619737265
3,6829,0.004619737265
3,6830,0.004619737265
3,6831,0.004619737265
3,6832,0.004619737265
3,6833,0.004619737265
3,6834,0.004619737265
3,6835,0.004619737265
3,6836,0.004619737265
3,6837,0.004619737265
3,6838,0.004619737265
3,6839,0.004619737265
3,6840,0.004619737265
3,6841,0.004619737265
3,6842,0.004619737265
3,6843,0.004619737265
3,6844,0.004619737265
3,6845,0.004619737265
3,6846,0.004619737265
3,6847,0.004619737265
3,6848,0.004619737265
3,6849,0.004619737265
3,6850,0.004619737265
3,6851,0.004619737265
3,6852,0.004619737265
3,6853,0.004619737265
3,6854,0.004619737265
3,6855,0.004619737265
3,6856,0.004619737265
3,6857,0.004619737265
3,6858,0.004619737265
3,6859,0.004619737265
3,6860,0.004619737265
3,6861,0.004619737265
3,6862,0.004619737265
3,6863,0.004619737265
3,6864,0.004619737265
3,6865,0.004619737265
3,6866,0.004619737265
3,6867,0.004619737265
3,6868,0.004619737265
3,6869,0.004619737265
3,6870,0.004619737265
3,6871,0.004619737265
3,6872,0.004619737265
3,6873,0.004619737265
3,6874,0.004619737265
3,6875,0.004619737265
3,6876,0.004619737265
3,6877,0.004619737265
3,6878,0.004619737265
3,6879,0.004619737265
3,6880,0.004619737265
3,6881,0.004619737265
3,6882,0.004619737265
3,6883,0.004619737265
3,6884,0.004619737265
3,6885,0.004619737265
3,6886,0.004619737265
3,6887,0.004619737265
3,6888,0.004619737265
3,6889,0.004619737265
3,6890,0.004619737265
3,6891,0.004619737265
3,6892,0.004619737265
3,6893,0.004619737265
3,6894,0.004619737265
3,6895,0.004619737265
3,6896,0.004619737265
3,6897,0.004619737265
3,6898,0.004619737265
3,6899,0.004619737265
3,6900,0.004619737265
3,6901,0.004619737265
3,6902,0.004619737265
3,6903,0.004619737265
3,6904,0.004619737265
3,6905,0.004619737265
3,6906,0.004619737265
3,6907,0.004619737265
3,6908,0.004619737265
3,6909,0.004619737265
3,6910,0.004619737265
3,6911,0.004619737265
3,6912,0.004619737265
3,6913,0.004619737265
3,6914,0.004619737265
3,6915,0.004619737265
3,6916,0.004619737265
3,6917,0.004619737265
3,6918,0.004619737265
3,6919,0.004619737265
3,6920,0.004619737265
3,6921,0.004619737265
3,6922,0.004619737265
3,6923,0.004619737265
3,6924,0.004619737265
3,6925,0.004619737265
3,6926,0.004619737265
3,6927,0.004619737265
3,6928,0.004619737265
3,6929,0.004619737265
3,6930,0.004619737265
3,6931,0.004619737265
3,6932,0.004619737265
3,6933,0.004619737265
3,6934,0.004619737265
3,6935,0.004619737265
3,6936,0.004619737265
3,6937,0.004619737265
3,6938,0.004619737265
3,6939,0.004619737265
3,6940,0.004619737265
3,6941,0.004619737265
3,6942,0.004619737265
3,6943,0.004619737265
3,6944,0.004619737265
3,6945,0.004619737265
3,6946,0.004619737265
3,6947,0.004619737265
3,6948,0.004619737265
3,6949,0.004619737265
3,6950,0.004619737265
3,6951,0.004619737265
3,6952,0.004619737265
3,6953,0.004619737265
3,6954,0.004619737265
3,6955,0.004619737265
3,6956,0.004619737265
3,6957,0.004619737265
3,6958,0.004619737265
3,6959,0.004619737265
3,6960,0.004619737265
3,6961,0.004619737265
3,6962,0.004619737265
3,6963,0.004619737265
3,6964,0.004619737265
3,6965,0.004619737265
3,6966,0.004619737265
3,6967,0.004619737265
3,6968,0.004619737265
3,6969,0.004619737265
3,6970,0.004619737265
3,6971,0.004619737265
3,6972,0.004619737265
3,6973,0.004619737265
3,6974,0.004619737265
3,6975,0.004619737265
3,6976,0.004619737265
3,6977,0.004619737265
3,6978,0.004619737265
3,6979,0.004619737265
3,6980,0.004619737265
3,6981,0.004619737265
3,6982,0.004619737265
3,6983,0.004619737265
3,6984,0.004619737265
3,6985,0.004619737265
3,6986,0.004619737265
3,6987,0.004619737265
3,6988,0.004619737265
3,6989,0.004619737265
3,6990,0.004619737265
3,6991,0.004619737265
3,6992,0.004619737265
3,6993,0.004619737265
3,6994,0.004619737265
3,6995,0.004619737265
3,6996,0.004619737265
3,6997,0.004619737265
3,6998,0.004619737265
3,6999,0.004619737265
3,7000,0.004619737265
3,7001,0.004619737265
3,7002,0.004619737265
3,7003,0.004619737265
3,7004,0.004619737265
3,7005,0.004619737265
3,7006,0.004619737265
3,7007,0.004619737265
3,7008,0.004619737265
3,7009,0.004619737265
3,7010,0.004619737265
3,7011,0.004619737265
3,7012,0.004619737265
3,7013,0.004619737265
3,7014,0.004619737265
3,7015,0.004619737265
3,7016,0.004619737265
3,7017,0.004619737265
3,7018,0.004619737265
3,7019,0.004619737265
3,7020,0.004619737265
3,7021,0.004619737265
3,7022,0.004619737265
3,7023,0.004619737265
3,7024,0.004619737265
3,7025,0.004619737265
3,7026,0.004619737265
3,7027,0.004619737265
3,7028,0.004619737265
3,7029,0.004619737265
3,7030,0.004619737265
3,7031,0.004619737265
3,7032,0.004619737265
3,7033,0.004619737265
3,7034,0.004619737265
3,7035,0.004619737265
3,7036,0.004619737265
3,7037,0.004619737265
3,7038,0.004619737265
3,7039,0.004619737265
3,7040,0.004619737265
3,7041,0.004619737265
3,7042,0.004619737265
3,7043,0.004619737265
3,7044,0.004619737265
3,7045,0.004619737265
3,7046,0.004619737265
3,7047,0.004619737265
3,7048,0.004619737265
3,7049,0.004619737265
3,7050,0.004619737265
3,7051,0.004619737265
3,7052,0.004619737265
3,7053,0.004619737265
3,7054,0.004619737265
3,7055,0.004619737265
3,7056,0.004619737265
3,7057,0.004619737265
3,7058,0.004619737265
3,7059,0.004619737265
3,7060,0.004619737265
3,7061,0.004619737265
3,7062,0.004619737265
3,7063,0.004619737265
3,7064,0.004619737265
3,7065,0.004619737265
3,7066,0.004619737265
3,7067,0.004619737265
3,7068,0.004619737265
3,7069,0.004619737265
3,7070,0.004619737265
3,7071,0.004619737265
3,7072,0.004619737265
3,7073,0.004619737265
3,7074,0.004619737265
3,7075,0.004619737265
3,7076,0.004619737265
3,7077,0.004619737265
3,7078,0.004619737265
3,7079,0.004619737265
3,7080,0.004619737265
3,7081,0.004619737265
3,7082,0.004619737265
3,7083,0.004619737265
3,7084,0.004619737265
3,7085,0.004619737265
3,7086,0.004619737265
3,7087,0.004619737265
3,7088,0.004619737265
3,7089,0.004619737265
3,7090,0.004619737265
3,7091,0.004619737265
3,7092,0.004619737265
3,7093,0.004619737265
3,7094,0.004619737265
3,7095,0.004619737265
3,7096,0.004619737265
3,7097,0.004619737265
3,7098,0.004619737265
3,7099,0.004619737265
3,7100,0.004619737265
3,7101,0.004619737265
3,7102,0.004619737265
3,7103,0.004619737265
3,7104,0.004619737265
3,7105,0.004619737265
3,7106,0.004619737265
3,7107,0.004619737265
3,7108,0.004619737265
3,7109,0.004619737265
3,7110,0.004619737265
3,7111,0.004619737265
3,7112,0.004619737265
3,7113,0.004619737265
3,7114,0.004619737265
3,7115,0.004619737265
3,7116,0.004619737265
3,7117,0.004619737265
3,7118,0.004619737265
3,7119,0.004619737265
3,7120,0.004619737265
3,7121,0.004619737265
3,7122,0.004619737265
3,7123,0.004619737265
3,7124,0.004619737265
3,7125,0.004619737265
3,7126,0.004619737265
3,7127,0.004619737265
3,7128,0.004619737265
3,7129,0.004619737265
3,7130,0.004619737265
3,7131,0.004619737265
3,7132,0.004619737265
3,7133,0.004619737265
3,7134,0.004619737265
3,7135,0.004619737265
3,7136,0.004619737265
3,7137,0.004619737265
3,7138,0.004619737265
3,7139,0.004619737265
3,7140,0.004619737265
3,7141,0.004619737265
3,7142,0.004619737265
3,7143,0.004619737265
3,7144,0.004619737265
3,7145,0.004619737265
3,7146,0.004619737265
3,7147,0.004619737265
3,7148,0.004619737265
3,7149,0.004619737265
3,7150,0.004619737265
3,7151,0.004619737265
3,7152,0.004619737265
3,7153,0.004619737265
3,7154,0.004619737265
3,7155,0.004619737265
3,7156,0.004619737265
3,7157,0.004619737265
3,7158,0.004619737265
3,7159,0.004619737265
3,7160,0.004619737265
3,7161,0.004619737265
3,7162,0.004619737265
3,7163,0.004619737265
3,7164,0.004619737265
3,7165,0.004619737265
3,7166,0.004619737265
3,7167,0.004619737265
3,7168,0.004619737265
3,7169,0.004619737265
3,7170,0.004619737265
3,7171,0.004619737265
3,7172,0.004619737265
3,7173,0.004619737265
3,7174,0.004619737265
3,7175,0.004619737265
3,7176,0.004619737265
3,7177,0.004619737265
3,7178,0.004619737265
3,7179,0.004619737265
3,7180,0.004619737265
3,7181,0.004619737265
3,7182,0.004619737265
3,7183,0.004619737265
3,7184,0.004619737265
3,7185,0.004619737265
3,7186,0.004619737265
3,7187,0.004619737265
3,7188,0.004619737265
3,7189,0.004619737265
3,7190,0.004619737265
3,7191,0.004619737265
3,7192,0.004619737265
3,7193,0.004619737265
3,7194,0.004619737265
3,7195,0.004619737265
3,7196,0.004619737265
3,7197,0.004619737265
3,7198,0.004619737265
3,7199,0.004619737265
3,7200,0.004619737265
3,7201,0.004619737265
3,7202,0.004619737265
3,7203,0.004619737265
3,7204,0.004619737265
3,7205,0.004619737265
3,7206,0.004619737265
3,7207,0.004619737265
3,7208,0.004619737265
3,7209,0.004619737265
3,7210,0.004619737265
3,7211,0.004619737265
3,7212,0.004619737265
3,7213,0.004619737265
3,7214,0.004619737265
3,7215,0.004619737265
3,7216,0.004619737265
3,7217,0.004619737265
3,7218,0.004619737265
3,7219,0.004619737265
3,7220,0.004619737265
3,7221,0.004619737265
3,7222,0.004619737265
3,7223,0.004619737265
3,7224,0.004619737265
3,7225,0.004619737265
3,7226,0.004619737265
3,7227,0.004619737265
3,7228,0.004619737265
3,7229,0.004619737265
3,7230,0.004619737265
3,7231,0.004619737265
3,7232,0.004619737265
3,7233,0.004619737265
3,7234,0.004619737265
3,7235,0.004619737265
3,7236,0.004619737265
3,7237,0.004619737265
3,7238,0.004619737265
3,7239,0.004619737265
3,7240,0.004619737265
3,7241,0.004619737265
3,7242,0.004619737265
3,7243,0.004619737265
3,7244,0.004619737265
3,7245,0.004619737265
3,7246,0.004619737265
3,7247,0.004619737265
3,7248,0.004619737265
3,7249,0.004619737265
3,7250,0.004619737265
3,7251,0.004619737265
3,7252,0.004619737265
3,7253,0.004619737265
3,7254,0.004619737265
3,7255,0.004619737265
3,7256,0.004619737265
3,7257,0.004619737265
3,7258,0.004619737265
3,7259,0.004619737265
3,7260,0.004619737265
3,7261,0.004619737265
3,7262,0.004619737265
3,7263,0.004619737265
3,7264,0.004619737265
3,7265,0.004619737265
3,7266,0.004619737265
3,7267,0.004619737265
3,7268,0.004619737265
3,7269,0.004619737265
3,7270,0.004619737265
3,7271,0.004619737265
3,7272,0.004619737265
3,7273,0.004619737265
3,7274,0.004619737265
3,7275,0.004619737265
3,7276,0.004619737265
3,7277,0.004619737265
3,7278,0.004619737265
3,7279,0.004619737265
3,7280,0.004619737265
3,7281,0.004619737265
3,7282,0.004619737265
3,7283,0.004619737265
3,7284,0.004619737265
3,7285,0.004619737265
3,7286,0.004619737265
3,7287,0.004619737265
3,7288,0.004619737265
3,7289,0.004619737265
3,7290,0.004619737265
3,7291,0.004619737265
3,7292,0.004619737265
3,7293,0.004619737265
3,7294,0.004619737265
3,7295,0.004619737265
3,7296,0.004619737265
3,7297,0.004619737265
3,7298,0.004619737265
3,7299,0.004619737265
3,7300,0.004619737265
3,7301,0.004619737265
3,7302,0.004619737265
3,7303,0.004619737265
3,7304,0.004619737265
3,7305,0.004619737265
3,7306,0.004619737265
3,7307,0.004619737265
3,7308,0.004619737265
3,7309,0.004619737265
3,7310,0.004619737265
3,7311,0.004619737265
3,7312,0.004619737265
3,7313,0.004619737265
3,7314,0.004619737265
3,7315,0.004619737265
3,7316,0.004619737265
3,7317,0.004619737265
3,7318,0.004619737265
3,7319,0.004619737265
3,7320,0.004619737265
3,7321,0.004619737265
3,7322,0.004619737265
3,7323,0.004619737265
3,7324,0.004619737265
3,7325,0.004619737265
3,7326,0.004619737265
3,7327,0.004619737265
3,7328,0.004619737265
3,7329,0.004619737265
3,7330,0.004619737265
3,7331,0.004619737265
3,7332,0.004619737265
3,7333,0.004619737265
3,7334,0.004619737265
3,7335,0.004619737265
3,7336,0.004619737265
3,7337,0.004619737265
3,7338,0.004619737265
3,7339,0.004619737265
3,7340,0.004619737265
3,7341,0.004619737265
3,7342,0.004619737265
3,7343,0.004619737265
3,7344,0.004619737265
3,7345,0.004619737265
3,7346,0.004619737265
3,7347,0.004619737265
3,7348,0.004619737265
3,7349,0.004619737265
3,7350,0.004619737265
3,7351,0.004619737265
3,7352,0.004619737265
3,7353,0.004619737265
3,7354,0.004619737265
3,7355,0.004619737265
3,7356,0.004619737265
3,7357,0.004619737265
3,7358,0.004619737265
3,7359,0.004619737265
3,7360,0.004619737265
3,7361,0.004619737265
3,7362,0.004619737265
3,7363,0.004619737265
3,7364,0.004619737265
3,7365,0.004619737265
3,7366,0.004619737265
3,7367,0.004619737265
3,7368,0.004619737265
3,7369,0.004619737265
3,7370,0.004619737265
3,7371,0.004619737265
3,7372,0.004619737265
3,7373,0.004619737265
3,7374,0.004619737265
3,7375,0.004619737265
3,7376,0.004619737265
3,7377,0.004619737265
3,7378,0.004619737265
3,7379,0.004619737265
3,7380,0.004619737265
3,7381,0.004619737265
3,7382,0.004619737265
3,7383,0.004619737265
3,7384,0.004619737265
3,7385,0.004619737265
3,7386,0.004619737265
3,7387,0.004619737265
3,7388,0.004619737265
3,7389,0.004619737265
3,7390,0.004619737265
3,7391,0.004619737265
3,7392,0.004619737265
3,7393,0.004619737265
3,7394,0.004619737265
3,7395,0.004619737265
3,7396,0.004619737265
3,7397,0.004619737265
3,7398,0.004619737265
3,7399,0.004619737265
3,7400,0.004619737265
3,7401,0.004619737265
3,7402,0.004619737265
3,7403,0.004619737265
3,7404,0.004619737265
3,7405,0.004619737265
3,7406,0.004619737265
3,7407,0.004619737265
3,7408,0.004619737265
3,7409,0.004619737265
3,7410,0.004619737265
3,7411,0.004619737265
3,7412,0.004619737265
3,7413,0.004619737265
3,7414,0.004619737265
3,7415,0.004619737265
3,7416,0.004619737265
3,7417,0.004619737265
3,7418,0.004619737265
3,7419,0.004619737265
3,7420,0.004619737265
3,7421,0.004619737265
3,7422,0.004619737265
3,7423,0.004619737265
3,7424,0.004619737265
3,7425,0.004619737265
3,7426,0.004619737265
3,7427,0.004619737265
3,7428,0.004619737265
3,7429,0.004619737265
3,7430,0.004619737265
3,7431,0.004619737265
3,7432,0.004619737265
3,7433,0.004619737265
3,7434,0.004619737265
3,7435,0.004619737265
3,7436,0.004619737265
3,7437,0.004619737265
3,7438,0.004619737265
3,7439,0.004619737265
3,7440,0.004619737265
3,7441,0.004619737265
3,7442,0.004619737265
3,7443,0.004619737265
3,7444,0.004619737265
3,7445,0.004619737265
3,7446,0.004619737265
3,7447,0.004619737265
3,7448,0.004619737265
3,7449,0.004619737265
3,7450,0.004619737265
3,7451,0.004619737265
3,7452,0.004619737265
3,7453,0.004619737265
3,7454,0.004619737265
3,7455,0.004619737265
3,7456,0.004619737265
3,7457,0.004619737265
3,7458,0.004619737265
3,7459,0.004619737265
3,7460,0.004619737265
3,7461,0.004619737265
3,7462,0.004619737265
3,7463,0.004619737265
3,7464,0.004619737265
3,7465,0.004619737265
3,7466,0.004619737265
3,7467,0.004619737265
3,7468,0.004619737265
3,7469,0.004619737265
3,7470,0.004619737265
3,7471,0.004619737265
3,7472,0.004619737265
3,7473,0.004619737265
3,7474,0.004619737265
3,7475,0.004619737265
3,7476,0.004619737265
3,7477,0.004619737265
3,7478,0.004619737265
3,7479,0.004619737265
3,7480,0.004619737265
3,7481,0.004619737265
3,7482,0.004619737265
3,7483,0.004619737265
3,7484,0.004619737265
3,7485,0.004619737265
3,7486,0.004619737265
3,7487,0.004619737265
3,7488,0.004619737265
3,7489,0.004619737265
3,7490,0.004619737265
3,7491,0.004619737265
3,7492,0.004619737265
3,7493,0.004619737265
3,7494,0.004619737265
3,7495,0.004619737265
3,7496,0.004619737265
3,7497,0.004619737265
3,7498,0.004619737265
3,7499,0.004619737265
3,7500,0.004619737265
3,7501,0.004619737265
3,7502,0.004619737265
3,7503,0.004619737265
3,7504,0.004619737265
3,7505,0.004619737265
3,7506,0.004619737265
3,7507,0.004619737265
3,7508,0.004619737265
3,7509,0.004619737265
3,7510,0.004619737265
3,7511,0.004619737265
3,7512,0.004619737265
3,7513,0.004619737265
3,7514,0.004619737265
3,7515,0.004619737265
3,7516,0.004619737265
3,7517,0.004619737265
3,7518,0.004619737265
3,7519,0.004619737265
3,7520,0.004619737265
3,7521,0.004619737265
3,7522,0.004619737265
3,7523,0.004619737265
3,7524,0.004619737265
3,7525,0.004619737265
3,7526,0.004619737265
3,7527,0.004619737265
3,7528,0.004619737265
3,7529,0.004619737265
3,7530,0.004619737265
3,7531,0.004619737265
3,7532,0.004619737265
3,7533,0.004619737265
3,7534,0.004619737265
3,7535,0.004619737265
3,7536,0.004619737265
3,7537,0.004619737265
3,7538,0.004619737265
3,7539,0.004619737265
3,7540,0.004619737265
3,7541,0.004619737265
3,7542,0.004619737265
3,7543,0.004619737265
3,7544,0.004619737265
3,7545,0.004619737265
3,7546,0.004619737265
3,7547,0.004619737265
3,7548,0.004619737265
3,7549,0.004619737265
3,7550,0.004619737265
3,7551,0.004619737265
3,7552,0.004619737265
3,7553,0.004619737265
3,7554,0.004619737265
3,7555,0.004619737265
3,7556,0.004619737265
3,7557,0.004619737265
3,7558,0.004619737265
3,7559,0.004619737265
3,7560,0.004619737265
3,7561,0.004619737265
3,7562,0.004619737265
3,7563,0.004619737265
3,7564,0.004619737265
3,7565,0.004619737265
3,7566,0.004619737265
3,7567,0.004619737265
3,7568,0.004619737265
3,7569,0.004619737265
3,7570,0.004619737265
3,7571,0.004619737265
3,7572,0.004619737265
3,7573,0.004619737265
3,7574,0.004619737265
3,7575,0.004619737265
3,7576,0.004619737265
3,7577,0.004619737265
3,7578,0.004619737265
3,7579,0.004619737265
3,7580,0.004619737265
3,7581,0.004619737265
3,7582,0.004619737265
3,7583,0.004619737265
3,7584,0.004619737265
3,7585,0.004619737265
3,7586,0.004619737265
3,7587,0.004619737265
3,7588,0.004619737265
3,7589,0.004619737265
3,7590,0.004619737265
3,7591,0.004619737265
3,7592,0.004619737265
3,7593,0.004619737265
3,7594,0.004619737265
3,7595,0.004619737265
3,7596,0.004619737265
3,7597,0.004619737265
3,7598,0.004619737265
3,7599,0.004619737265
3,7600,0.004619737265
3,7601,0.004619737265
3,7602,0.004619737265
3,7603,0.004619737265
3,7604,0.004619737265
3,7605,0.004619737265
3,7606,0.004619737265
3,7607,0.004619737265
3,7608,0.004619737265
3,7609,0.004619737265
3,7610,0.004619737265
3,7611,0.004619737265
3,7612,0.004619737265
3,7613,0.004619737265
3,7614,0.004619737265
3,7615,0.004619737265
3,7616,0.004619737265
3,7617,0.004619737265
3,7618,0.004619737265
3,7619,0.004619737265
3,7620,0.004619737265
3,7621,0.004619737265
3,7622,0.004619737265
3,7623,0.004619737265
3,7624,0.004619737265
3,7625,0.004619737265
3,7626,0.004619737265
3,7627,0.004619737265
3,7628,0.004619737265
3,7629,0.004619737265
3,7630,0.004619737265
3,7631,0.004619737265
3,7632,0.004619737265
3,7633,0.004619737265
3,7634,0.004619737265
3,7635,0.004619737265
3,7636,0.004619737265
3,7637,0.004619737265
3,7638,0.004619737265
3,7639,0.004619737265
3,7640,0.004619737265
3,7641,0.004619737265
3,7642,0.004619737265
3,7643,0.004619737265
3,7644,0.004619737265
3,7645,0.004619737265
3,7646,0.004619737265
3,7647,0.004619737265
3,7648,0.004619737265
3,7649,0.004619737265
3,7650,0.004619737265
3,7651,0.004619737265
3,7652,0.004619737265
3,7653,0.004619737265
3,7654,0.004619737265
3,7655,0.004619737265
3,7656,0.004619737265
3,7657,0.004619737265
3,7658,0.004619737265
3,7659,0.004619737265
3,7660,0.004619737265
3,7661,0.004619737265
3,7662,0.004619737265
3,7663,0.004619737265
3,7664,0.004619737265
3,7665,0.004619737265
3,7666,0.004619737265
3,7667,0.004619737265
3,7668,0.004619737265
3,7669,0.004619737265
3,7670,0.004619737265
3,7671,0.004619737265
3,7672,0.004619737265
3,7673,0.004619737265
3,7674,0.004619737265
3,7675,0.004619737265
3,7676,0.004619737265
3,7677,0.004619737265
3,7678,0.004619737265
3,7679,0.004619737265
3,7680,0.004619737265
3,7681,0.004619737265
3,7682,0.004619737265
3,7683,0.004619737265
3,7684,0.004619737265
3,7685,0.004619737265
3,7686,0.004619737265
3,7687,0.004619737265
3,7688,0.004619737265
3,7689,0.004619737265
3,7690,0.004619737265
3,7691,0.004619737265
3,7692,0.004619737265
3,7693,0.004619737265
3,7694,0.004619737265
3,7695,0.004619737265
3,7696,0.004619737265
3,7697,0.004619737265
3,7698,0.004619737265
3,7699,0.004619737265
3,7700,0.004619737265
3,7701,0.004619737265
3,7702,0.004619737265
3,7703,0.004619737265
3,7704,0.004619737265
3,7705,0.004619737265
3,7706,0.004619737265
3,7707,0.004619737265
3,7708,0.004619737265
3,7709,0.004619737265
3,7710,0.004619737265
3,7711,0.004619737265
3,7712,0.004619737265
3,7713,0.004619737265
3,7714,0.004619737265
3,7715,0.004619737265
3,7716,0.004619737265
3,7717,0.004619737265
3,7718,0.004619737265
3,7719,0.004619737265
3,7720,0.004619737265
3,7721,0.004619737265
3,7722,0.004619737265
3,7723,0.004619737265
3,7724,0.004619737265
3,7725,0.004619737265
3,7726,0.004619737265
3,7727,0.004619737265
3,7728,0.004619737265
3,7729,0.004619737265
3,7730,0.004619737265
3,7731,0.004619737265
3,7732,0.004619737265
3,7733,0.004619737265
3,7734,0.004619737265
3,7735,0.004619737265
3,7736,0.004619737265
3,7737,0.004619737265
3,7738,0.004619737265
3,7739,0.004619737265
3,7740,0.004619737265
3,7741,0.004619737265
3,7742,0.004619737265
3,7743,0.004619737265
3,7744,0.004619737265
3,7745,0.004619737265
3,7746,0.004619737265
3,7747,0.004619737265
3,7748,0.004619737265
3,7749,0.004619737265
3,7750,0.004619737265
3,7751,0.004619737265
3,7752,0.004619737265
3,7753,0.004619737265
3,7754,0.004619737265
3,7755,0.004619737265
3,7756,0.004619737265
3,7757,0.004619737265
3,7758,0.004619737265
3,7759,0.004619737265
3,7760,0.004619737265
3,7761,0.004619737265
3,7762,0.004619737265
3,7763,0.004619737265
3,7764,0.004619737265
3,7765,0.004619737265
3,7766,0.004619737265
3,7767,0.004619737265
3,7768,0.004619737265
3,7769,0.004619737265
3,7770,0.004619737265
3,7771,0.004619737265
3,7772,0.004619737265
3,7773,0.004619737265
3,7774,0.004619737265
3,7775,0.004619737265
3,7776,0.004619737265
3,7777,0.004619737265
3,7778,0.004619737265
3,7779,0.004619737265
3,7780,0.004619737265
3,7781,0.004619737265
3,7782,0.004619737265
3,7783,0.004619737265
3,7784,0.004619737265
3,7785,0.004619737265
3,7786,0.004619737265
3,7787,0.004619737265
3,7788,0.004619737265
3,7789,0.004619737265
3,7790,0.004619737265
3,7791,0.004619737265
3,7792,0.004619737265
3,7793,0.004619737265
3,7794,0.004619737265
3,7795,0.004619737265
3,7796,0.004619737265
3,7797,0.004619737265
3,7798,0.004619737265
3,7799,0.004619737265
3,7800,0.004619737265
3,7801,0.004619737265
3,7802,0.004619737265
3,7803,0.004619737265
3,7804,0.004619737265
3,7805,0.004619737265
3,7806,0.004619737265
3,7807,0.004619737265
3,7808,0.004619737265
3,7809,0.004619737265
3,7810,0.004619737265
3,7811,0.004619737265
3,7812,0.004619737265
3,7813,0.004619737265
3,7814,0.004619737265
3,7815,0.004619737265
3,7816,0.004619737265
3,7817,0.004619737265
3,7818,0.004619737265
3,7819,0.004619737265
3,7820,0.004619737265
3,7821,0.004619737265
3,7822,0.004619737265
3,7823,0.004619737265
3,7824,0.004619737265
3,7825,0.004619737265
3,7826,0.004619737265
3,7827,0.004619737265
3,7828,0.004619737265
3,7829,0.004619737265
3,7830,0.004619737265
3,7831,0.004619737265
3,7832,0.004619737265
3,7833,0.004619737265
3,7834,0.004619737265
3,7835,0.004619737265
3,7836,0.004619737265
3,7837,0.004619737265
3,7838,0.004619737265
3,7839,0.004619737265
3,7840,0.004619737265
3,7841,0.004619737265
3,7842,0.004619737265
3,7843,0.004619737265
3,7844,0.004619737265
3,7845,0.004619737265
3,7846,0.004619737265
3,7847,0.004619737265
3,7848,0.004619737265
3,7849,0.004619737265
3,7850,0.004619737265
3,7851,0.004619737265
3,7852,0.004619737265
3,7853,0.004619737265
3,7854,0.004619737265
3,7855,0.004619737265
3,7856,0.004619737265
3,7857,0.004619737265
3,7858,0.004619737265
3,7859,0.004619737265
3,7860,0.004619737265
3,7861,0.004619737265
3,7862,0.004619737265
3,7863,0.004619737265
3,7864,0.004619737265
3,7865,0.004619737265
3,7866,0.004619737265
3,7867,0.004619737265
3,7868,0.004619737265
3,7869,0.004619737265
3,7870,0.004619737265
3,7871,0.004619737265
3,7872,0.004619737265
3,7873,0.004619737265
3,7874,0.004619737265
3,7875,0.004619737265
3,7876,0.004619737265
3,7877,0.004619737265
3,7878,0.004619737265
3,7879,0.004619737265
3,7880,0.004619737265
3,7881,0.004619737265
3,7882,0.004619737265
3,7883,0.004619737265
3,7884,0.004619737265
3,7885,0.004619737265
3,7886,0.004619737265
3,7887,0.004619737265
3,7888,0.004619737265
3,7889,0.004619737265
3,7890,0.004619737265
3,7891,0.004619737265
3,7892,0.004619737265
3,7893,0.004619737265
3,7894,0.004619737265
3,7895,0.004619737265
3,7896,0.004619737265
3,7897,0.004619737265
3,7898,0.004619737265
3,7899,0.004619737265
3,7900,0.004619737265
3,7901,0.004619737265
3,7902,0.004619737265
3,7903,0.004619737265
3,7904,0.004619737265
3,7905,0.004619737265
3,7906,0.004619737265
3,7907,0.004619737265
3,7908,0.004619737265
3,7909,0.004619737265
3,7910,0.004619737265
3,7911,0.004619737265
3,7912,0.004619737265
3,7913,0.004619737265
3,7914,0.004619737265
3,7915,0.004619737265
3,7916,0.004619737265
3,7917,0.004619737265
3,7918,0.004619737265
3,7919,0.004619737265
3,7920,0.004619737265
3,7921,0.004619737265
3,7922,0.004619737265
3,7923,0.004619737265
3,7924,0.004619737265
3,7925,0.004619737265
3,7926,0.004619737265
3,7927,0.004619737265
3,7928,0.004619737265
3,7929,0.004619737265
3,7930,0.004619737265
3,7931,0.004619737265
3,7932,0.004619737265
3,7933,0.004619737265
3,7934,0.004619737265
3,7935,0.004619737265
3,7936,0.004619737265
3,7937,0.004619737265
3,7938,0.004619737265
3,7939,0.004619737265
3,7940,0.004619737265
3,7941,0.004619737265
3,7942,0.004619737265
3,7943,0.004619737265
3,7944,0.004619737265
3,7945,0.004619737265
3,7946,0.004619737265
3,7947,0.004619737265
3,7948,0.004619737265
3,7949,0.004619737265
3,7950,0.004619737265
3,7951,0.004619737265
3,7952,0.004619737265
3,7953,0.004619737265
3,7954,0.004619737265
3,7955,0.004619737265
3,7956,0.004619737265
3,7957,0.004619737265
3,7958,0.004619737265
3,7959,0.004619737265
3,7960,0.004619737265
3,7961,0.004619737265
3,7962,0.004619737265
3,7963,0.004619737265
3,7964,0.004619737265
3,7965,0.004619737265
3,7966,0.004619737265
3,7967,0.004619737265
3,7968,0.004619737265
3,7969,0.004619737265
3,7970,0.004619737265
3,7971,0.004619737265
3,7972,0.004619737265
3,7973,0.004619737265
3,7974,0.004619737265
3,7975,0.004619737265
3,7976,0.004619737265
3,7977,0.004619737265
3,7978,0.004619737265
3,7979,0.004619737265
3,7980,0.004619737265
3,7981,0.004619737265
3,7982,0.004619737265
3,7983,0.004619737265
3,7984,0.004619737265
3,7985,0.004619737265
3,7986,0.004619737265
3,7987,0.004619737265
3,7988,0.004619737265
3,7989,0.004619737265
3,7990,0.004619737265
3,7991,0.004619737265
3,7992,0.004619737265
3,7993,0.004619737265
3,7994,0.004619737265
3,7995,0.004619737265
3,7996,0.004619737265
3,7997,0.004619737265
3,7998,0.004619737265
3,7999,0.004619737265
3,8000,0.004619737265
3,8001,0.004619737265
3,8002,0.004619737265
3,8003,0.004619737265
3,8004,0.004619737265
3,8005,0.004619737265
3,8006,0.004619737265
3,8007,0.004619737265
3,8008,0.004619737265
3,8009,0.004619737265
3,8010,0.004619737265
3,8011,0.004619737265
3,8012,0.004619737265
3,8013,0.004619737265
3,8014,0.004619737265
3,8015,0.004619737265
3,8016,0.004619737265
3,8017,0.004619737265
3,8018,0.004619737265
3,8019,0.004619737265
3,8020,0.004619737265
3,8021,0.004619737265
3,8022,0.004619737265
3,8023,0.004619737265
3,8024,0.004619737265
3,8025,0.004619737265
3,8026,0.004619737265
3,8027,0.004619737265
3,8028,0.004619737265
3,8029,0.004619737265
3,8030,0.004619737265
3,8031,0.004619737265
3,8032,0.004619737265
3,8033,0.004619737265
3,8034,0.004619737265
3,8035,0.004619737265
3,8036,0.004619737265
3,8037,0.004619737265
3,8038,0.004619737265
3,8039,0.004619737265
3,8040,0.004619737265
3,8041,0.004619737265
3,8042,0.004619737265
3,8043,0.004619737265
3,8044,0.004619737265
3,8045,0.004619737265
3,8046,0.004619737265
3,8047,0.004619737265
3,8048,0.004619737265
3,8049,0.004619737265
3,8050,0.004619737265
3,8051,0.004619737265
3,8052,0.004619737265
3,8053,0.004619737265
3,8054,0.004619737265
3,8055,0.004619737265
3,8056,0.004619737265
3,8057,0.004619737265
3,8058,0.004619737265
3,8059,0.004619737265
3,8060,0.004619737265
3,8061,0.004619737265
3,8062,0.004619737265
3,8063,0.004619737265
3,8064,0.004619737265
3,8065,0.004619737265
3,8066,0.004619737265
3,8067,0.004619737265
3,8068,0.004619737265
3,8069,0.004619737265
3,8070,0.004619737265
3,8071,0.004619737265
3,8072,0.004619737265
3,8073,0.004619737265
3,8074,0.004619737265
3,8075,0.004619737265
3,8076,0.004619737265
3,8077,0.004619737265
3,8078,0.004619737265
3,8079,0.004619737265
3,8080,0.004619737265
3,8081,0.004619737265
3,8082,0.004619737265
3,8083,0.004619737265
3,8084,0.004619737265
3,8085,0.004619737265
3,8086,0.004619737265
3,8087,0.004619737265
3,8088,0.004619737265
3,8089,0.004619737265
3,8090,0.004619737265
3,8091,0.004619737265
3,8092,0.004619737265
3,8093,0.004619737265
3,8094,0.004619737265
3,8095,0.004619737265
3,8096,0.004619737265
3,8097,0.004619737265
3,8098,0.004619737265
3,8099,0.004619737265
3,8100,0.004619737265
3,8101,0.004619737265
3,8102,0.004619737265
3,8103,0.004619737265
3,8104,0.004619737265
3,8105,0.004619737265
3,8106,0.004619737265
3,8107,0.004619737265
3,8108,0.004619737265
3,8109,0.004619737265
3,8110,0.004619737265
3,8111,0.004619737265
3,8112,0.004619737265
3,8113,0.004619737265
3,8114,0.004619737265
3,8115,0.004619737265
3,8116,0.004619737265
3,8117,0.004619737265
3,8118,0.004619737265
3,8119,0.004619737265
3,8120,0.004619737265
3,8121,0.004619737265
3,8122,0.004619737265
3,8123,0.004619737265
3,8124,0.004619737265
3,8125,0.004619737265
3,8126,0.004619737265
3,8127,0.004619737265
3,8128,0.004619737265
3,8129,0.004619737265
3,8130,0.004619737265
3,8131,0.004619737265
3,8132,0.004619737265
3,8133,0.004619737265
3,8134,0.004619737265
3,8135,0.004619737265
3,8136,0.004619737265
3,8137,0.004619737265
3,8138,0.004619737265
3,8139,0.004619737265
3,8140,0.004619737265
3,8141,0.004619737265
3,8142,0.004619737265
3,8143,0.004619737265
3,8144,0.004619737265
3,8145,0.004619737265
3,8146,0.004619737265
3,8147,0.004619737265
3,8148,0.004619737265
3,8149,0.004619737265
3,8150,0.004619737265
3,8151,0.004619737265
3,8152,0.004619737265
3,8153,0.004619737265
3,8154,0.004619737265
3,8155,0.004619737265
3,8156,0.004619737265
3,8157,0.004619737265
3,8158,0.004619737265
3,8159,0.004619737265
3,8160,0.004619737265
3,8161,0.004619737265
3,8162,0.004619737265
3,8163,0.004619737265
3,8164,0.004619737265
3,8165,0.004619737265
3,8166,0.004619737265
3,8167,0.004619737265
3,8168,0.004619737265
3,8169,0.004619737265
3,8170,0.004619737265
3,8171,0.004619737265
3,8172,0.004619737265
3,8173,0.004619737265
3,8174,0.004619737265
3,8175,0.004619737265
3,8176,0.004619737265
3,8177,0.004619737265
3,8178,0.004619737265
3,8179,0.004619737265
3,8180,0.004619737265
3,8181,0.004619737265
3,8182,0.004619737265
3,8183,0.004619737265
3,8184,0.004619737265
3,8185,0.004619737265
3,8186,0.004619737265
3,8187,0.004619737265
3,8188,0.004619737265
3,8189,0.004619737265
3,8190,0.004619737265
3,8191,0.004619737265
3,8192,0.004619737265
3,8193,0.004619737265
3,8194,0.004619737265
3,8195,0.004619737265
3,8196,0.004619737265
3,8197,0.004619737265
3,8198,0.004619737265
3,8199,0.004619737265
3,8200,0.004619737265
3,8201,0.004619737265
3,8202,0.004619737265
3,8203,0.004619737265
3,8204,0.004619737265
3,8205,0.004619737265
3,8206,0.004619737265
3,8207,0.004619737265
3,8208,0.004619737265
3,8209,0.004619737265
3,8210,0.004619737265
3,8211,0.004619737265
3,8212,0.004619737265
3,8213,0.004619737265
3,8214,0.004619737265
3,8215,0.004619737265
3,8216,0.004619737265
3,8217,0.004619737265
3,8218,0.004619737265
3,8219,0.004619737265
3,8220,0.004619737265
3,8221,0.004619737265
3,8222,0.004619737265
3,8223,0.004619737265
3,8224,0.004619737265
3,8225,0.004619737265
3,8226,0.004619737265
3,8227,0.004619737265
3,8228,0.004619737265
3,8229,0.004619737265
3,8230,0.004619737265
3,8231,0.004619737265
3,8232,0.004619737265
3,8233,0.004619737265
3,8234,0.004619737265
3,8235,0.004619737265
3,8236,0.004619737265
3,8237,0.004619737265
3,8238,0.004619737265
3,8239,0.004619737265
3,8240,0.004619737265
3,8241,0.004619737265
3,8242,0.004619737265
3,8243,0.004619737265
3,8244,0.004619737265
3,8245,0.004619737265
3,8246,0.004619737265
3,8247,0.004619737265
3,8248,0.004619737265
3,8249,0.004619737265
3,8250,0.004619737265
3,8251,0.004619737265
3,8252,0.004619737265
3,8253,0.004619737265
3,8254,0.004619737265
3,8255,0.004619737265
3,8256,0.004619737265
3,8257,0.004619737265
3,8258,0.004619737265
3,8259,0.004619737265
3,8260,0.004619737265
3,8261,0.004619737265
3,8262,0.004619737265
3,8263,0.004619737265
3,8264,0.004619737265
3,8265,0.004619737265
3,8266,0.004619737265
3,8267,0.004619737265
3,8268,0.004619737265
3,8269,0.004619737265
3,8270,0.004619737265
3,8271,0.004619737265
3,8272,0.004619737265
3,8273,0.004619737265
3,8274,0.004619737265
3,8275,0.004619737265
3,8276,0.004619737265
3,8277,0.004619737265
3,8278,0.004619737265
3,8279,0.004619737265
3,8280,0.004619737265
3,8281,0.004619737265
3,8282,0.004619737265
3,8283,0.004619737265
3,8284,0.004619737265
3,8285,0.004619737265
3,8286,0.004619737265
3,8287,0.004619737265
3,8288,0.004619737265
3,8289,0.004619737265
3,8290,0.004619737265
3,8291,0.004619737265
3,8292,0.004619737265
3,8293,0.004619737265
3,8294,0.004619737265
3,8295,0.004619737265
3,8296,0.004619737265
3,8297,0.004619737265
3,8298,0.004619737265
3,8299,0.004619737265
3,8300,0.004619737265
3,8301,0.004619737265
3,8302,0.004619737265
3,8303,0.004619737265
3,8304,0.004619737265
3,8305,0.004619737265
3,8306,0.004619737265
3,8307,0.004619737265
3,8308,0.004619737265
3,8309,0.004619737265
3,8310,0.004619737265
3,8311,0.004619737265
3,8312,0.004619737265
3,8313,0.004619737265
3,8314,0.004619737265
3,8315,0.004619737265
3,8316,0.004619737265
3,8317,0.004619737265
3,8318,0.004619737265
3,8319,0.004619737265
3,8320,0.004619737265
3,8321,0.004619737265
3,8322,0.004619737265
3,8323,0.004619737265
3,8324,0.004619737265
3,8325,0.004619737265
3,8326,0.004619737265
3,8327,0.004619737265
3,8328,0.004619737265
3,8329,0.004619737265
3,8330,0.004619737265
3,8331,0.004619737265
3,8332,0.004619737265
3,8333,0.004619737265
3,8334,0.004619737265
3,8335,0.004619737265
3,8336,0.004619737265
3,8337,0.004619737265
3,8338,0.004619737265
3,8339,0.004619737265
3,8340,0.004619737265
3,8341,0.004619737265
3,8342,0.004619737265
3,8343,0.004619737265
3,8344,0.004619737265
3,8345,0.004619737265
3,8346,0.004619737265
3,8347,0.004619737265
3,8348,0.004619737265
3,8349,0.004619737265
3,8350,0.004619737265
3,8351,0.004619737265
3,8352,0.004619737265
3,8353,0.004619737265
3,8354,0.004619737265
3,8355,0.004619737265
3,8356,0.004619737265
3,8357,0.004619737265
3,8358,0.004619737265
3,8359,0.004619737265
3,8360,0.004619737265
3,8361,0.004619737265
3,8362,0.004619737265
3,8363,0.004619737265
3,8364,0.004619737265
3,8365,0.004619737265
3,8366,0.004619737265
3,8367,0.004619737265
3,8368,0.004619737265
3,8369,0.004619737265
3,8370,0.004619737265
3,8371,0.004619737265
3,8372,0.004619737265
3,8373,0.004619737265
3,8374,0.004619737265
3,8375,0.004619737265
3,8376,0.004619737265
3,8377,0.004619737265
3,8378,0.004619737265
3,8379,0.004619737265
3,8380,0.004619737265
3,8381,0.004619737265
3,8382,0.004619737265
3,8383,0.004619737265
3,8384,0.004619737265
3,8385,0.004619737265
3,8386,0.004619737265
3,8387,0.004619737265
3,8388,0.004619737265
3,8389,0.004619737265
3,8390,0.004619737265
3,8391,0.004619737265
3,8392,0.004619737265
3,8393,0.004619737265
3,8394,0.004619737265
3,8395,0.004619737265
3,8396,0.004619737265
3,8397,0.004619737265
3,8398,0.004619737265
3,8399,0.004619737265
3,8400,0.004619737265
3,8401,0.004619737265
3,8402,0.004619737265
3,8403,0.004619737265
3,8404,0.004619737265
3,8405,0.004619737265
3,8406,0.004619737265
3,8407,0.004619737265
3,8408,0.004619737265
3,8409,0.004619737265
3,8410,0.004619737265
3,8411,0.004619737265
3,8412,0.004619737265
3,8413,0.004619737265
3,8414,0.004619737265
3,8415,0.004619737265
3,8416,0.004619737265
3,8417,0.004619737265
3,8418,0.004619737265
3,8419,0.004619737265
3,8420,0.004619737265
3,8421,0.004619737265
3,8422,0.004619737265
3,8423,0.004619737265
3,8424,0.004619737265
3,8425,0.004619737265
3,8426,0.004619737265
3,8427,0.004619737265
3,8428,0.004619737265
3,8429,0.004619737265
3,8430,0.004619737265
3,8431,0.004619737265
3,8432,0.004619737265
3,8433,0.004619737265
3,8434,0.004619737265
3,8435,0.004619737265
3,8436,0.004619737265
3,8437,0.004619737265
3,8438,0.004619737265
3,8439,0.004619737265
3,8440,0.004619737265
3,8441,0.004619737265
3,8442,0.004619737265
3,8443,0.004619737265
3,8444,0.004619737265
3,8445,0.004619737265
3,8446,0.004619737265
3,8447,0.004619737265
3,8448,0.004619737265
3,8449,0.004619737265
3,8450,0.004619737265
3,8451,0.004619737265
3,8452,0.004619737265
3,8453,0.004619737265
3,8454,0.004619737265
3,8455,0.004619737265
3,8456,0.004619737265
3,8457,0.004619737265
3,8458,0.004619737265
3,8459,0.004619737265
3,8460,0.004619737265
3,8461,0.004619737265
3,8462,0.004619737265
3,8463,0.004619737265
3,8464,0.004619737265
3,8465,0.004619737265
3,8466,0.004619737265
3,8467,0.004619737265
3,8468,0.004619737265
3,8469,0.004619737265
3,8470,0.004619737265
3,8471,0.004619737265
3,8472,0.004619737265
3,8473,0.004619737265
3,8474,0.004619737265
3,8475,0.004619737265
3,8476,0.004619737265
3,8477,0.004619737265
3,8478,0.004619737265
3,8479,0.004619737265
3,8480,0.004619737265
3,8481,0.004619737265
3,8482,0.004619737265
3,8483,0.004619737265
3,8484,0.004619737265
3,8485,0.004619737265
3,8486,0.004619737265
3,8487,0.004619737265
3,8488,0.004619737265
3,8489,0.004619737265
3,8490,0.004619737265
3,8491,0.004619737265
3,8492,0.004619737265
3,8493,0.004619737265
3,8494,0.004619737265
3,8495,0.004619737265
3,8496,0.004619737265
3,8497,0.004619737265
3,8498,0.004619737265
3,8499,0.004619737265
3,8500,0.004619737265
3,8501,0.004619737265
3,8502,0.004619737265
3,8503,0.004619737265
3,8504,0.004619737265
3,8505,0.004619737265
3,8506,0.004619737265
3,8507,0.004619737265
3,8508,0.004619737265
3,8509,0.004619737265
3,8510,0.004619737265
3,8511,0.004619737265
3,8512,0.004619737265
3,8513,0.004619737265
3,8514,0.004619737265
3,8515,0.004619737265
3,8516,0.004619737265
3,8517,0.004619737265
3,8518,0.004619737265
3,8519,0.004619737265
3,8520,0.004619737265
3,8521,0.004619737265
3,8522,0.004619737265
3,8523,0.004619737265
3,8524,0.004619737265
3,8525,0.004619737265
3,8526,0.004619737265
3,8527,0.004619737265
3,8528,0.004619737265
3,8529,0.004619737265
3,8530,0.004619737265
3,8531,0.004619737265
3,8532,0.004619737265
3,8533,0.004619737265
3,8534,0.004619737265
3,8535,0.004619737265
3,8536,0.004619737265
3,8537,0.004619737265
3,8538,0.004619737265
3,8539,0.004619737265
3,8540,0.004619737265
3,8541,0.004619737265
3,8542,0.004619737265
3,8543,0.004619737265
3,8544,0.004619737265
3,8545,0.004619737265
3,8546,0.004619737265
3,8547,0.004619737265
3,8548,0.004619737265
3,8549,0.004619737265
3,8550,0.004619737265
3,8551,0.004619737265
3,8552,0.004619737265
3,8553,0.004619737265
3,8554,0.004619737265
3,8555,0.004619737265
3,8556,0.004619737265
3,8557,0.004619737265
3,8558,0.004619737265
3,8559,0.004619737265
3,8560,0.004619737265
3,8561,0.004619737265
3,8562,0.004619737265
3,8563,0.004619737265
3,8564,0.004619737265
3,8565,0.004619737265
3,8566,0.004619737265
3,8567,0.004619737265
3,8568,0.004619737265
3,8569,0.004619737265
3,8570,0.004619737265
3,8571,0.004619737265
3,8572,0.004619737265
3,8573,0.004619737265
3,8574,0.004619737265
3,8575,0.004619737265
3,8576,0.004619737265
3,8577,0.004619737265
3,8578,0.004619737265
3,8579,0.004619737265
3,8580,0.004619737265
3,8581,0.004619737265
3,8582,0.004619737265
3,8583,0.004619737265
3,8584,0.004619737265
3,8585,0.004619737265
3,8586,0.004619737265
3,8587,0.004619737265
3,8588,0.004619737265
3,8589,0.004619737265
3,8590,0.004619737265
3,8591,0.004619737265
3,8592,0.004619737265
3,8593,0.004619737265
3,8594,0.004619737265
3,8595,0.004619737265
3,8596,0.004619737265
3,8597,0.004619737265
3,8598,0.004619737265
3,8599,0.004619737265
3,8600,0.004619737265
3,8601,0.004619737265
3,8602,0.004619737265
3,8603,0.004619737265
3,8604,0.004619737265
3,8605,0.004619737265
3,8606,0.004619737265
3,8607,0.004619737265
3,8608,0.004619737265
3,8609,0.004619737265
3,8610,0.004619737265
3,8611,0.004619737265
3,8612,0.004619737265
3,8613,0.004619737265
3,8614,0.004619737265
3,8615,0.004619737265
3,8616,0.004619737265
3,8617,0.004619737265
3,8618,0.004619737265
3,8619,0.004619737265
3,8620,0.004619737265
3,8621,0.004619737265
3,8622,0.004619737265
3,8623,0.004619737265
3,8624,0.004619737265
3,8625,0.004619737265
3,8626,0.004619737265
3,8627,0.004619737265
3,8628,0.004619737265
3,8629,0.004619737265
3,8630,0.004619737265
3,8631,0.004619737265
3,8632,0.004619737265
3,8633,0.004619737265
3,8634,0.004619737265
3,8635,0.004619737265
3,8636,0.004619737265
3,8637,0.004619737265
3,8638,0.004619737265
3,8639,0.004619737265
3,8640,0.004619737265
3,8641,0.004619737265
3,8642,0.004619737265
3,8643,0.004619737265
3,8644,0.004619737265
3,8645,0.004619737265
3,8646,0.004619737265
3,8647,0.004619737265
3,8648,0.004619737265
3,8649,0.004619737265
3,8650,0.004619737265
3,8651,0.004619737265
3,8652,0.004619737265
3,8653,0.004619737265
3,8654,0.004619737265
3,8655,0.004619737265
3,8656,0.004619737265
3,8657,0.004619737265
3,8658,0.004619737265
3,8659,0.004619737265
3,8660,0.004619737265
3,8661,0.004619737265
3,8662,0.004619737265
3,8663,0.004619737265
3,8664,0.004619737265
3,8665,0.004619737265
3,8666,0.004619737265
3,8667,0.004619737265
3,8668,0.004619737265
3,8669,0.004619737265
3,8670,0.004619737265
3,8671,0.004619737265
3,8672,0.004619737265
3,8673,0.004619737265
3,8674,0.004619737265
3,8675,0.004619737265
3,8676,0.004619737265
3,8677,0.004619737265
3,8678,0.004619737265
3,8679,0.004619737265
3,8680,0.004619737265
3,8681,0.004619737265
3,8682,0.004619737265
3,8683,0.004619737265
3,8684,0.004619737265
3,8685,0.004619737265
3,8686,0.004619737265
3,8687,0.004619737265
3,8688,0.004619737265
3,8689,0.004619737265
3,8690,0.004619737265
3,8691,0.004619737265
3,8692,0.004619737265
3,8693,0.004619737265
3,8694,0.004619737265
3,8695,0.004619737265
3,8696,0.004619737265
3,8697,0.004619737265
3,8698,0.004619737265
3,8699,0.004619737265
3,8700,0.004619737265
3,8701,0.004619737265
3,8702,0.004619737265
3,8703,0.004619737265
3,8704,0.004619737265
3,8705,0.004619737265
3,8706,0.004619737265
3,8707,0.004619737265
3,8708,0.004619737265
3,8709,0.004619737265
3,8710,0.004619737265
3,8711,0.004619737265
3,8712,0.004619737265
3,8713,0.004619737265
3,8714,0.004619737265
3,8715,0.004619737265
3,8716,0.004619737265
3,8717,0.004619737265
3,8718,0.004619737265
3,8719,0.004619737265
3,8720,0.004619737265
3,8721,0.004619737265
3,8722,0.004619737265
3,8723,0.004619737265
3,8724,0.004619737265
3,8725,0.004619737265
3,8726,0.004619737265
3,8727,0.004619737265
3,8728,0.004619737265
3,8729,0.004619737265
3,8730,0.004619737265
3,8731,0.004619737265
3,8732,0.004619737265
3,8733,0.004619737265
3,8734,0.004619737265
3,8735,0.004619737265
3,8736,0.004619737265
3,8737,0.004619737265
3,8738,0.004619737265
3,8739,0.004619737265
3,8740,0.004619737265
3,8741,0.004619737265
3,8742,0.004619737265
3,8743,0.004619737265
3,8744,0.004619737265
3,8745,0.004619737265
3,8746,0.004619737265
3,8747,0.004619737265
3,8748,0.004619737265
3,8749,0.004619737265
3,8750,0.004619737265
3,8751,0.004619737265
3,8752,0.004619737265
3,8753,0.004619737265
3,8754,0.004619737265
3,8755,0.004619737265
3,8756,0.004619737265
3,8757,0.004619737265
3,8758,0.004619737265
3,8759,0.004619737265
3,8760,0.004619737265
3,8761,0.004619737265
3,8762,0.004619737265
3,8763,0.004619737265
3,8764,0.004619737265
3,8765,0.004619737265
3,8766,0.004619737265
3,8767,0.004619737265
3,8768,0.004619737265
3,8769,0.004619737265
3,8770,0.004619737265
3,8771,0.004619737265
3,8772,0.004619737265
3,8773,0.004619737265
3,8774,0.004619737265
3,8775,0.004619737265
3,8776,0.004619737265
3,8777,0.004619737265
3,8778,0.004619737265
3,8779,0.004619737265
3,8780,0.004619737265
3,8781,0.004619737265
3,8782,0.004619737265
3,8783,0.004619737265
3,8784,0.004619737265
3,8785,0.004619737265
3,8786,0.004619737265
3,8787,0.004619737265
3,8788,0.004619737265
3,8789,0.004619737265
3,8790,0.004619737265
3,8791,0.004619737265
3,8792,0.004619737265
3,8793,0.004619737265
3,8794,0.004619737265
3,8795,0.004619737265
3,8796,0.004619737265
3,8797,0.004619737265
3,8798,0.004619737265
3,8799,0.004619737265
3,8800,0.004619737265
3,8801,0.004619737265
3,8802,0.004619737265
3,8803,0.004619737265
3,8804,0.004619737265
3,8805,0.004619737265
3,8806,0.004619737265
3,8807,0.004619737265
3,8808,0.004619737265
3,8809,0.004619737265
3,8810,0.004619737265
3,8811,0.004619737265
3,8812,0.004619737265
3,8813,0.004619737265
3,8814,0.004619737265
3,8815,0.004619737265
3,8816,0.004619737265
3,8817,0.004619737265
3,8818,0.004619737265
3,8819,0.004619737265
3,8820,0.004619737265
3,8821,0.004619737265
3,8822,0.004619737265
3,8823,0.004619737265
3,8824,0.004619737265
3,8825,0.004619737265
3,8826,0.004619737265
3,8827,0.004619737265
3,8828,0.004619737265
3,8829,0.004619737265
3,8830,0.004619737265
3,8831,0.004619737265
3,8832,0.004619737265
3,8833,0.004619737265
3,8834,0.004619737265
3,8835,0.004619737265
3,8836,0.004619737265
3,8837,0.004619737265
3,8838,0.004619737265
3,8839,0.004619737265
3,8840,0.004619737265
3,8841,0.004619737265
3,8842,0.004619737265
3,8843,0.004619737265
3,8844,0.004619737265
3,8845,0.004619737265
3,8846,0.004619737265
3,8847,0.004619737265
3,8848,0.004619737265
3,8849,0.004619737265
3,8850,0.004619737265
3,8851,0.004619737265
3,8852,0.004619737265
3,8853,0.004619737265
3,8854,0.004619737265
3,8855,0.004619737265
3,8856,0.004619737265
3,8857,0.004619737265
3,8858,0.004619737265
3,8859,0.004619737265
3,8860,0.004619737265
3,8861,0.004619737265
3,8862,0.004619737265
3,8863,0.004619737265
3,8864,0.004619737265
3,8865,0.004619737265
3,8866,0.004619737265
3,8867,0.004619737265
3,8868,0.004619737265
3,8869,0.004619737265
3,8870,0.004619737265
3,8871,0.004619737265
3,8872,0.004619737265
3,8873,0.004619737265
3,8874,0.004619737265
3,8875,0.004619737265
3,8876,0.004619737265
3,8877,0.004619737265
3,8878,0.004619737265
3,8879,0.004619737265
3,8880,0.004619737265
3,8881,0.004619737265
3,8882,0.004619737265
3,8883,0.004619737265
3,8884,0.004619737265
3,8885,0.004619737265
3,8886,0.004619737265
3,8887,0.004619737265
3,8888,0.004619737265
3,8889,0.004619737265
3,8890,0.004619737265
3,8891,0.004619737265
3,8892,0.004619737265
3,8893,0.004619737265
3,8894,0.004619737265
3,8895,0.004619737265
3,8896,0.004619737265
3,8897,0.004619737265
3,8898,0.004619737265
3,8899,0.004619737265
3,8900,0.004619737265
3,8901,0.004619737265
3,8902,0.004619737265
3,8903,0.004619737265
3,8904,0.004619737265
3,8905,0.004619737265
3,8906,0.004619737265
3,8907,0.004619737265
3,8908,0.004619737265
3,8909,0.004619737265
3,8910,0.004619737265
3,8911,0.004619737265
3,8912,0.004619737265
3,8913,0.004619737265
3,8914,0.004619737265
3,8915,0.004619737265
3,8916,0.004619737265
3,8917,0.004619737265
3,8918,0.004619737265
3,8919,0.004619737265
3,8920,0.004619737265
3,8921,0.004619737265
3,8922,0.004619737265
3,8923,0.004619737265
3,8924,0.004619737265
3,8925,0.004619737265
3,8926,0.004619737265
3,8927,0.004619737265
3,8928,0.004619737265
3,8929,0.004619737265
3,8930,0.004619737265
3,8931,0.004619737265
3,8932,0.004619737265
3,8933,0.004619737265
3,8934,0.004619737265
3,8935,0.004619737265
3,8936,0.004619737265
3,8937,0.004619737265
3,8938,0.004619737265
3,8939,0.004619737265
3,8940,0.004619737265
3,8941,0.004619737265
3,8942,0.004619737265
3,8943,0.004619737265
3,8944,0.004619737265
3,8945,0.004619737265
3,8946,0.004619737265
3,8947,0.004619737265
3,8948,0.004619737265
3,8949,0.004619737265
3,8950,0.004619737265
3,8951,0.004619737265
3,8952,0.004619737265
3,8953,0.004619737265
3,8954,0.004619737265
3,8955,0.004619737265
3,8956,0.004619737265
3,8957,0.004619737265
3,8958,0.004619737265
3,8959,0.004619737265
3,8960,0.004619737265
3,8961,0.004619737265
3,8962,0.004619737265
3,8963,0.004619737265
3,8964,0.004619737265
3,8965,0.004619737265
3,8966,0.004619737265
3,8967,0.004619737265
3,8968,0.004619737265
3,8969,0.004619737265
3,8970,0.004619737265
3,8971,0.004619737265
3,8972,0.004619737265
3,8973,0.004619737265
3,8974,0.004619737265
3,8975,0.004619737265
3,8976,0.004619737265
3,8977,0.004619737265
3,8978,0.004619737265
3,8979,0.004619737265
3,8980,0.004619737265
3,8981,0.004619737265
3,8982,0.004619737265
3,8983,0.004619737265
3,8984,0.004619737265
3,8985,0.004619737265
3,8986,0.004619737265
3,8987,0.004619737265
3,8988,0.004619737265
3,8989,0.004619737265
3,8990,0.004619737265
3,8991,0.004619737265
3,8992,0.004619737265
3,8993,0.004619737265
3,8994,0.004619737265
3,8995,0.004619737265
3,8996,0.004619737265
3,8997,0.004619737265
3,8998,0.004619737265
3,8999,0.004619737265
3,9000,0.004619737265
3,9001,0.004619737265
3,9002,0.004619737265
3,9003,0.004619737265
3,9004,0.004619737265
3,9005,0.004619737265
3,9006,0.004619737265
3,9007,0.004619737265
3,9008,0.004619737265
3,9009,0.004619737265
3,9010,0.004619737265
3,9011,0.004619737265
3,9012,0.004619737265
3,9013,0.004619737265
3,9014,0.004619737265
3,9015,0.004619737265
3,9016,0.004619737265
3,9017,0.004619737265
3,9018,0.004619737265
3,9019,0.004619737265
3,9020,0.004619737265
3,9021,0.004619737265
3,9022,0.004619737265
3,9023,0.004619737265
3,9024,0.004619737265
3,9025,0.004619737265
3,9026,0.004619737265
3,9027,0.004619737265
3,9028,0.004619737265
3,9029,0.004619737265
3,9030,0.004619737265
3,9031,0.004619737265
3,9032,0.004619737265
3,9033,0.004619737265
3,9034,0.004619737265
3,9035,0.004619737265
3,9036,0.004619737265
3,9037,0.004619737265
3,9038,0.004619737265
3,9039,0.004619737265
3,9040,0.004619737265
3,9041,0.004619737265
3,9042,0.004619737265
3,9043,0.004619737265
3,9044,0.004619737265
3,9045,0.004619737265
3,9046,0.004619737265
3,9047,0.004619737265
3,9048,0.004619737265
3,9049,0.004619737265
3,9050,0.004619737265
3,9051,0.004619737265
3,9052,0.004619737265
3,9053,0.004619737265
3,9054,0.004619737265
3,9055,0.004619737265
3,9056,0.004619737265
3,9057,0.004619737265
3,9058,0.004619737265
3,9059,0.004619737265
3,9060,0.004619737265
3,9061,0.004619737265
3,9062,0.004619737265
3,9063,0.004619737265
3,9064,0.004619737265
3,9065,0.004619737265
3,9066,0.004619737265
3,9067,0.004619737265
3,9068,0.004619737265
3,9069,0.004619737265
3,9070,0.004619737265
3,9071,0.004619737265
3,9072,0.004619737265
3,9073,0.004619737265
3,9074,0.004619737265
3,9075,0.004619737265
3,9076,0.004619737265
3,9077,0.004619737265
3,9078,0.004619737265
3,9079,0.004619737265
3,9080,0.004619737265
3,9081,0.004619737265
3,9082,0.004619737265
3,9083,0.004619737265
3,9084,0.004619737265
3,9085,0.004619737265
3,9086,0.004619737265
3,9087,0.004619737265
3,9088,0.004619737265
3,9089,0.004619737265
3,9090,0.004619737265
3,9091,0.004619737265
3,9092,0.004619737265
3,9093,0.004619737265
3,9094,0.004619737265
3,9095,0.004619737265
3,9096,0.004619737265
3,9097,0.004619737265
3,9098,0.004619737265
3,9099,0.004619737265
3,9100,0.004619737265
3,9101,0.004619737265
3,9102,0.004619737265
3,9103,0.004619737265
3,9104,0.004619737265
3,9105,0.004619737265
3,9106,0.004619737265
3,9107,0.004619737265
3,9108,0.004619737265
3,9109,0.004619737265
3,9110,0.004619737265
3,9111,0.004619737265
3,9112,0.004619737265
3,9113,0.004619737265
3,9114,0.004619737265
3,9115,0.004619737265
3,9116,0.004619737265
3,9117,0.004619737265
3,9118,0.004619737265
3,9119,0.004619737265
3,9120,0.004619737265
3,9121,0.004619737265
3,9122,0.004619737265
3,9123,0.004619737265
3,9124,0.004619737265
3,9125,0.004619737265
3,9126,0.004619737265
3,9127,0.004619737265
3,9128,0.004619737265
3,9129,0.004619737265
3,9130,0.004619737265
3,9131,0.004619737265
3,9132,0.004619737265
3,9133,0.004619737265
3,9134,0.004619737265
3,9135,0.004619737265
3,9136,0.004619737265
3,9137,0.004619737265
3,9138,0.004619737265
3,9139,0.004619737265
3,9140,0.004619737265
3,9141,0.004619737265
3,9142,0.004619737265
3,9143,0.004619737265
3,9144,0.004619737265
3,9145,0.004619737265
3,9146,0.004619737265
3,9147,0.004619737265
3,9148,0.004619737265
3,9149,0.004619737265
3,9150,0.004619737265
3,9151,0.004619737265
3,9152,0.004619737265
3,9153,0.004619737265
3,9154,0.004619737265
3,9155,0.004619737265
3,9156,0.004619737265
3,9157,0.004619737265
3,9158,0.004619737265
3,9159,0.004619737265
3,9160,0.004619737265
3,9161,0.004619737265
3,9162,0.004619737265
3,9163,0.004619737265
3,9164,0.004619737265
3,9165,0.004619737265
3,9166,0.004619737265
3,9167,0.004619737265
3,9168,0.004619737265
3,9169,0.004619737265
3,9170,0.004619737265
3,9171,0.004619737265
3,9172,0.004619737265
3,9173,0.004619737265
3,9174,0.004619737265
3,9175,0.004619737265
3,9176,0.004619737265
3,9177,0.004619737265
3,9178,0.004619737265
3,9179,0.004619737265
3,9180,0.004619737265
3,9181,0.004619737265
3,9182,0.004619737265
3,9183,0.004619737265
3,9184,0.004619737265
3,9185,0.004619737265
3,9186,0.004619737265
3,9187,0.004619737265
3,9188,0.004619737265
3,9189,0.004619737265
3,9190,0.004619737265
3,9191,0.004619737265
3,9192,0.004619737265
3,9193,0.004619737265
3,9194,0.004619737265
3,9195,0.004619737265
3,9196,0.004619737265
3,9197,0.004619737265
3,9198,0.004619737265
3,9199,0.004619737265
3,9200,0.004619737265
3,9201,0.004619737265
3,9202,0.004619737265
3,9203,0.004619737265
3,9204,0.004619737265
3,9205,0.004619737265
3,9206,0.004619737265
3,9207,0.004619737265
3,9208,0.004619737265
3,9209,0.004619737265
3,9210,0.004619737265
3,9211,0.004619737265
3,9212,0.004619737265
3,9213,0.004619737265
3,9214,0.004619737265
3,9215,0.004619737265
3,9216,0.004619737265
3,9217,0.004619737265
3,9218,0.004619737265
3,9219,0.004619737265
3,9220,0.004619737265
3,9221,0.004619737265
3,9222,0.004619737265
3,9223,0.004619737265
3,9224,0.004619737265
3,9225,0.004619737265
3,9226,0.004619737265
3,9227,0.004619737265
3,9228,0.004619737265
3,9229,0.004619737265
3,9230,0.004619737265
3,9231,0.004619737265
3,9232,0.004619737265
3,9233,0.004619737265
3,9234,0.004619737265
3,9235,0.004619737265
3,9236,0.004619737265
3,9237,0.004619737265
3,9238,0.004619737265
3,9239,0.004619737265
3,9240,0.004619737265
3,9241,0.004619737265
3,9242,0.004619737265
3,9243,0.004619737265
3,9244,0.004619737265
3,9245,0.004619737265
3,9246,0.004619737265
3,9247,0.004619737265
3,9248,0.004619737265
3,9249,0.004619737265
3,9250,0.004619737265
3,9251,0.004619737265
3,9252,0.004619737265
3,9253,0.004619737265
3,9254,0.004619737265
3,9255,0.004619737265
3,9256,0.004619737265
3,9257,0.004619737265
3,9258,0.004619737265
3,9259,0.004619737265
3,9260,0.004619737265
3,9261,0.004619737265
3,9262,0.004619737265
3,9263,0.004619737265
3,9264,0.004619737265
3,9265,0.004619737265
3,9266,0.004619737265
3,9267,0.004619737265
3,9268,0.004619737265
3,9269,0.004619737265
3,9270,0.004619737265
3,9271,0.004619737265
3,9272,0.004619737265
3,9273,0.004619737265
3,9274,0.004619737265
3,9275,0.004619737265
3,9276,0.004619737265
3,9277,0.004619737265
3,9278,0.004619737265
3,9279,0.004619737265
3,9280,0.004619737265
3,9281,0.004619737265
3,9282,0.004619737265
3,9283,0.004619737265
3,9284,0.004619737265
3,9285,0.004619737265
3,9286,0.004619737265
3,9287,0.004619737265
3,9288,0.004619737265
3,9289,0.004619737265
3,9290,0.004619737265
3,9291,0.004619737265
3,9292,0.004619737265
3,9293,0.004619737265
3,9294,0.004619737265
3,9295,0.004619737265
3,9296,0.004619737265
3,9297,0.004619737265
3,9298,0.004619737265
3,9299,0.004619737265
3,9300,0.004619737265
3,9301,0.004619737265
3,9302,0.004619737265
3,9303,0.004619737265
3,9304,0.004619737265
3,9305,0.004619737265
3,9306,0.004619737265
3,9307,0.004619737265
3,9308,0.004619737265
3,9309,0.004619737265
3,9310,0.004619737265
3,9311,0.004619737265
3,9312,0.004619737265
3,9313,0.004619737265
3,9314,0.004619737265
3,9315,0.004619737265
3,9316,0.004619737265
3,9317,0.004619737265
3,9318,0.004619737265
3,9319,0.004619737265
3,9320,0.004619737265
3,9321,0.004619737265
3,9322,0.004619737265
3,9323,0.004619737265
3,9324,0.004619737265
3,9325,0.004619737265
3,9326,0.004619737265
3,9327,0.004619737265
3,9328,0.004619737265
3,9329,0.004619737265
3,9330,0.004619737265
3,9331,0.004619737265
3,9332,0.004619737265
3,9333,0.004619737265
3,9334,0.004619737265
3,9335,0.004619737265
3,9336,0.004619737265
3,9337,0.004619737265
3,9338,0.004619737265
3,9339,0.004619737265
3,9340,0.004619737265
3,9341,0.004619737265
3,9342,0.004619737265
3,9343,0.004619737265
3,9344,0.004619737265
3,9345,0.004619737265
3,9346,0.004619737265
3,9347,0.004619737265
3,9348,0.004619737265
3,9349,0.004619737265
3,9350,0.004619737265
3,9351,0.004619737265
3,9352,0.004619737265
3,9353,0.004619737265
3,9354,0.004619737265
3,9355,0.004619737265
3,9356,0.004619737265
3,9357,0.004619737265
3,9358,0.004619737265
3,9359,0.004619737265
3,9360,0.004619737265
3,9361,0.004619737265
3,9362,0.004619737265
3,9363,0.004619737265
3,9364,0.004619737265
3,9365,0.004619737265
3,9366,0.004619737265
3,9367,0.004619737265
3,9368,0.004619737265
3,9369,0.004619737265
3,9370,0.004619737265
3,9371,0.004619737265
3,9372,0.004619737265
3,9373,0.004619737265
3,9374,0.004619737265
3,9375,0.004619737265
3,9376,0.004619737265
3,9377,0.004619737265
3,9378,0.004619737265
3,9379,0.004619737265
3,9380,0.004619737265
3,9381,0.004619737265
3,9382,0.004619737265
3,9383,0.004619737265
3,9384,0.004619737265
3,9385,0.004619737265
3,9386,0.004619737265
3,9387,0.004619737265
3,9388,0.004619737265
3,9389,0.004619737265
3,9390,0.004619737265
3,9391,0.004619737265
3,9392,0.004619737265
3,9393,0.004619737265
3,9394,0.004619737265
3,9395,0.004619737265
3,9396,0.004619737265
3,9397,0.004619737265
3,9398,0.004619737265
3,9399,0.004619737265
3,9400,0.004619737265
3,9401,0.004619737265
3,9402,0.004619737265
3,9403,0.004619737265
3,9404,0.004619737265
3,9405,0.004619737265
3,9406,0.004619737265
3,9407,0.004619737265
3,9408,0.004619737265
3,9409,0.004619737265
3,9410,0.004619737265
3,9411,0.004619737265
3,9412,0.004619737265
3,9413,0.004619737265
3,9414,0.004619737265
3,9415,0.004619737265
3,9416,0.004619737265
3,9417,0.004619737265
3,9418,0.004619737265
3,9419,0.004619737265
3,9420,0.004619737265
3,9421,0.004619737265
3,9422,0.004619737265
3,9423,0.004619737265
3,9424,0.004619737265
3,9425,0.004619737265
3,9426,0.004619737265
3,9427,0.004619737265
3,9428,0.004619737265
3,9429,0.004619737265
3,9430,0.004619737265
3,9431,0.004619737265
3,9432,0.004619737265
3,9433,0.004619737265
3,9434,0.004619737265
3,9435,0.004619737265
3,9436,0.004619737265
3,9437,0.004619737265
3,9438,0.004619737265
3,9439,0.004619737265
3,9440,0.004619737265
3,9441,0.004619737265
3,9442,0.004619737265
3,9443,0.004619737265
3,9444,0.004619737265
3,9445,0.004619737265
3,9446,0.004619737265
3,9447,0.004619737265
3,9448,0.004619737265
3,9449,0.004619737265
3,9450,0.004619737265
3,9451,0.004619737265
3,9452,0.004619737265
3,9453,0.004619737265
3,9454,0.004619737265
3,9455,0.004619737265
3,9456,0.004619737265
3,9457,0.004619737265
3,9458,0.004619737265
3,9459,0.004619737265
3,9460,0.004619737265
3,9461,0.004619737265
3,9462,0.004619737265
3,9463,0.004619737265
3,9464,0.004619737265
3,9465,0.004619737265
3,9466,0.004619737265
3,9467,0.004619737265
3,9468,0.004619737265
3,9469,0.004619737265
3,9470,0.004619737265
3,9471,0.004619737265
3,9472,0.004619737265
3,9473,0.004619737265
3,9474,0.004619737265
3,9475,0.004619737265
3,9476,0.004619737265
3,9477,0.004619737265
3,9478,0.004619737265
3,9479,0.004619737265
3,9480,0.004619737265
3,9481,0.004619737265
3,9482,0.004619737265
3,9483,0.004619737265
3,9484,0.004619737265
3,9485,0.004619737265
3,9486,0.004619737265
3,9487,0.004619737265
3,9488,0.004619737265
3,9489,0.004619737265
3,9490,0.004619737265
3,9491,0.004619737265
3,9492,0.004619737265
3,9493,0.004619737265
3,9494,0.004619737265
3,9495,0.004619737265
3,9496,0.004619737265
3,9497,0.004619737265
3,9498,0.004619737265
3,9499,0.004619737265
3,9500,0.004619737265
3,9501,0.004619737265
3,9502,0.004619737265
3,9503,0.004619737265
3,9504,0.004619737265
3,9505,0.004619737265
3,9506,0.004619737265
3,9507,0.004619737265
3,9508,0.004619737265
3,9509,0.004619737265
3,9510,0.004619737265
3,9511,0.004619737265
3,9512,0.004619737265
3,9513,0.004619737265
3,9514,0.004619737265
3,9515,0.004619737265
3,9516,0.004619737265
3,9517,0.004619737265
3,9518,0.004619737265
3,9519,0.004619737265
3,9520,0.004619737265
3,9521,0.004619737265
3,9522,0.004619737265
3,9523,0.004619737265
3,9524,0.004619737265
3,9525,0.004619737265
3,9526,0.004619737265
3,9527,0.004619737265
3,9528,0.004619737265
3,9529,0.004619737265
3,9530,0.004619737265
3,9531,0.004619737265
3,9532,0.004619737265
3,9533,0.004619737265
3,9534,0.004619737265
3,9535,0.004619737265
3,9536,0.004619737265
3,9537,0.004619737265
3,9538,0.004619737265
3,9539,0.004619737265
3,9540,0.004619737265
3,9541,0.004619737265
3,9542,0.004619737265
3,9543,0.004619737265
3,9544,0.004619737265
3,9545,0.004619737265
3,9546,0.004619737265
3,9547,0.004619737265
3,9548,0.004619737265
3,9549,0.004619737265
3,9550,0.004619737265
3,9551,0.004619737265
3,9552,0.004619737265
3,9553,0.004619737265
3,9554,0.004619737265
3,9555,0.004619737265
3,9556,0.004619737265
3,9557,0.004619737265
3,9558,0.004619737265
3,9559,0.004619737265
3,9560,0.004619737265
3,9561,0.004619737265
3,9562,0.004619737265
3,9563,0.004619737265
3,9564,0.004619737265
3,9565,0.004619737265
3,9566,0.004619737265
3,9567,0.004619737265
3,9568,0.004619737265
3,9569,0.004619737265
3,9570,0.004619737265
3,9571,0.004619737265
3,9572,0.004619737265
3,9573,0.004619737265
3,9574,0.004619737265
3,9575,0.004619737265
3,9576,0.004619737265
3,9577,0.004619737265
3,9578,0.004619737265
3,9579,0.004619737265
3,9580,0.004619737265
3,9581,0.004619737265
3,9582,0.004619737265
3,9583,0.004619737265
3,9584,0.004619737265
3,9585,0.004619737265
3,9586,0.004619737265
3,9587,0.004619737265
3,9588,0.004619737265
3,9589,0.004619737265
3,9590,0.004619737265
3,9591,0.004619737265
3,9592,0.004619737265
3,9593,0.004619737265
3,9594,0.004619737265
3,9595,0.004619737265
3,9596,0.004619737265
3,9597,0.004619737265
3,9598,0.004619737265
3,9599,0.004619737265
3,9600,0.004619737265
3,9601,0.004619737265
3,9602,0.004619737265
3,9603,0.004619737265
3,9604,0.004619737265
3,9605,0.004619737265
3,9606,0.004619737265
3,9607,0.004619737265
3,9608,0.004619737265
3,9609,0.004619737265
3,9610,0.004619737265
3,9611,0.004619737265
3,9612,0.004619737265
3,9613,0.004619737265
3,9614,0.004619737265
3,9615,0.004619737265
3,9616,0.004619737265
3,9617,0.004619737265
3,9618,0.004619737265
3,9619,0.004619737265
3,9620,0.004619737265
3,9621,0.004619737265
3,9622,0.004619737265
3,9623,0.004619737265
3,9624,0.004619737265
3,9625,0.004619737265
3,9626,0.004619737265
3,9627,0.004619737265
3,9628,0.004619737265
3,9629,0.004619737265
3,9630,0.004619737265
3,9631,0.004619737265
3,9632,0.004619737265
3,9633,0.004619737265
3,9634,0.004619737265
3,9635,0.004619737265
3,9636,0.004619737265
3,9637,0.004619737265
3,9638,0.004619737265
3,9639,0.004619737265
3,9640,0.004619737265
3,9641,0.004619737265
3,9642,0.004619737265
3,9643,0.004619737265
3,9644,0.004619737265
3,9645,0.004619737265
3,9646,0.004619737265
3,9647,0.004619737265
3,9648,0.004619737265
3,9649,0.004619737265
3,9650,0.004619737265
3,9651,0.004619737265
3,9652,0.004619737265
3,9653,0.004619737265
3,9654,0.004619737265
3,9655,0.004619737265
3,9656,0.004619737265
3,9657,0.004619737265
3,9658,0.004619737265
3,9659,0.004619737265
3,9660,0.004619737265
3,9661,0.004619737265
3,9662,0.004619737265
3,9663,0.004619737265
3,9664,0.004619737265
3,9665,0.004619737265
3,9666,0.004619737265
3,9667,0.004619737265
3,9668,0.004619737265
3,9669,0.004619737265
3,9670,0.004619737265
3,9671,0.004619737265
3,9672,0.004619737265
3,9673,0.004619737265
3,9674,0.004619737265
3,9675,0.004619737265
3,9676,0.004619737265
3,9677,0.004619737265
3,9678,0.004619737265
3,9679,0.004619737265
3,9680,0.004619737265
3,9681,0.004619737265
3,9682,0.004619737265
3,9683,0.004619737265
3,9684,0.004619737265
3,9685,0.004619737265
3,9686,0.004619737265
3,9687,0.004619737265
3,9688,0.004619737265
3,9689,0.004619737265
3,9690,0.004619737265
3,9691,0.004619737265
3,9692,0.004619737265
3,9693,0.004619737265
3,9694,0.004619737265
3,9695,0.004619737265
3,9696,0.004619737265
3,9697,0.004619737265
3,9698,0.004619737265
3,9699,0.004619737265
3,9700,0.004619737265
3,9701,0.004619737265
3,9702,0.004619737265
3,9703,0.004619737265
3,9704,0.004619737265
3,9705,0.004619737265
3,9706,0.004619737265
3,9707,0.004619737265
3,9708,0.004619737265
3,9709,0.004619737265
3,9710,0.004619737265
3,9711,0.004619737265
3,9712,0.004619737265
3,9713,0.004619737265
3,9714,0.004619737265
3,9715,0.004619737265
3,9716,0.004619737265
3,9717,0.004619737265
3,9718,0.004619737265
3,9719,0.004619737265
3,9720,0.004619737265
3,9721,0.004619737265
3,9722,0.004619737265
3,9723,0.004619737265
3,9724,0.004619737265
3,9725,0.004619737265
3,9726,0.004619737265
3,9727,0.004619737265
3,9728,0.004619737265
3,9729,0.004619737265
3,9730,0.004619737265
3,9731,0.004619737265
3,9732,0.004619737265
3,9733,0.004619737265
3,9734,0.004619737265
3,9735,0.004619737265
3,9736,0.004619737265
3,9737,0.004619737265
3,9738,0.004619737265
3,9739,0.004619737265
3,9740,0.004619737265
3,9741,0.004619737265
3,9742,0.004619737265
3,9743,0.004619737265
3,9744,0.004619737265
3,9745,0.004619737265
3,9746,0.004619737265
3,9747,0.004619737265
3,9748,0.004619737265
3,9749,0.004619737265
3,9750,0.004619737265
3,9751,0.004619737265
3,9752,0.004619737265
3,9753,0.004619737265
3,9754,0.004619737265
3,9755,0.004619737265
3,9756,0.004619737265
3,9757,0.004619737265
3,9758,0.004619737265
3,9759,0.004619737265
3,9760,0.004619737265
3,9761,0.004619737265
3,9762,0.004619737265
3,9763,0.004619737265
3,9764,0.004619737265
3,9765,0.004619737265
3,9766,0.004619737265
3,9767,0.004619737265
3,9768,0.004619737265
3,9769,0.004619737265
3,9770,0.004619737265
3,9771,0.004619737265
3,9772,0.004619737265
3,9773,0.004619737265
3,9774,0.004619737265
3,9775,0.004619737265
3,9776,0.004619737265
3,9777,0.004619737265
3,9778,0.004619737265
3,9779,0.004619737265
3,9780,0.004619737265
3,9781,0.004619737265
3,9782,0.004619737265
3,9783,0.004619737265
3,9784,0.004619737265
3,9785,0.004619737265
3,9786,0.004619737265
3,9787,0.004619737265
3,9788,0.004619737265
3,9789,0.004619737265
3,9790,0.004619737265
3,9791,0.004619737265
3,9792,0.004619737265
3,9793,0.004619737265
3,9794,0.004619737265
3,9795,0.004619737265
3,9796,0.004619737265
3,9797,0.004619737265
3,9798,0.004619737265
3,9799,0.004619737265
3,9800,0.004619737265
3,9801,0.004619737265
3,9802,0.004619737265
3,9803,0.004619737265
3,9804,0.004619737265
3,9805,0.004619737265
3,9806,0.004619737265
3,9807,0.004619737265
3,9808,0.004619737265
3,9809,0.004619737265
3,9810,0.004619737265
3,9811,0.004619737265
3,9812,0.004619737265
3,9813,0.004619737265
3,9814,0.004619737265
3,9815,0.004619737265
3,9816,0.004619737265
3,9817,0.004619737265
3,9818,0.004619737265
3,9819,0.004619737265
3,9820,0.004619737265
3,9821,0.004619737265
3,9822,0.004619737265
3,9823,0.004619737265
3,9824,0.004619737265
3,9825,0.004619737265
3,9826,0.004619737265
3,9827,0.004619737265
3,9828,0.004619737265
3,9829,0.004619737265
3,9830,0.004619737265
3,9831,0.004619737265
3,9832,0.004619737265
3,9833,0.004619737265
3,9834,0.004619737265
3,9835,0.004619737265
3,9836,0.004619737265
3,9837,0.004619737265
3,9838,0.004619737265
3,9839,0.004619737265
3,9840,0.004619737265
3,9841,0.004619737265
3,9842,0.004619737265
3,9843,0.004619737265
3,9844,0.004619737265
3,9845,0.004619737265
3,9846,0.004619737265
3,9847,0.004619737265
3,9848,0.004619737265
3,9849,0.004619737265
3,9850,0.004619737265
3,9851,0.004619737265
3,9852,0.004619737265
3,9853,0.004619737265
3,9854,0.004619737265
3,9855,0.004619737265
3,9856,0.004619737265
3,9857,0.004619737265
3,9858,0.004619737265
3,9859,0.004619737265
3,9860,0.004619737265
3,9861,0.004619737265
3,9862,0.004619737265
3,9863,0.004619737265
3,9864,0.004619737265
3,9865,0.004619737265
3,9866,0.004619737265
3,9867,0.004619737265
3,9868,0.004619737265
3,9869,0.004619737265
3,9870,0.004619737265
3,9871,0.004619737265
3,9872,0.004619737265
3,9873,0.004619737265
3,9874,0.004619737265
3,9875,0.004619737265
3,9876,0.004619737265
3,9877,0.004619737265
3,9878,0.004619737265
3,9879,0.004619737265
3,9880,0.004619737265
3,9881,0.004619737265
3,9882,0.004619737265
3,9883,0.004619737265
3,9884,0.004619737265
3,9885,0.004619737265
3,9886,0.004619737265
3,9887,0.004619737265
3,9888,0.004619737265
3,9889,0.004619737265
3,9890,0.004619737265
3,9891,0.004619737265
3,9892,0.004619737265
3,9893,0.004619737265
3,9894,0.004619737265
3,9895,0.004619737265
3,9896,0.004619737265
3,9897,0.004619737265
3,9898,0.004619737265
3,9899,0.004619737265
3,9900,0.004619737265
3,9901,0.004619737265
3,9902,0.004619737265
3,9903,0.004619737265
3,9904,0.004619737265
3,9905,0.004619737265
3,9906,0.004619737265
3,9907,0.004619737265
3,9908,0.004619737265
3,9909,0.004619737265
3,9910,0.004619737265
3,9911,0.004619737265
3,9912,0.004619737265
3,9913,0.004619737265
3,9914,0.004619737265
3,9915,0.004619737265
3,9916,0.004619737265
3,9917,0.004619737265
3,9918,0.004619737265
3,9919,0.004619737265
3,9920,0.004619737265
3,9921,0.004619737265
3,9922,0.004619737265
3,9923,0.004619737265
3,9924,0.004619737265
3,9925,0.004619737265
3,9926,0.004619737265
3,9927,0.004619737265
3,9928,0.004619737265
3,9929,0.004619737265
3,9930,0.004619737265
3,9931,0.004619737265
3,9932,0.004619737265
3,9933,0.004619737265
3,9934,0.004619737265
3,9935,0.004619737265
3,9936,0.004619737265
3,9937,0.004619737265
3,9938,0.004619737265
3,9939,0.004619737265
3,9940,0.004619737265
3,9941,0.004619737265
3,9942,0.004619737265
3,9943,0.004619737265
3,9944,0.004619737265
3,9945,0.004619737265
3,9946,0.004619737265
3,9947,0.004619737265
3,9948,0.004619737265
3,9949,0.004619737265
3,9950,0.004619737265
3,9951,0.004619737265
3,9952,0.004619737265
3,9953,0.004619737265
3,9954,0.004619737265
3,9955,0.004619737265
3,9956,0.004619737265
3,9957,0.004619737265
3,9958,0.004619737265
3,9959,0.004619737265
3,9960,0.004619737265
3,9961,0.004619737265
3,9962,0.004619737265
3,9963,0.004619737265
3,9964,0.004619737265
3,9965,0.004619737265
3,9966,0.004619737265
3,9967,0.004619737265
3,9968,0.004619737265
3,9969,0.004619737265
3,9970,0.004619737265
3,9971,0.004619737265
3,9972,0.004619737265
3,9973,0.004619737265
3,9974,0.004619737265
3,9975,0.004619737265
3,9976,0.004619737265
3,9977,0.004619737265
3,9978,0.004619737265
3,9979,0.004619737265
3,9980,0.004619737265
3,9981,0.004619737265
3,9982,0.004619737265
3,9983,0.004619737265
3,9984,0.004619737265
3,9985,0.004619737265
3,9986,0.004619737265
3,9987,0.004619737265
3,9988,0.004619737265
3,9989,0.004619737265
3,9990,0.004619737265
3,9991,0.004619737265
3,9992,0.004619737265
3,9993,0.004619737265
3,9994,0.004619737265
3,9995,0.004619737265
3,9996,0.004619737265
3,9997,0.004619737265
3,9998,0.004619737265
3,9999,0.004619737265
3,10000,0.004619737265
4,1,0.496875000000
4,2,0.345588821236
4,3,0.282455584077
4,4,0.253867613880
4,5,0.238880833915
4,6,0.229310835336
4,7,0.221957677307
4,8,0.215568609524
4,9,0.209651599291
4,10,0.204011850106
4,11,0.198570747030
4,12,0.193295128270
4,13,0.188169654229
4,14,0.183186012056
4,15,0.178338696783
4,16,0.173623361585
4,17,0.169036171663
4,18,0.164573550229
4,19,0.160232077705
4,20,0.156008450818
4,21,0.151899465126
4,22,0.147902006748
4,23,0.144013047717
4,24,0.140229642801
4,25,0.136548926920
4,26,0.132968112840
4,27,0.129484489012
4,28,0.126095417495
4,29,0.122798331954
4,30,0.119590735710
4,31,0.116470199848
4,32,0.113434361381
4,33,0.110480921458
4,34,0.107607643622
4,35,0.104812352119
4,36,0.102092930248
4,37,0.099447318760
4,38,0.096873514299
4,39,0.094369567882
4,40,0.091933583427
4,41,0.089563716314
4,42,0.087258171990
4,43,0.085015204611
4,44,0.082833115716
4,45,0.080710252945
4,46,0.078645008787
4,47,0.076635819360
4,48,0.074681163231
4,49,0.072779560260
4,50,0.070929570481
4,51,0.069129793013
4,52,0.067378864995
4,53,0.065675460560
4,54,0.064018289824
4,55,0.062406097915
4,56,0.060837664022
4,57,0.059311800466
4,58,0.057827351806
4,59,0.056383193962
4,60,0.054978233362
4,61,0.053611406118
4,62,0.052281677215
4,63,0.050988039734
4,64,0.049729514083
4,65,0.048505147258
4,66,0.047314012124
4,67,0.046155206707
4,68,0.045027853517
4,69,0.043931098878
4,70,0.042864112287
4,71,0.041826085781
4,72,0.040816233328
4,73,0.039833790229
4,74,0.038878012541
4,75,0.037948176513
4,76,0.037043578038
4,77,0.036163532119
4,78,0.035307372354
4,79,0.034474450425
4,80,0.033664135613
4,81,0.032875814315
4,82,0.032108889587
4,83,0.031362780683
4,84,0.030636922622
4,85,0.029930765756
4,86,0.029243775357
4,87,0.028575431210
4,88,0.027925227219
4,89,0.027292671025
4,90,0.026677283633
4,91,0.026078599048
4,92,0.025496163924
4,93,0.024929537219
4,94,0.024378289861
4,95,0.023842004426
4,96,0.023320274818
4,97,0.022812705962
4,98,0.022318913510
4,99,0.021838523543
4,100,0.021371172291
4,101,0.020916505858
4,102,0.020474179954
4,103,0.020043859633
4,104,0.019625219040
4,105,0.019217941164
4,106,0.018821717600
4,107,0.018436248312
4,108,0.018061241408
4,109,0.017696412918
4,110,0.017341486581
4,111,0.016996193633
4,112,0.016660272606
4,113,0.016333469126
4,114,0.016015535727
4,115,0.015706231657
4,116,0.015405322699
4,117,0.015112580994
4,118,0.014827784866
4,119,0.014550718658
4,120,0.014281172564
4,121,0.014018942473
4,122,0.013763829816
4,123,0.013515641411
4,124,0.013274189321
4,125,0.013039290708
4,126,0.012810767700
4,127,0.012588447249
4,128,0.012372161006
4,129,0.012161745191
4,130,0.011957040470
4,131,0.011757891832
4,132,0.011564148474
4,133,0.011375663686
4,134,0.011192294741
4,135,0.011013902785
4,136,0.010840352733
4,137,0.010671513165
4,138,0.010507256231
4,139,0.010347457549
4,140,0.010191996113
4,141,0.010040754201
4,142,0.009893617289
4,143,0.009750473957
4,144,0.009611215813
4,145,0.009475737405
4,146,0.009343936144
4,147,0.009215712225
4,148,0.009090968552
4,149,0.008969610663
4,150,0.008851546664
4,151,0.008736687150
4,152,0.008624945146
4,153,0.008516236037
4,154,0.008410477504
4,155,0.008307589462
4,156,0.008207494002
4,157,0.008110115326
4,158,0.008015379697
4,159,0.007923215376
4,160,0.007833552573
4,161,0.007746323393
4,162,0.007661461782
4,163,0.007578903480
4,164,0.007498585970
4,165,0.007420448434
4,166,0.007344431701
4,167,0.007270478210
4,168,0.007198531960
4,169,0.007128538471
4,170,0.007060444741
4,171,0.006994199207
4,172,0.006929751705
4,173,0.006867053433
4,174,0.006806056914
4,175,0.006746715959
4,176,0.006688985632
4,177,0.006632822219
4,178,0.006578183189
4,179,0.006525027169
4,180,0.006473313906
4,181,0.006423004241
4,182,0.006374060078
4,183,0.006326444355
4,184,0.006280121015
4,185,0.006235054980
4,186,0.006191212125
4,187,0.006148559249
4,188,0.006107064056
4,189,0.006066695122
4,190,0.006027421880
4,191,0.005989214590
4,192,0.005952044319
4,193,0.005915882922
4,194,0.005880703015
4,195,0.005846477959
4,196,0.005813181838
4,197,0.005780789438
4,198,0.005749276230
4,199,0.005718618352
4,200,0.005688792588
4,201,0.005659776354
4,202,0.005631547676
4,203,0.005604085179
4,204,0.005577368068
4,205,0.005551376111
4,206,0.005526089626
4,207,0.005501489465
4,208,0.005477557000
4,209,0.005454274109
4,210,0.005431623161
4,211,0.005409587003
4,212,0.005388148949
4,213,0.005367292766
4,214,0.005347002660
4,215,0.005327263267
4,216,0.005308059639
4,217,0.005289377235
4,218,0.005271201907
4,219,0.005253519894
4,220,0.005236317804
4,221,0.005219582612
4,222,0.005203301646
4,223,0.005187462577
4,224,0.005172053412
4,225,0.005157062480
4,226,0.005142478432
4,227,0.005128290223
4,228,0.005114487109
4,229,0.005101058639
4,230,0.005087994644
4,231,0.005075285230
4,232,0.005062920775
4,233,0.005050891915
4,234,0.005039189542
4,235,0.005027804793
4,236,0.005016729049
4,237,0.005005953922
4,238,0.004995471253
4,239,0.004985273104
4,240,0.004975351753
4,241,0.004965699686
4,242,0.004956309595
4,243,0.004947174369
4,244,0.004938287091
4,245,0.004929641031
4,246,0.004921229642
4,247,0.004913046554
4,248,0.004905085571
4,249,0.004897340665
4,250,0.004889805970
4,251,0.004882475782
4,252,0.004875344549
4,253,0.004868406871
4,254,0.004861657496
4,255,0.004855091312
4,256,0.004848703347
4,257,0.004842488763
4,258,0.004836442856
4,259,0.004830561046
4,260,0.004824838879
4,261,0.004819272024
4,262,0.004813856263
4,263,0.004808587497
4,264,0.004803461736
4,265,0.004798475097
4,266,0.004793623806
4,267,0.004788904188
4,268,0.004784312670
4,269,0.004779845774
4,270,0.004775500119
4,271,0.004771272413
4,272,0.004767159455
4,273,0.004763158131
4,274,0.004759265410
4,275,0.004755478346
4,276,0.004751794070
4,277,0.004748209792
4,278,0.004744722798
4,279,0.004741330449
4,280,0.004738030174
4,281,0.004734819475
4,282,0.004731695921
4,283,0.004728657146
4,284,0.004725700849
4,285,0.004722824792
4,286,0.004720026796
4,287,0.004717304744
4,288,0.004714656573
4,289,0.004712080279
4,290,0.004709573911
4,291,0.004707135570
4,292,0.004704763410
4,293,0.004702455636
4,294,0.004700210499
4,295,0.004698026299
4,296,0.004695901383
4,297,0.004693834141
4,298,0.004691823008
4,299,0.004689866461
4,300,0.004687963019
4,301,0.004686111240
4,302,0.004684309721
4,303,0.004682557100
4,304,0.004680852048
4,305,0.004679193274
4,306,0.004677579522
4,307,0.004676009571
4,308,0.004674482232
4,309,0.004672996347
4,310,0.004671550793
4,311,0.004670144473
4,312,0.004668776324
4,313,0.004667445308
4,314,0.004666150420
4,315,0.004664890677
4,316,0.004663665125
4,317,0.004662472838
4,318,0.004661312912
4,319,0.004660184468
4,320,0.004659086653
4,321,0.004658018634
4,322,0.004656979603
4,323,0.004655968774
4,324,0.004654985381
4,325,0.004654028678
4,326,0.004653097943
4,327,0.004652192469
4,328,0.004651311572
4,329,0.004650454584
4,330,0.004649620857
4,331,0.004648809758
4,332,0.004648020674
4,333,0.004647253008
4,334,0.004646506177
4,335,0.004645779617
4,336,0.004645072777
4,337,0.004644385122
4,338,0.004643716131
4,339,0.004643065298
4,340,0.004642432130
4,341,0.004641816148
4,342,0.004641216884
4,343,0.004640633886
4,344,0.004640066711
4,345,0.004639514930
4,346,0.004638978126
4,347,0.004638455892
4,348,0.004637947832
4,349,0.004637453562
4,350,0.004636972707
4,351,0.004636504904
4,352,0.004636049798
4,353,0.004635607044
4,354,0.004635176307
4,355,0.004634757262
4,356,0.004634349590
4,357,0.004633952983
4,358,0.004633567141
4,359,0.004633191771
4,360,0.004632826590
4,361,0.004632471320
4,362,0.004632125693
4,363,0.004631789447
4,364,0.004631462328
4,365,0.004631144087
4,366,0.004630834483
4,367,0.004630533283
4,368,0.004630240259
4,369,0.004629955187
4,370,0.004629677853
4,371,0.004629408046
4,372,0.004629145562
4,373,0.004628890203
4,374,0.004628641774
4,375,0.004628400089
4,376,0.004628164963
4,377,0.004627936219
4,378,0.004627713683
4,379,0.004627497188
4,380,0.004627286568
4,381,0.004627081666
4,382,0.004626882324
4,383,0.004626688394
4,384,0.004626499727
4,385,0.004626316180
4,386,0.004626137616
4,387,0.004625963898
4,388,0.004625794895
4,389,0.004625630479
4,390,0.004625470526
4,391,0.004625314914
4,392,0.004625163526
4,393,0.004625016247
4,394,0.004624872965
4,395,0.004624733572
4,396,0.004624597962
4,397,0.004624466034
4,398,0.004624337686
4,399,0.004624212821
4,400,0.004624091346
4,401,0.004623973168
4,402,0.004623858197
4,403,0.004623746347
4,404,0.004623637533
4,405,0.004623531672
4,406,0.004623428685
4,407,0.004623328492
4,408,0.004623231019
4,409,0.004623136192
4,410,0.004623043939
4,411,0.004622954189
4,412,0.004622866876
4,413,0.004622781932
4,414,0.004622699294
4,415,0.004622618899
4,416,0.004622540685
4,417,0.004622464595
4,418,0.004622390570
4,419,0.004622318554
4,420,0.004622248493
4,421,0.004622180334
4,422,0.004622114024
4,423,0.004622049514
4,424,0.004621986755
4,425,0.004621925700
4,426,0.004621866301
4,427,0.004621808515
4,428,0.004621752297
4,429,0.004621697605
4,430,0.004621644398
4,431,0.004621592635
4,432,0.004621542276
4,433,0.004621493285
4,434,0.004621445623
4,435,0.004621399255
4,436,0.004621354145
4,437,0.004621310260
4,438,0.004621267566
4,439,0.004621226031
4,440,0.004621185623
4,441,0.004621146311
4,442,0.004621108067
4,443,0.004621070861
4,444,0.004621034665
4,445,0.004620999451
4,446,0.004620965192
4,447,0.004620931864
4,448,0.004620899440
4,449,0.004620867897
4,450,0.004620837209
4,451,0.004620807355
4,452,0.004620778310
4,453,0.004620750054
4,454,0.004620722565
4,455,0.004620695822
4,456,0.004620669805
4,457,0.004620644494
4,458,0.004620619870
4,459,0.004620595915
4,460,0.004620572609
4,461,0.004620549936
4,462,0.004620527879
4,463,0.004620506420
4,464,0.004620485544
4,465,0.004620465234
4,466,0.004620445476
4,467,0.004620426253
4,468,0.004620407553
4,469,0.004620389360
4,470,0.004620371661
4,471,0.004620354442
4,472,0.004620337691
4,473,0.004620321394
4,474,0.004620305540
4,475,0.004620290116
4,476,0.004620275110
4,477,0.004620260512
4,478,0.004620246310
4,479,0.004620232494
4,480,0.004620219052
4,481,0.004620205975
4,482,0.004620193254
4,483,0.004620180877
4,484,0.004620168837
4,485,0.004620157123
4,486,0.004620145727
4,487,0.004620134641
4,488,0.004620123855
4,489,0.004620113363
4,490,0.004620103155
4,491,0.004620093224
4,492,0.004620083562
4,493,0.004620074163
4,494,0.004620065019
4,495,0.004620056123
4,496,0.004620047469
4,497,0.004620039049
4,498,0.004620030858
4,499,0.004620022889
4,500,0.004620015137
4,501,0.004620007595
4,502,0.004620000258
4,503,0.004619993120
4,504,0.004619986175
4,505,0.004619979419
4,506,0.004619972847
4,507,0.004619966453
4,508,0.004619960232
4,509,0.004619954180
4,510,0.004619948293
4,511,0.004619942565
4,512,0.004619936993
4,513,0.004619931572
4,514,0.004619926298
4,515,0.004619921167
4,516,0.004619916176
4,517,0.004619911320
4,518,0.004619906596
4,519,0.004619902000
4,520,0.004619897529
4,521,0.004619893179
4,522,0.004619888947
4,523,0.004619884830
4,524,0.004619880825
4,525,0.004619876928
4,526,0.004619873138
4,527,0.004619869450
4,528,0.004619865862
4,529,0.004619862372
4,530,0.004619858976
4,531,0.004619855672
4,532,0.004619852459
4,533,0.004619849332
4,534,0.004619846290
4,535,0.004619843331
4,536,0.004619840452
4,537,0.004619837652
4,538,0.004619834927
4,539,0.004619832276
4,540,0.004619829697
4,541,0.004619827189
4,542,0.004619824748
4,543,0.004619822374
4,544,0.004619820064
4,545,0.004619817816
4,546,0.004619815630
4,547,0.004619813503
4,548,0.004619811434
4,549,0.004619809421
4,550,0.004619807462
4,551,0.004619805557
4,552,0.004619803703
4,553,0.004619801900
4,554,0.004619800146
4,555,0.004619798439
4,556,0.004619796779
4,557,0.004619795163
4,558,0.004619793592
4,559,0.004619792063
4,560,0.004619790576
4,561,0.004619789129
4,562,0.004619787721
4,563,0.004619786352
4,564,0.004619785019
4,565,0.004619783723
4,566,0.004619782462
4,567,0.004619781235
4,568,0.004619780042
4,569,0.004619778881
4,570,0.004619777751
4,571,0.004619776653
4,572,0.004619775584
4,573,0.004619774544
4,574,0.004619773532
4,575,0.004619772547
4,576,0.004619771590
4,577,0.004619770658
4,578,0.004619769752
4,579,0.004619768870
4,580,0.004619768012
4,581,0.004619767178
4,582,0.004619766366
4,583,0.004619765576
4,584,0.004619764807
4,585,0.004619764060
4,586,0.004619763333
4,587,0.004619762625
4,588,0.004619761937
4,589,0.004619761267
4,590,0.004619760616
4,591,0.004619759982
4,592,0.004619759365
4,593,0.004619758766
4,594,0.004619758182
4,595,0.004619757614
4,596,0.004619757062
4,597,0.004619756525
4,598,0.004619756002
4,599,0.004619755493
4,600,0.004619754999
4,601,0.004619754517
4,602,0.004619754049
4,603,0.004619753593
4,604,0.004619753150
4,605,0.004619752719
4,606,0.004619752300
4,607,0.004619751892
4,608,0.004619751495
4,609,0.004619751108
4,610,0.004619750733
4,611,0.004619750367
4,612,0.004619750012
4,613,0.004619749666
4,614,0.004619749329
4,615,0.004619749002
4,616,0.004619748683
4,617,0.004619748373
4,618,0.004619748072
4,619,0.004619747778
4,620,0.004619747493
4,621,0.004619747215
4,622,0.004619746945
4,623,0.004619746683
4,624,0.004619746427
4,625,0.004619746178
4,626,0.004619745936
4,627,0.004619745701
4,628,0.004619745472
4,629,0.004619745249
4,630,0.004619745033
4,631,0.004619744822
4,632,0.004619744617
4,633,0.004619744417
4,634,0.004619744223
4,635,0.004619744034
4,636,0.004619743850
4,637,0.004619743672
4,638,0.004619743498
4,639,0.004619743329
4,640,0.004619743164
4,641,0.004619743004
4,642,0.004619742848
4,643,0.004619742697
4,644,0.004619742549
4,645,0.004619742406
4,646,0.004619742266
4,647,0.004619742131
4,648,0.004619741998
4,649,0.004619741870
4,650,0.004619741745
4,651,0.004619741623
4,652,0.004619741505
4,653,0.004619741390
4,654,0.004619741278
4,655,0.004619741169
4,656,0.004619741063
4,657,0.004619740960
4,658,0.004619740860
4,659,0.004619740762
4,660,0.004619740667
4,661,0.004619740575
4,662,0.004619740485
4,663,0.004619740398
4,664,0.004619740313
4,665,0.004619740230
4,666,0.004619740150
4,667,0.004619740071
4,668,0.004619739995
4,669,0.004619739921
4,670,0.004619739849
4,671,0.004619739779
4,672,0.004619739711
4,673,0.004619739644
4,674,0.004619739580
4,675,0.004619739517
4,676,0.004619739456
4,677,0.004619739396
4,678,0.004619739338
4,679,0.004619739282
4,680,0.004619739227
4,681,0.004619739174
4,682,0.004619739122
4,683,0.004619739072
4,684,0.004619739023
4,685,0.004619738975
4,686,0.004619738929
4,687,0.004619738884
4,688,0.004619738840
4,689,0.004619738797
4,690,0.004619738755
4,691,0.004619738715
4,692,0.004619738676
4,693,0.004619738637
4,694,0.004619738600
4,695,0.004619738564
4,696,0.004619738529
4,697,0.004619738494
4,698,0.004619738461
4,699,0.004619738428
4,700,0.004619738397
4,701,0.004619738366
4,702,0.004619738336
4,703,0.004619738307
4,704,0.004619738279
4,705,0.004619738251
4,706,0.004619738225
4,707,0.004619738199
4,708,0.004619738173
4,709,0.004619738149
4,710,0.004619738125
4,711,0.004619738101
4,712,0.004619738079
4,713,0.004619738057
4,714,0.004619738035
4,715,0.004619738014
4,716,0.004619737994
4,717,0.004619737974
4,718,0.004619737955
4,719,0.004619737936
4,720,0.004619737918
4,721,0.004619737900
4,722,0.004619737883
4,723,0.004619737866
4,724,0.004619737850
4,725,0.004619737834
4,726,0.004619737819
4,727,0.004619737804
4,728,0.004619737789
4,729,0.004619737775
4,730,0.004619737761
4,731,0.004619737747
4,732,0.004619737734
4,733,0.004619737722
4,734,0.004619737709
4,735,0.004619737697
4,736,0.004619737685
4,737,0.004619737674
4,738,0.004619737663
4,739,0.004619737652
4,740,0.004619737642
4,741,0.004619737631
4,742,0.004619737621
4,743,0.004619737612
4,744,0.004619737602
4,745,0.004619737593
4,746,0.004619737584
4,747,0.004619737576
4,748,0.004619737567
4,749,0.004619737559
4,750,0.004619737551
4,751,0.004619737543
4,752,0.004619737536
4,753,0.004619737528
4,754,0.004619737521
4,755,0.004619737514
4,756,0.004619737508
4,757,0.004619737501
4,758,0.004619737495
4,759,0.004619737488
4,760,0.004619737482
4,761,0.004619737476
4,762,0.004619737471
4,763,0.004619737465
4,764,0.004619737460
4,765,0.004619737454
4,766,0.004619737449
4,767,0.004619737444
4,768,0.004619737439
4,769,0.004619737435
4,770,0.004619737430
4,771,0.004619737426
4,772,0.004619737421
4,773,0.004619737417
4,774,0.004619737413
4,775,0.004619737409
4,776,0.004619737405
4,777,0.004619737401
4,778,0.004619737397
4,779,0.004619737394
4,780,0.004619737390
4,781,0.004619737387
4,782,0.004619737384
4,783,0.004619737380
4,784,0.004619737377
4,785,0.004619737374
4,786,0.004619737371
4,787,0.004619737368
4,788,0.004619737366
4,789,0.004619737363
4,790,0.004619737360
4,791,0.004619737358
4,792,0.004619737355
4,793,0.004619737353
4,794,0.004619737350
4,795,0.004619737348
4,796,0.004619737346
4,797,0.004619737344
4,798,0.004619737341
4,799,0.004619737339
4,800,0.004619737337
4,801,0.004619737335
4,802,0.004619737333
4,803,0.004619737332
4,804,0.004619737330
4,805,0.004619737328
4,806,0.004619737326
4,807,0.004619737325
4,808,0.004619737323
4,809,0.004619737322
4,810,0.004619737320
4,811,0.004619737319
4,812,0.004619737317
4,813,0.004619737316
4,814,0.004619737314
4,815,0.004619737313
4,816,0.004619737312
4,817,0.004619737310
4,818,0.004619737309
4,819,0.004619737308
4,820,0.004619737307
4,821,0.004619737306
4,822,0.004619737305
4,823,0.004619737303
4,824,0.004619737302
4,825,0.004619737301
4,826,0.004619737300
4,827,0.004619737299
4,828,0.004619737299
4,829,0.004619737298
4,830,0.004619737297
4,831,0.004619737296
4,832,0.004619737295
4,833,0.004619737294
4,834,0.004619737293
4,835,0.004619737293
4,836,0.004619737292
4,837,0.004619737291
4,838,0.004619737291
4,839,0.004619737290
4,840,0.004619737289
4,841,0.004619737289
4,842,0.004619737288
4,843,0.004619737287
4,844,0.004619737287
4,845,0.004619737286
4,846,0.004619737286
4,847,0.004619737285
4,848,0.004619737284
4,849,0.004619737284
4,850,0.004619737283
4,851,0.004619737283
4,852,0.004619737282
4,853,0.004619737282
4,854,0.004619737281
4,855,0.004619737281
4,856,0.004619737281
4,857,0.004619737280
4,858,0.004619737280
4,859,0.004619737279
4,860,0.004619737279
4,861,0.004619737279
4,862,0.004619737278
4,863,0.004619737278
4,864,0.004619737278
4,865,0.004619737277
4,866,0.004619737277
4,867,0.004619737277
4,868,0.004619737276
4,869,0.004619737276
4,870,0.004619737276
4,871,0.004619737275
4,872,0.004619737275
4,873,0.004619737275
4,874,0.004619737275
4,875,0.004619737274
4,876,0.004619737274
4,877,0.004619737274
4,878,0.004619737274
4,879,0.004619737273
4,880,0.004619737273
4,881,0.004619737273
4,882,0.004619737273
4,883,0.004619737272
4,884,0.004619737272
4,885,0.004619737272
4,886,0.004619737272
4,887,0.004619737272
4,888,0.004619737272
4,889,0.004619737271
4,890,0.004619737271
4,891,0.004619737271
4,892,0.004619737271
4,893,0.004619737271
4,894,0.004619737271
4,895,0.004619737270
4,896,0.004619737270
4,897,0.004619737270
4,898,0.004619737270
4,899,0.004619737270
4,900,0.004619737270
4,901,0.004619737270
4,902,0.004619737270
4,903,0.004619737269
4,904,0.004619737269
4,905,0.004619737269
4,906,0.004619737269
4,907,0.004619737269
4,908,0.004619737269
4,909,0.004619737269
4,910,0.004619737269
4,911,0.004619737269
4,912,0.004619737268
4,913,0.004619737268
4,914,0.004619737268
4,915,0.004619737268
4,916,0.004619737268
4,917,0.004619737268
4,918,0.004619737268
4,919,0.004619737268
4,920,0.004619737268
4,921,0.004619737268
4,922,0.004619737268
4,923,0.004619737268
4,924,0.004619737268
4,925,0.004619737267
4,926,0.004619737267
4,927,0.004619737267
4,928,0.004619737267
4,929,0.004619737267
4,930,0.004619737267
4,931,0.004619737267
4,932,0.004619737267
4,933,0.004619737267
4,934,0.004619737267
4,935,0.004619737267
4,936,0.004619737267
4,937,0.004619737267
4,938,0.004619737267
4,939,0.004619737267
4,940,0.004619737267
4,941,0.004619737267
4,942,0.004619737267
4,943,0.004619737267
4,944,0.004619737267
4,945,0.004619737266
4,946,0.004619737266
4,947,0.004619737266
4,948,0.004619737266
4,949,0.004619737266
4,950,0.004619737266
4,951,0.004619737266
4,952,0.004619737266
4,953,0.004619737266
4,954,0.004619737266
4,955,0.004619737266
4,956,0.004619737266
4,957,0.004619737266
4,958,0.004619737266
4,959,0.004619737266
4,960,0.004619737266
4,961,0.004619737266
4,962,0.004619737266
4,963,0.004619737266
4,964,0.004619737266
4,965,0.004619737266
4,966,0.004619737266
4,967,0.004619737266
4,968,0.004619737266
4,969,0.004619737266
4,970,0.004619737266
4,971,0.004619737266
4,972,0.004619737266
4,973,0.004619737266
4,974,0.004619737266
4,975,0.004619737266
4,976,0.004619737266
4,977,0.004619737266
4,978,0.004619737266
4,979,0.004619737266
4,980,0.004619737266
4,981,0.004619737266
4,982,0.004619737266
4,983,0.004619737266
4,984,0.004619737266
4,985,0.004619737266
4,986,0.004619737266
4,987,0.004619737266
4,988,0.004619737266
4,989,0.004619737266
4,990,0.004619737266
4,991,0.004619737266
4,992,0.004619737266
4,993,0.004619737265
4,994,0.004619737265
4,995,0.004619737265
4,996,0.004619737265
4,997,0.004619737265
4,998,0.004619737265
4,999,0.004619737265
4,1000,0.004619737265
4,1001,0.004619737265
4,1002,0.004619737265
4,1003,0.004619737265
4,1004,0.004619737265
4,1005,0.004619737265
4,1006,0.004619737265
4,1007,0.004619737265
4,1008,0.004619737265
4,1009,0.004619737265
4,1010,0.004619737265
4,1011,0.004619737265
4,1012,0.004619737265
4,1013,0.004619737265
4,1014,0.004619737265
4,1015,0.004619737265
4,1016,0.004619737265
4,1017,0.004619737265
4,1018,0.004619737265
4,1019,0.004619737265
4,1020,0.004619737265
4,1021,0.004619737265
4,1022,0.004619737265
4,1023,0.004619737265
4,1024,0.004619737265
4,1025,0.004619737265
4,1026,0.004619737265
4,1027,0.004619737265
4,1028,0.004619737265
4,1029,0.004619737265
4,1030,0.004619737265
4,1031,0.004619737265
4,1032,0.004619737265
4,1033,0.004619737265
4,1034,0.004619737265
4,1035,0.004619737265
4,1036,0.004619737265
4,1037,0.004619737265
4,1038,0.004619737265
4,1039,0.004619737265
4,1040,0.004619737265
4,1041,0.004619737265
4,1042,0.004619737265
4,1043,0.004619737265
4,1044,0.004619737265
4,1045,0.004619737265
4,1046,0.004619737265
4,1047,0.004619737265
4,1048,0.004619737265
4,1049,0.004619737265
4,1050,0.004619737265
4,1051,0.004619737265
4,1052,0.004619737265
4,1053,0.004619737265
4,1054,0.004619737265
4,1055,0.004619737265
4,1056,0.004619737265
4,1057,0.004619737265
4,1058,0.004619737265
4,1059,0.004619737265
4,1060,0.004619737265
4,1061,0.004619737265
4,1062,0.004619737265
4,1063,0.004619737265
4,1064,0.004619737265
4,1065,0.004619737265
4,1066,0.004619737265
4,1067,0.004619737265
4,1068,0.004619737265
4,1069,0.004619737265
4,1070,0.004619737265
4,1071,0.004619737265
4,1072,0.004619737265
4,1073,0.004619737265
4,1074,0.004619737265
4,1075,0.004619737265
4,1076,0.004619737265
4,1077,0.004619737265
4,1078,0.004619737265
4,1079,0.004619737265
4,1080,0.004619737265
4,1081,0.004619737265
4,1082,0.004619737265
4,1083,0.004619737265
4,1084,0.004619737265
4,1085,0.004619737265
4,1086,0.004619737265
4,1087,0.004619737265
4,1088,0.004619737265
4,1089,0.004619737265
4,1090,0.004619737265
4,1091,0.004619737265
4,1092,0.004619737265
4,1093,0.004619737265
4,1094,0.004619737265
4,1095,0.004619737265
4,1096,0.004619737265
4,1097,0.004619737265
4,1098,0.004619737265
4,1099,0.004619737265
4,1100,0.004619737265
4,1101,0.004619737265
4,1102,0.004619737265
4,1103,0.004619737265
4,1104,0.004619737265
4,1105,0.004619737265
4,1106,0.004619737265
4,1107,0.004619737265
4,1108,0.004619737265
4,1109,0.004619737265
4,1110,0.004619737265
4,1111,0.004619737265
4,1112,0.004619737265
4,1113,0.004619737265
4,1114,0.004619737265
4,1115,0.004619737265
4,1116,0.004619737265
4,1117,0.004619737265
4,1118,0.004619737265
4,1119,0.004619737265
4,1120,0.004619737265
4,1121,0.004619737265
4,1122,0.004619737265
4,1123,0.004619737265
4,1124,0.004619737265
4,1125,0.004619737265
4,1126,0.004619737265
4,1127,0.004619737265
4,1128,0.004619737265
4,1129,0.004619737265
4,1130,0.004619737265
4,1131,0.004619737265
4,1132,0.004619737265
4,1133,0.004619737265
4,1134,0.004619737265
4,1135,0.004619737265
4,1136,0.004619737265
4,1137,0.004619737265
4,1138,0.004619737265
4,1139,0.004619737265
4,1140,0.004619737265
4,1141,0.004619737265
4,1142,0.004619737265
4,1143,0.004619737265
4,1144,0.004619737265
4,1145,0.004619737265
4,1146,0.004619737265
4,1147,0.004619737265
4,1148,0.004619737265
4,1149,0.004619737265
4,1150,0.004619737265
4,1151,0.004619737265
4,1152,0.004619737265
4,1153,0.004619737265
4,1154,0.004619737265
4,1155,0.004619737265
4,1156,0.004619737265
4,1157,0.004619737265
4,1158,0.004619737265
4,1159,0.004619737265
4,1160,0.004619737265
4,1161,0.004619737265
4,1162,0.004619737265
4,1163,0.004619737265
4,1164,0.004619737265
4,1165,0.004619737265
4,1166,0.004619737265
4,1167,0.004619737265
4,1168,0.004619737265
4,1169,0.004619737265
4,1170,0.004619737265
4,1171,0.004619737265
4,1172,0.004619737265
4,1173,0.004619737265
4,1174,0.004619737265
4,1175,0.004619737265
4,1176,0.004619737265
4,1177,0.004619737265
4,1178,0.004619737265
4,1179,0.004619737265
4,1180,0.004619737265
4,1181,0.004619737265
4,1182,0.004619737265
4,1183,0.004619737265
4,1184,0.004619737265
4,1185,0.004619737265
4,1186,0.004619737265
4,1187,0.004619737265
4,1188,0.004619737265
4,1189,0.004619737265
4,1190,0.004619737265
4,1191,0.004619737265
4,1192,0.004619737265
4,1193,0.004619737265
4,1194,0.004619737265
4,1195,0.004619737265
4,1196,0.004619737265
4,1197,0.004619737265
4,1198,0.004619737265
4,1199,0.004619737265
4,1200,0.004619737265
4,1201,0.004619737265
4,1202,0.004619737265
4,1203,0.004619737265
4,1204,0.004619737265
4,1205,0.004619737265
4,1206,0.004619737265
4,1207,0.004619737265
4,1208,0.004619737265
4,1209,0.004619737265
4,1210,0.004619737265
4,1211,0.004619737265
4,1212,0.004619737265
4,1213,0.004619737265
4,1214,0.004619737265
4,1215,0.004619737265
4,1216,0.004619737265
4,1217,0.004619737265
4,1218,0.004619737265
4,1219,0.004619737265
4,1220,0.004619737265
4,1221,0.004619737265
4,1222,0.004619737265
4,1223,0.004619737265
4,1224,0.004619737265
4,1225,0.004619737265
4,1226,0.004619737265
4,1227,0.004619737265
4,1228,0.004619737265
4,1229,0.004619737265
4,1230,0.004619737265
4,1231,0.004619737265
4,1232,0.004619737265
4,1233,0.004619737265
4,1234,0.004619737265
4,1235,0.004619737265
4,1236,0.004619737265
4,1237,0.004619737265
4,1238,0.004619737265
4,1239,0.004619737265
4,1240,0.004619737265
4,1241,0.004619737265
4,1242,0.004619737265
4,1243,0.004619737265
4,1244,0.004619737265
4,1245,0.004619737265
4,1246,0.004619737265
4,1247,0.004619737265
4,1248,0.004619737265
4,1249,0.004619737265
4,1250,0.004619737265
4,1251,0.004619737265
4,1252,0.004619737265
4,1253,0.004619737265
4,1254,0.004619737265
4,1255,0.004619737265
4,1256,0.004619737265
4,1257,0.004619737265
4,1258,0.004619737265
4,1259,0.004619737265
4,1260,0.004619737265
4,1261,0.004619737265
4,1262,0.004619737265
4,1263,0.004619737265
4,1264,0.004619737265
4,1265,0.004619737265
4,1266,0.004619737265
4,1267,0.004619737265
4,1268,0.004619737265
4,1269,0.004619737265
4,1270,0.004619737265
4,1271,0.004619737265
4,1272,0.004619737265
4,1273,0.004619737265
4,1274,0.004619737265
4,1275,0.004619737265
4,1276,0.004619737265
4,1277,0.004619737265
4,1278,0.004619737265
4,1279,0.004619737265
4,1280,0.004619737265
4,1281,0.004619737265
4,1282,0.004619737265
4,1283,0.004619737265
4,1284,0.004619737265
4,1285,0.004619737265
4,1286,0.004619737265
4,1287,0.004619737265
4,1288,0.004619737265
4,1289,0.004619737265
4,1290,0.004619737265
4,1291,0.004619737265
4,1292,0.004619737265
4,1293,0.004619737265
4,1294,0.004619737265
4,1295,0.004619737265
4,1296,0.004619737265
4,1297,0.004619737265
4,1298,0.004619737265
4,1299,0.004619737265
4,1300,0.004619737265
4,1301,0.004619737265
4,1302,0.004619737265
4,1303,0.004619737265
4,1304,0.004619737265
4,1305,0.004619737265
4,1306,0.004619737265
4,1307,0.004619737265
4,1308,0.004619737265
4,1309,0.004619737265
4,1310,0.004619737265
4,1311,0.004619737265
4,1312,0.004619737265
4,1313,0.004619737265
4,1314,0.004619737265
4,1315,0.004619737265
4,1316,0.004619737265
4,1317,0.004619737265
4,1318,0.004619737265
4,1319,0.004619737265
4,1320,0.004619737265
4,1321,0.004619737265
4,1322,0.004619737265
4,1323,0.004619737265
4,1324,0.004619737265
4,1325,0.004619737265
4,1326,0.004619737265
4,1327,0.004619737265
4,1328,0.004619737265
4,1329,0.004619737265
4,1330,0.004619737265
4,1331,0.004619737265
4,1332,0.004619737265
4,1333,0.004619737265
4,1334,0.004619737265
4,1335,0.004619737265
4,1336,0.004619737265
4,1337,0.004619737265
4,1338,0.004619737265
4,1339,0.004619737265
4,1340,0.004619737265
4,1341,0.004619737265
4,1342,0.004619737265
4,1343,0.004619737265
4,1344,0.004619737265
4,1345,0.004619737265
4,1346,0.004619737265
4,1347,0.004619737265
4,1348,0.004619737265
4,1349,0.004619737265
4,1350,0.004619737265
4,1351,0.004619737265
4,1352,0.004619737265
4,1353,0.004619737265
4,1354,0.004619737265
4,1355,0.004619737265
4,1356,0.004619737265
4,1357,0.004619737265
4,1358,0.004619737265
4,1359,0.004619737265
4,1360,0.004619737265
4,1361,0.004619737265
4,1362,0.004619737265
4,1363,0.004619737265
4,1364,0.004619737265
4,1365,0.004619737265
4,1366,0.004619737265
4,1367,0.004619737265
4,1368,0.004619737265
4,1369,0.004619737265
4,1370,0.004619737265
4,1371,0.004619737265
4,1372,0.004619737265
4,1373,0.004619737265
4,1374,0.004619737265
4,1375,0.004619737265
4,1376,0.004619737265
4,1377,0.004619737265
4,1378,0.004619737265
4,1379,0.004619737265
4,1380,0.004619737265
4,1381,0.004619737265
4,1382,0.004619737265
4,1383,0.004619737265
4,1384,0.004619737265
4,1385,0.004619737265
4,1386,0.004619737265
4,1387,0.004619737265
4,1388,0.004619737265
4,1389,0.004619737265
4,1390,0.004619737265
4,1391,0.004619737265
4,1392,0.004619737265
4,1393,0.004619737265
4,1394,0.004619737265
4,1395,0.004619737265
4,1396,0.004619737265
4,1397,0.004619737265
4,1398,0.004619737265
4,1399,0.004619737265
4,1400,0.004619737265
4,1401,0.004619737265
4,1402,0.004619737265
4,1403,0.004619737265
4,1404,0.004619737265
4,1405,0.004619737265
4,1406,0.004619737265
4,1407,0.004619737265
4,1408,0.004619737265
4,1409,0.004619737265
4,1410,0.004619737265
4,1411,0.004619737265
4,1412,0.004619737265
4,1413,0.004619737265
4,1414,0.004619737265
4,1415,0.004619737265
4,1416,0.004619737265
4,1417,0.004619737265
4,1418,0.004619737265
4,1419,0.004619737265
4,1420,0.004619737265
4,1421,0.004619737265
4,1422,0.004619737265
4,1423,0.004619737265
4,1424,0.004619737265
4,1425,0.004619737265
4,1426,0.004619737265
4,1427,0.004619737265
4,1428,0.004619737265
4,1429,0.004619737265
4,1430,0.004619737265
4,1431,0.004619737265
4,1432,0.004619737265
4,1433,0.004619737265
4,1434,0.004619737265
4,1435,0.004619737265
4,1436,0.004619737265
4,1437,0.004619737265
4,1438,0.004619737265
4,1439,0.004619737265
4,1440,0.004619737265
4,1441,0.004619737265
4,1442,0.004619737265
4,1443,0.004619737265
4,1444,0.004619737265
4,1445,0.004619737265
4,1446,0.004619737265
4,1447,0.004619737265
4,1448,0.004619737265
4,1449,0.004619737265
4,1450,0.004619737265
4,1451,0.004619737265
4,1452,0.004619737265
4,1453,0.004619737265
4,1454,0.004619737265
4,1455,0.004619737265
4,1456,0.004619737265
4,1457,0.004619737265
4,1458,0.004619737265
4,1459,0.004619737265
4,1460,0.004619737265
4,1461,0.004619737265
4,1462,0.004619737265
4,1463,0.004619737265
4,1464,0.004619737265
4,1465,0.004619737265
4,1466,0.004619737265
4,1467,0.004619737265
4,1468,0.004619737265
4,1469,0.004619737265
4,1470,0.004619737265
4,1471,0.004619737265
4,1472,0.004619737265
4,1473,0.004619737265
4,1474,0.004619737265
4,1475,0.004619737265
4,1476,0.004619737265
4,1477,0.004619737265
4,1478,0.004619737265
4,1479,0.004619737265
4,1480,0.004619737265
4,1481,0.004619737265
4,1482,0.004619737265
4,1483,0.004619737265
4,1484,0.004619737265
4,1485,0.004619737265
4,1486,0.004619737265
4,1487,0.004619737265
4,1488,0.004619737265
4,1489,0.004619737265
4,1490,0.004619737265
4,1491,0.004619737265
4,1492,0.004619737265
4,1493,0.004619737265
4,1494,0.004619737265
4,1495,0.004619737265
4,1496,0.004619737265
4,1497,0.004619737265
4,1498,0.004619737265
4,1499,0.004619737265
4,1500,0.004619737265
4,1501,0.004619737265
4,1502,0.004619737265
4,1503,0.004619737265
4,1504,0.004619737265
4,1505,0.004619737265
4,1506,0.004619737265
4,1507,0.004619737265
4,1508,0.004619737265
4,1509,0.004619737265
4,1510,0.004619737265
4,1511,0.004619737265
4,1512,0.004619737265
4,1513,0.004619737265
4,1514,0.004619737265
4,1515,0.004619737265
4,1516,0.004619737265
4,1517,0.004619737265
4,1518,0.004619737265
4,1519,0.004619737265
4,1520,0.004619737265
4,1521,0.004619737265
4,1522,0.004619737265
4,1523,0.004619737265
4,1524,0.004619737265
4,1525,0.004619737265
4,1526,0.004619737265
4,1527,0.004619737265
4,1528,0.004619737265
4,1529,0.004619737265
4,1530,0.004619737265
4,1531,0.004619737265
4,1532,0.004619737265
4,1533,0.004619737265
4,1534,0.004619737265
4,1535,0.004619737265
4,1536,0.004619737265
4,1537,0.004619737265
4,1538,0.004619737265
4,1539,0.004619737265
4,1540,0.004619737265
4,1541,0.004619737265
4,1542,0.004619737265
4,1543,0.004619737265
4,1544,0.004619737265
4,1545,0.004619737265
4,1546,0.004619737265
4,1547,0.004619737265
4,1548,0.004619737265
4,1549,0.004619737265
4,1550,0.004619737265
4,1551,0.004619737265
4,1552,0.004619737265
4,1553,0.004619737265
4,1554,0.004619737265
4,1555,0.004619737265
4,1556,0.004619737265
4,1557,0.004619737265
4,1558,0.004619737265
4,1559,0.004619737265
4,1560,0.004619737265
4,1561,0.004619737265
4,1562,0.004619737265
4,1563,0.004619737265
4,1564,0.004619737265
4,1565,0.004619737265
4,1566,0.004619737265
4,1567,0.004619737265
4,1568,0.004619737265
4,1569,0.004619737265
4,1570,0.004619737265
4,1571,0.004619737265
4,1572,0.004619737265
4,1573,0.004619737265
4,1574,0.004619737265
4,1575,0.004619737265
4,1576,0.004619737265
4,1577,0.004619737265
4,1578,0.004619737265
4,1579,0.004619737265
4,1580,0.004619737265
4,1581,0.004619737265
4,1582,0.004619737265
4,1583,0.004619737265
4,1584,0.004619737265
4,1585,0.004619737265
4,1586,0.004619737265
4,1587,0.004619737265
4,1588,0.004619737265
4,1589,0.004619737265
4,1590,0.004619737265
4,1591,0.004619737265
4,1592,0.004619737265
4,1593,0.004619737265
4,1594,0.004619737265
4,1595,0.004619737265
4,1596,0.004619737265
4,1597,0.004619737265
4,1598,0.004619737265
4,1599,0.004619737265
4,1600,0.004619737265
4,1601,0.004619737265
4,1602,0.004619737265
4,1603,0.004619737265
4,1604,0.004619737265
4,1605,0.004619737265
4,1606,0.004619737265
4,1607,0.004619737265
4,1608,0.004619737265
4,1609,0.004619737265
4,1610,0.004619737265
4,1611,0.004619737265
4,1612,0.004619737265
4,1613,0.004619737265
4,1614,0.004619737265
4,1615,0.004619737265
4,1616,0.004619737265
4,1617,0.004619737265
4,1618,0.004619737265
4,1619,0.004619737265
4,1620,0.004619737265
4,1621,0.004619737265
4,1622,0.004619737265
4,1623,0.004619737265
4,1624,0.004619737265
4,1625,0.004619737265
4,1626,0.004619737265
4,1627,0.004619737265
4,1628,0.004619737265
4,1629,0.004619737265
4,1630,0.004619737265
4,1631,0.004619737265
4,1632,0.004619737265
4,1633,0.004619737265
4,1634,0.004619737265
4,1635,0.004619737265
4,1636,0.004619737265
4,1637,0.004619737265
4,1638,0.004619737265
4,1639,0.004619737265
4,1640,0.004619737265
4,1641,0.004619737265
4,1642,0.004619737265
4,1643,0.004619737265
4,1644,0.004619737265
4,1645,0.004619737265
4,1646,0.004619737265
4,1647,0.004619737265
4,1648,0.004619737265
4,1649,0.004619737265
4,1650,0.004619737265
4,1651,0.004619737265
4,1652,0.004619737265
4,1653,0.004619737265
4,1654,0.004619737265
4,1655,0.004619737265
4,1656,0.004619737265
4,1657,0.004619737265
4,1658,0.004619737265
4,1659,0.004619737265
4,1660,0.004619737265
4,1661,0.004619737265
4,1662,0.004619737265
4,1663,0.004619737265
4,1664,0.004619737265
4,1665,0.004619737265
4,1666,0.004619737265
4,1667,0.004619737265
4,1668,0.004619737265
4,1669,0.004619737265
4,1670,0.004619737265
4,1671,0.004619737265
4,1672,0.004619737265
4,1673,0.004619737265
4,1674,0.004619737265
4,1675,0.004619737265
4,1676,0.004619737265
4,1677,0.004619737265
4,1678,0.004619737265
4,1679,0.004619737265
4,1680,0.004619737265
4,1681,0.004619737265
4,1682,0.004619737265
4,1683,0.004619737265
4,1684,0.004619737265
4,1685,0.004619737265
4,1686,0.004619737265
4,1687,0.004619737265
4,1688,0.004619737265
4,1689,0.004619737265
4,1690,0.004619737265
4,1691,0.004619737265
4,1692,0.004619737265
4,1693,0.004619737265
4,1694,0.004619737265
4,1695,0.004619737265
4,1696,0.004619737265
4,1697,0.004619737265
4,1698,0.004619737265
4,1699,0.004619737265
4,1700,0.004619737265
4,1701,0.004619737265
4,1702,0.004619737265
4,1703,0.004619737265
4,1704,0.004619737265
4,1705,0.004619737265
4,1706,0.004619737265
4,1707,0.004619737265
4,1708,0.004619737265
4,1709,0.004619737265
4,1710,0.004619737265
4,1711,0.004619737265
4,1712,0.004619737265
4,1713,0.004619737265
4,1714,0.004619737265
4,1715,0.004619737265
4,1716,0.004619737265
4,1717,0.004619737265
4,1718,0.004619737265
4,1719,0.004619737265
4,1720,0.004619737265
4,1721,0.004619737265
4,1722,0.004619737265
4,1723,0.004619737265
4,1724,0.004619737265
4,1725,0.004619737265
4,1726,0.004619737265
4,1727,0.004619737265
4,1728,0.004619737265
4,1729,0.004619737265
4,1730,0.004619737265
4,1731,0.004619737265
4,1732,0.004619737265
4,1733,0.004619737265
4,1734,0.004619737265
4,1735,0.004619737265
4,1736,0.004619737265
4,1737,0.004619737265
4,1738,0.004619737265
4,1739,0.004619737265
4,1740,0.004619737265
4,1741,0.004619737265
4,1742,0.004619737265
4,1743,0.004619737265
4,1744,0.004619737265
4,1745,0.004619737265
4,1746,0.004619737265
4,1747,0.004619737265
4,1748,0.004619737265
4,1749,0.004619737265
4,1750,0.004619737265
4,1751,0.004619737265
4,1752,0.004619737265
4,1753,0.004619737265
4,1754,0.004619737265
4,1755,0.004619737265
4,1756,0.004619737265
4,1757,0.004619737265
4,1758,0.004619737265
4,1759,0.004619737265
4,1760,0.004619737265
4,1761,0.004619737265
4,1762,0.004619737265
4,1763,0.004619737265
4,1764,0.004619737265
4,1765,0.004619737265
4,1766,0.004619737265
4,1767,0.004619737265
4,1768,0.004619737265
4,1769,0.004619737265
4,1770,0.004619737265
4,1771,0.004619737265
4,1772,0.004619737265
4,1773,0.004619737265
4,1774,0.004619737265
4,1775,0.004619737265
4,1776,0.004619737265
4,1777,0.004619737265
4,1778,0.004619737265
4,1779,0.004619737265
4,1780,0.004619737265
4,1781,0.004619737265
4,1782,0.004619737265
4,1783,0.004619737265
4,1784,0.004619737265
4,1785,0.004619737265
4,1786,0.004619737265
4,1787,0.004619737265
4,1788,0.004619737265
4,1789,0.004619737265
4,1790,0.004619737265
4,1791,0.004619737265
4,1792,0.004619737265
4,1793,0.004619737265
4,1794,0.004619737265
4,1795,0.004619737265
4,1796,0.004619737265
4,1797,0.004619737265
4,1798,0.004619737265
4,1799,0.004619737265
4,1800,0.004619737265
4,1801,0.004619737265
4,1802,0.004619737265
4,1803,0.004619737265
4,1804,0.004619737265
4,1805,0.004619737265
4,1806,0.004619737265
4,1807,0.004619737265
4,1808,0.004619737265
4,1809,0.004619737265
4,1810,0.004619737265
4,1811,0.004619737265
4,1812,0.004619737265
4,1813,0.004619737265
4,1814,0.004619737265
4,1815,0.004619737265
4,1816,0.004619737265
4,1817,0.004619737265
4,1818,0.004619737265
4,1819,0.004619737265
4,1820,0.004619737265
4,1821,0.004619737265
4,1822,0.004619737265
4,1823,0.004619737265
4,1824,0.004619737265
4,1825,0.004619737265
4,1826,0.004619737265
4,1827,0.004619737265
4,1828,0.004619737265
4,1829,0.004619737265
4,1830,0.004619737265
4,1831,0.004619737265
4,1832,0.004619737265
4,1833,0.004619737265
4,1834,0.004619737265
4,1835,0.004619737265
4,1836,0.004619737265
4,1837,0.004619737265
4,1838,0.004619737265
4,1839,0.004619737265
4,1840,0.004619737265
4,1841,0.004619737265
4,1842,0.004619737265
4,1843,0.004619737265
4,1844,0.004619737265
4,1845,0.004619737265
4,1846,0.004619737265
4,1847,0.004619737265
4,1848,0.004619737265
4,1849,0.004619737265
4,1850,0.004619737265
4,1851,0.004619737265
4,1852,0.004619737265
4,1853,0.004619737265
4,1854,0.004619737265
4,1855,0.004619737265
4,1856,0.004619737265
4,1857,0.004619737265
4,1858,0.004619737265
4,1859,0.004619737265
4,1860,0.004619737265
4,1861,0.004619737265
4,1862,0.004619737265
4,1863,0.004619737265
4,1864,0.004619737265
4,1865,0.004619737265
4,1866,0.004619737265
4,1867,0.004619737265
4,1868,0.004619737265
4,1869,0.004619737265
4,1870,0.004619737265
4,1871,0.004619737265
4,1872,0.004619737265
4,1873,0.004619737265
4,1874,0.004619737265
4,1875,0.004619737265
4,1876,0.004619737265
4,1877,0.004619737265
4,1878,0.004619737265
4,1879,0.004619737265
4,1880,0.004619737265
4,1881,0.004619737265
4,1882,0.004619737265
4,1883,0.004619737265
4,1884,0.004619737265
4,1885,0.004619737265
4,1886,0.004619737265
4,1887,0.004619737265
4,1888,0.004619737265
4,1889,0.004619737265
4,1890,0.004619737265
4,1891,0.004619737265
4,1892,0.004619737265
4,1893,0.004619737265
4,1894,0.004619737265
4,1895,0.004619737265
4,1896,0.004619737265
4,1897,0.004619737265
4,1898,0.004619737265
4,1899,0.004619737265
4,1900,0.004619737265
4,1901,0.004619737265
4,1902,0.004619737265
4,1903,0.004619737265
4,1904,0.004619737265
4,1905,0.004619737265
4,1906,0.004619737265
4,1907,0.004619737265
4,1908,0.004619737265
4,1909,0.004619737265
4,1910,0.004619737265
4,1911,0.004619737265
4,1912,0.004619737265
4,1913,0.004619737265
4,1914,0.004619737265
4,1915,0.004619737265
4,1916,0.004619737265
4,1917,0.004619737265
4,1918,0.004619737265
4,1919,0.004619737265
4,1920,0.004619737265
4,1921,0.004619737265
4,1922,0.004619737265
4,1923,0.004619737265
4,1924,0.004619737265
4,1925,0.004619737265
4,1926,0.004619737265
4,1927,0.004619737265
4,1928,0.004619737265
4,1929,0.004619737265
4,1930,0.004619737265
4,1931,0.004619737265
4,1932,0.004619737265
4,1933,0.004619737265
4,1934,0.004619737265
4,1935,0.004619737265
4,1936,0.004619737265
4,1937,0.004619737265
4,1938,0.004619737265
4,1939,0.004619737265
4,1940,0.004619737265
4,1941,0.004619737265
4,1942,0.004619737265
4,1943,0.004619737265
4,1944,0.004619737265
4,1945,0.004619737265
4,1946,0.004619737265
4,1947,0.004619737265
4,1948,0.004619737265
4,1949,0.004619737265
4,1950,0.004619737265
4,1951,0.004619737265
4,1952,0.004619737265
4,1953,0.004619737265
4,1954,0.004619737265
4,1955,0.004619737265
4,1956,0.004619737265
4,1957,0.004619737265
4,1958,0.004619737265
4,1959,0.004619737265
4,1960,0.004619737265
4,1961,0.004619737265
4,1962,0.004619737265
4,1963,0.004619737265
4,1964,0.004619737265
4,1965,0.004619737265
4,1966,0.004619737265
4,1967,0.004619737265
4,1968,0.004619737265
4,1969,0.004619737265
4,1970,0.004619737265
4,1971,0.004619737265
4,1972,0.004619737265
4,1973,0.004619737265
4,1974,0.004619737265
4,1975,0.004619737265
4,1976,0.004619737265
4,1977,0.004619737265
4,1978,0.004619737265
4,1979,0.004619737265
4,1980,0.004619737265
4,1981,0.004619737265
4,1982,0.004619737265
4,1983,0.004619737265
4,1984,0.004619737265
4,1985,0.004619737265
4,1986,0.004619737265
4,1987,0.004619737265
4,1988,0.004619737265
4,1989,0.004619737265
4,1990,0.004619737265
4,1991,0.004619737265
4,1992,0.004619737265
4,1993,0.004619737265
4,1994,0.004619737265
4,1995,0.004619737265
4,1996,0.004619737265
4,1997,0.004619737265
4,1998,0.004619737265
4,1999,0.004619737265
4,2000,0.004619737265
4,2001,0.004619737265
4,2002,0.004619737265
4,2003,0.004619737265
4,2004,0.004619737265
4,2005,0.004619737265
4,2006,0.004619737265
4,2007,0.004619737265
4,2008,0.004619737265
4,2009,0.004619737265
4,2010,0.004619737265
4,2011,0.004619737265
4,2012,0.004619737265
4,2013,0.004619737265
4,2014,0.004619737265
4,2015,0.004619737265
4,2016,0.004619737265
4,2017,0.004619737265
4,2018,0.004619737265
4,2019,0.004619737265
4,2020,0.004619737265
4,2021,0.004619737265
4,2022,0.004619737265
4,2023,0.004619737265
4,2024,0.004619737265
4,2025,0.004619737265
4,2026,0.004619737265
4,2027,0.004619737265
4,2028,0.004619737265
4,2029,0.004619737265
4,2030,0.004619737265
4,2031,0.004619737265
4,2032,0.004619737265
4,2033,0.004619737265
4,2034,0.004619737265
4,2035,0.004619737265
4,2036,0.004619737265
4,2037,0.004619737265
4,2038,0.004619737265
4,2039,0.004619737265
4,2040,0.004619737265
4,2041,0.004619737265
4,2042,0.004619737265
4,2043,0.004619737265
4,2044,0.004619737265
4,2045,0.004619737265
4,2046,0.004619737265
4,2047,0.004619737265
4,2048,0.004619737265
4,2049,0.004619737265
4,2050,0.004619737265
4,2051,0.004619737265
4,2052,0.004619737265
4,2053,0.004619737265
4,2054,0.004619737265
4,2055,0.004619737265
4,2056,0.004619737265
4,2057,0.004619737265
4,2058,0.004619737265
4,2059,0.004619737265
4,2060,0.004619737265
4,2061,0.004619737265
4,2062,0.004619737265
4,2063,0.004619737265
4,2064,0.004619737265
4,2065,0.004619737265
4,2066,0.004619737265
4,2067,0.004619737265
4,2068,0.004619737265
4,2069,0.004619737265
4,2070,0.004619737265
4,2071,0.004619737265
4,2072,0.004619737265
4,2073,0.004619737265
4,2074,0.004619737265
4,2075,0.004619737265
4,2076,0.004619737265
4,2077,0.004619737265
4,2078,0.004619737265
4,2079,0.004619737265
4,2080,0.004619737265
4,2081,0.004619737265
4,2082,0.004619737265
4,2083,0.004619737265
4,2084,0.004619737265
4,2085,0.004619737265
4,2086,0.004619737265
4,2087,0.004619737265
4,2088,0.004619737265
4,2089,0.004619737265
4,2090,0.004619737265
4,2091,0.004619737265
4,2092,0.004619737265
4,2093,0.004619737265
4,2094,0.004619737265
4,2095,0.004619737265
4,2096,0.004619737265
4,2097,0.004619737265
4,2098,0.004619737265
4,2099,0.004619737265
4,2100,0.004619737265
4,2101,0.004619737265
4,2102,0.004619737265
4,2103,0.004619737265
4,2104,0.004619737265
4,2105,0.004619737265
4,2106,0.004619737265
4,2107,0.004619737265
4,2108,0.004619737265
4,2109,0.004619737265
4,2110,0.004619737265
4,2111,0.004619737265
4,2112,0.004619737265
4,2113,0.004619737265
4,2114,0.004619737265
4,2115,0.004619737265
4,2116,0.004619737265
4,2117,0.004619737265
4,2118,0.004619737265
4,2119,0.004619737265
4,2120,0.004619737265
4,2121,0.004619737265
4,2122,0.004619737265
4,2123,0.004619737265
4,2124,0.004619737265
4,2125,0.004619737265
4,2126,0.004619737265
4,2127,0.004619737265
4,2128,0.004619737265
4,2129,0.004619737265
4,2130,0.004619737265
4,2131,0.004619737265
4,2132,0.004619737265
4,2133,0.004619737265
4,2134,0.004619737265
4,2135,0.004619737265
4,2136,0.004619737265
4,2137,0.004619737265
4,2138,0.004619737265
4,2139,0.004619737265
4,2140,0.004619737265
4,2141,0.004619737265
4,2142,0.004619737265
4,2143,0.004619737265
4,2144,0.004619737265
4,2145,0.004619737265
4,2146,0.004619737265
4,2147,0.004619737265
4,2148,0.004619737265
4,2149,0.004619737265
4,2150,0.004619737265
4,2151,0.004619737265
4,2152,0.004619737265
4,2153,0.004619737265
4,2154,0.004619737265
4,2155,0.004619737265
4,2156,0.004619737265
4,2157,0.004619737265
4,2158,0.004619737265
4,2159,0.004619737265
4,2160,0.004619737265
4,2161,0.004619737265
4,2162,0.004619737265
4,2163,0.004619737265
4,2164,0.004619737265
4,2165,0.004619737265
4,2166,0.004619737265
4,2167,0.004619737265
4,2168,0.004619737265
4,2169,0.004619737265
4,2170,0.004619737265
4,2171,0.004619737265
4,2172,0.004619737265
4,2173,0.004619737265
4,2174,0.004619737265
4,2175,0.004619737265
4,2176,0.004619737265
4,2177,0.004619737265
4,2178,0.004619737265
4,2179,0.004619737265
4,2180,0.004619737265
4,2181,0.004619737265
4,2182,0.004619737265
4,2183,0.004619737265
4,2184,0.004619737265
4,2185,0.004619737265
4,2186,0.004619737265
4,2187,0.004619737265
4,2188,0.004619737265
4,2189,0.004619737265
4,2190,0.004619737265
4,2191,0.004619737265
4,2192,0.004619737265
4,2193,0.004619737265
4,2194,0.004619737265
4,2195,0.004619737265
4,2196,0.004619737265
4,2197,0.004619737265
4,2198,0.004619737265
4,2199,0.004619737265
4,2200,0.004619737265
4,2201,0.004619737265
4,2202,0.004619737265
4,2203,0.004619737265
4,2204,0.004619737265
4,2205,0.004619737265
4,2206,0.004619737265
4,2207,0.004619737265
4,2208,0.004619737265
4,2209,0.004619737265
4,2210,0.004619737265
4,2211,0.004619737265
4,2212,0.004619737265
4,2213,0.004619737265
4,2214,0.004619737265
4,2215,0.004619737265
4,2216,0.004619737265
4,2217,0.004619737265
4,2218,0.004619737265
4,2219,0.004619737265
4,2220,0.004619737265
4,2221,0.004619737265
4,2222,0.004619737265
4,2223,0.004619737265
4,2224,0.004619737265
4,2225,0.004619737265
4,2226,0.004619737265
4,2227,0.004619737265
4,2228,0.004619737265
4,2229,0.004619737265
4,2230,0.004619737265
4,2231,0.004619737265
4,2232,0.004619737265
4,2233,0.004619737265
4,2234,0.004619737265
4,2235,0.004619737265
4,2236,0.004619737265
4,2237,0.004619737265
4,2238,0.004619737265
4,2239,0.004619737265
4,2240,0.004619737265
4,2241,0.004619737265
4,2242,0.004619737265
4,2243,0.004619737265
4,2244,0.004619737265
4,2245,0.004619737265
4,2246,0.004619737265
4,2247,0.004619737265
4,2248,0.004619737265
4,2249,0.004619737265
4,2250,0.004619737265
4,2251,0.004619737265
4,2252,0.004619737265
4,2253,0.004619737265
4,2254,0.004619737265
4,2255,0.004619737265
4,2256,0.004619737265
4,2257,0.004619737265
4,2258,0.004619737265
4,2259,0.004619737265
4,2260,0.004619737265
4,2261,0.004619737265
4,2262,0.004619737265
4,2263,0.004619737265
4,2264,0.004619737265
4,2265,0.004619737265
4,2266,0.004619737265
4,2267,0.004619737265
4,2268,0.004619737265
4,2269,0.004619737265
4,2270,0.004619737265
4,2271,0.004619737265
4,2272,0.004619737265
4,2273,0.004619737265
4,2274,0.004619737265
4,2275,0.004619737265
4,2276,0.004619737265
4,2277,0.004619737265
4,2278,0.004619737265
4,2279,0.004619737265
4,2280,0.004619737265
4,2281,0.004619737265
4,2282,0.004619737265
4,2283,0.004619737265
4,2284,0.004619737265
4,2285,0.004619737265
4,2286,0.004619737265
4,2287,0.004619737265
4,2288,0.004619737265
4,2289,0.004619737265
4,2290,0.004619737265
4,2291,0.004619737265
4,2292,0.004619737265
4,2293,0.004619737265
4,2294,0.004619737265
4,2295,0.004619737265
4,2296,0.004619737265
4,2297,0.004619737265
4,2298,0.004619737265
4,2299,0.004619737265
4,2300,0.004619737265
4,2301,0.004619737265
4,2302,0.004619737265
4,2303,0.004619737265
4,2304,0.004619737265
4,2305,0.004619737265
4,2306,0.004619737265
4,2307,0.004619737265
4,2308,0.004619737265
4,2309,0.004619737265
4,2310,0.004619737265
4,2311,0.004619737265
4,2312,0.004619737265
4,2313,0.004619737265
4,2314,0.004619737265
4,2315,0.004619737265
4,2316,0.004619737265
4,2317,0.004619737265
4,2318,0.004619737265
4,2319,0.004619737265
4,2320,0.004619737265
4,2321,0.004619737265
4,2322,0.004619737265
4,2323,0.004619737265
4,2324,0.004619737265
4,2325,0.004619737265
4,2326,0.004619737265
4,2327,0.004619737265
4,2328,0.004619737265
4,2329,0.004619737265
4,2330,0.004619737265
4,2331,0.004619737265
4,2332,0.004619737265
4,2333,0.004619737265
4,2334,0.004619737265
4,2335,0.004619737265
4,2336,0.004619737265
4,2337,0.004619737265
4,2338,0.004619737265
4,2339,0.004619737265
4,2340,0.004619737265
4,2341,0.004619737265
4,2342,0.004619737265
4,2343,0.004619737265
4,2344,0.004619737265
4,2345,0.004619737265
4,2346,0.004619737265
4,2347,0.004619737265
4,2348,0.004619737265
4,2349,0.004619737265
4,2350,0.004619737265
4,2351,0.004619737265
4,2352,0.004619737265
4,2353,0.004619737265
4,2354,0.004619737265
4,2355,0.004619737265
4,2356,0.004619737265
4,2357,0.004619737265
4,2358,0.004619737265
4,2359,0.004619737265
4,2360,0.004619737265
4,2361,0.004619737265
4,2362,0.004619737265
4,2363,0.004619737265
4,2364,0.004619737265
4,2365,0.004619737265
4,2366,0.004619737265
4,2367,0.004619737265
4,2368,0.004619737265
4,2369,0.004619737265
4,2370,0.004619737265
4,2371,0.004619737265
4,2372,0.004619737265
4,2373,0.004619737265
4,2374,0.004619737265
4,2375,0.004619737265
4,2376,0.004619737265
4,2377,0.004619737265
4,2378,0.004619737265
4,2379,0.004619737265
4,2380,0.004619737265
4,2381,0.004619737265
4,2382,0.004619737265
4,2383,0.004619737265
4,2384,0.004619737265
4,2385,0.004619737265
4,2386,0.004619737265
4,2387,0.004619737265
4,2388,0.004619737265
4,2389,0.004619737265
4,2390,0.004619737265
4,2391,0.004619737265
4,2392,0.004619737265
4,2393,0.004619737265
4,2394,0.004619737265
4,2395,0.004619737265
4,2396,0.004619737265
4,2397,0.004619737265
4,2398,0.004619737265
4,2399,0.004619737265
4,2400,0.004619737265
4,2401,0.004619737265
4,2402,0.004619737265
4,2403,0.004619737265
4,2404,0.004619737265
4,2405,0.004619737265
4,2406,0.004619737265
4,2407,0.004619737265
4,2408,0.004619737265
4,2409,0.004619737265
4,2410,0.004619737265
4,2411,0.004619737265
4,2412,0.004619737265
4,2413,0.004619737265
4,2414,0.004619737265
4,2415,0.004619737265
4,2416,0.004619737265
4,2417,0.004619737265
4,2418,0.004619737265
4,2419,0.004619737265
4,2420,0.004619737265
4,2421,0.004619737265
4,2422,0.004619737265
4,2423,0.004619737265
4,2424,0.004619737265
4,2425,0.004619737265
4,2426,0.004619737265
4,2427,0.004619737265
4,2428,0.004619737265
4,2429,0.004619737265
4,2430,0.004619737265
4,2431,0.004619737265
4,2432,0.004619737265
4,2433,0.004619737265
4,2434,0.004619737265
4,2435,0.004619737265
4,2436,0.004619737265
4,2437,0.004619737265
4,2438,0.004619737265
4,2439,0.004619737265
4,2440,0.004619737265
4,2441,0.004619737265
4,2442,0.004619737265
4,2443,0.004619737265
4,2444,0.004619737265
4,2445,0.004619737265
4,2446,0.004619737265
4,2447,0.004619737265
4,2448,0.004619737265
4,2449,0.004619737265
4,2450,0.004619737265
4,2451,0.004619737265
4,2452,0.004619737265
4,2453,0.004619737265
4,2454,0.004619737265
4,2455,0.004619737265
4,2456,0.004619737265
4,2457,0.004619737265
4,2458,0.004619737265
4,2459,0.004619737265
4,2460,0.004619737265
4,2461,0.004619737265
4,2462,0.004619737265
4,2463,0.004619737265
4,2464,0.004619737265
4,2465,0.004619737265
4,2466,0.004619737265
4,2467,0.004619737265
4,2468,0.004619737265
4,2469,0.004619737265
4,2470,0.004619737265
4,2471,0.004619737265
4,2472,0.004619737265
4,2473,0.004619737265
4,2474,0.004619737265
4,2475,0.004619737265
4,2476,0.004619737265
4,2477,0.004619737265
4,2478,0.004619737265
4,2479,0.004619737265
4,2480,0.004619737265
4,2481,0.004619737265
4,2482,0.004619737265
4,2483,0.004619737265
4,2484,0.004619737265
4,2485,0.004619737265
4,2486,0.004619737265
4,2487,0.004619737265
4,2488,0.004619737265
4,2489,0.004619737265
4,2490,0.004619737265
4,2491,0.004619737265
4,2492,0.004619737265
4,2493,0.004619737265
4,2494,0.004619737265
4,2495,0.004619737265
4,2496,0.004619737265
4,2497,0.004619737265
4,2498,0.004619737265
4,2499,0.004619737265
4,2500,0.004619737265
4,2501,0.004619737265
4,2502,0.004619737265
4,2503,0.004619737265
4,2504,0.004619737265
4,2505,0.004619737265
4,2506,0.004619737265
4,2507,0.004619737265
4,2508,0.004619737265
4,2509,0.004619737265
4,2510,0.004619737265
4,2511,0.004619737265
4,2512,0.004619737265
4,2513,0.004619737265
4,2514,0.004619737265
4,2515,0.004619737265
4,2516,0.004619737265
4,2517,0.004619737265
4,2518,0.004619737265
4,2519,0.004619737265
4,2520,0.004619737265
4,2521,0.004619737265
4,2522,0.004619737265
4,2523,0.004619737265
4,2524,0.004619737265
4,2525,0.004619737265
4,2526,0.004619737265
4,2527,0.004619737265
4,2528,0.004619737265
4,2529,0.004619737265
4,2530,0.004619737265
4,2531,0.004619737265
4,2532,0.004619737265
4,2533,0.004619737265
4,2534,0.004619737265
4,2535,0.004619737265
4,2536,0.004619737265
4,2537,0.004619737265
4,2538,0.004619737265
4,2539,0.004619737265
4,2540,0.004619737265
4,2541,0.004619737265
4,2542,0.004619737265
4,2543,0.004619737265
4,2544,0.004619737265
4,2545,0.004619737265
4,2546,0.004619737265
4,2547,0.004619737265
4,2548,0.004619737265
4,2549,0.004619737265
4,2550,0.004619737265
4,2551,0.004619737265
4,2552,0.004619737265
4,2553,0.004619737265
4,2554,0.004619737265
4,2555,0.004619737265
4,2556,0.004619737265
4,2557,0.004619737265
4,2558,0.004619737265
4,2559,0.004619737265
4,2560,0.004619737265
4,2561,0.004619737265
4,2562,0.004619737265
4,2563,0.004619737265
4,2564,0.004619737265
4,2565,0.004619737265
4,2566,0.004619737265
4,2567,0.004619737265
4,2568,0.004619737265
4,2569,0.004619737265
4,2570,0.004619737265
4,2571,0.004619737265
4,2572,0.004619737265
4,2573,0.004619737265
4,2574,0.004619737265
4,2575,0.004619737265
4,2576,0.004619737265
4,2577,0.004619737265
4,2578,0.004619737265
4,2579,0.004619737265
4,2580,0.004619737265
4,2581,0.004619737265
4,2582,0.004619737265
4,2583,0.004619737265
4,2584,0.004619737265
4,2585,0.004619737265
4,2586,0.004619737265
4,2587,0.004619737265
4,2588,0.004619737265
4,2589,0.004619737265
4,2590,0.004619737265
4,2591,0.004619737265
4,2592,0.004619737265
4,2593,0.004619737265
4,2594,0.004619737265
4,2595,0.004619737265
4,2596,0.004619737265
4,2597,0.004619737265
4,2598,0.004619737265
4,2599,0.004619737265
4,2600,0.004619737265
4,2601,0.004619737265
4,2602,0.004619737265
4,2603,0.004619737265
4,2604,0.004619737265
4,2605,0.004619737265
4,2606,0.004619737265
4,2607,0.004619737265
4,2608,0.004619737265
4,2609,0.004619737265
4,2610,0.004619737265
4,2611,0.004619737265
4,2612,0.004619737265
4,2613,0.004619737265
4,2614,0.004619737265
4,2615,0.004619737265
4,2616,0.004619737265
4,2617,0.004619737265
4,2618,0.004619737265
4,2619,0.004619737265
4,2620,0.004619737265
4,2621,0.004619737265
4,2622,0.004619737265
4,2623,0.004619737265
4,2624,0.004619737265
4,2625,0.004619737265
4,2626,0.004619737265
4,2627,0.004619737265
4,2628,0.004619737265
4,2629,0.004619737265
4,2630,0.004619737265
4,2631,0.004619737265
4,2632,0.004619737265
4,2633,0.004619737265
4,2634,0.004619737265
4,2635,0.004619737265
4,2636,0.004619737265
4,2637,0.004619737265
4,2638,0.004619737265
4,2639,0.004619737265
4,2640,0.004619737265
4,2641,0.004619737265
4,2642,0.004619737265
4,2643,0.004619737265
4,2644,0.004619737265
4,2645,0.004619737265
4,2646,0.004619737265
4,2647,0.004619737265
4,2648,0.004619737265
4,2649,0.004619737265
4,2650,0.004619737265
4,2651,0.004619737265
4,2652,0.004619737265
4,2653,0.004619737265
4,2654,0.004619737265
4,2655,0.004619737265
4,2656,0.004619737265
4,2657,0.004619737265
4,2658,0.004619737265
4,2659,0.004619737265
4,2660,0.004619737265
4,2661,0.004619737265
4,2662,0.004619737265
4,2663,0.004619737265
4,2664,0.004619737265
4,2665,0.004619737265
4,2666,0.004619737265
4,2667,0.004619737265
4,2668,0.004619737265
4,2669,0.004619737265
4,2670,0.004619737265
4,2671,0.004619737265
4,2672,0.004619737265
4,2673,0.004619737265
4,2674,0.004619737265
4,2675,0.004619737265
4,2676,0.004619737265
4,2677,0.004619737265
4,2678,0.004619737265
4,2679,0.004619737265
4,2680,0.004619737265
4,2681,0.004619737265
4,2682,0.004619737265
4,2683,0.004619737265
4,2684,0.004619737265
4,2685,0.004619737265
4,2686,0.004619737265
4,2687,0.004619737265
4,2688,0.004619737265
4,2689,0.004619737265
4,2690,0.004619737265
4,2691,0.004619737265
4,2692,0.004619737265
4,2693,0.004619737265
4,2694,0.004619737265
4,2695,0.004619737265
4,2696,0.004619737265
4,2697,0.004619737265
4,2698,0.004619737265
4,2699,0.004619737265
4,2700,0.004619737265
4,2701,0.004619737265
4,2702,0.004619737265
4,2703,0.004619737265
4,2704,0.004619737265
4,2705,0.004619737265
4,2706,0.004619737265
4,2707,0.004619737265
4,2708,0.004619737265
4,2709,0.004619737265
4,2710,0.004619737265
4,2711,0.004619737265
4,2712,0.004619737265
4,2713,0.004619737265
4,2714,0.004619737265
4,2715,0.004619737265
4,2716,0.004619737265
4,2717,0.004619737265
4,2718,0.004619737265
4,2719,0.004619737265
4,2720,0.004619737265
4,2721,0.004619737265
4,2722,0.004619737265
4,2723,0.004619737265
4,2724,0.004619737265
4,2725,0.004619737265
4,2726,0.004619737265
4,2727,0.004619737265
4,2728,0.004619737265
4,2729,0.004619737265
4,2730,0.004619737265
4,2731,0.004619737265
4,2732,0.004619737265
4,2733,0.004619737265
4,2734,0.004619737265
4,2735,0.004619737265
4,2736,0.004619737265
4,2737,0.004619737265
4,2738,0.004619737265
4,2739,0.004619737265
4,2740,0.004619737265
4,2741,0.004619737265
4,2742,0.004619737265
4,2743,0.004619737265
4,2744,0.004619737265
4,2745,0.004619737265
4,2746,0.004619737265
4,2747,0.004619737265
4,2748,0.004619737265
4,2749,0.004619737265
4,2750,0.004619737265
4,2751,0.004619737265
4,2752,0.004619737265
4,2753,0.004619737265
4,2754,0.004619737265
4,2755,0.004619737265
4,2756,0.004619737265
4,2757,0.004619737265
4,2758,0.004619737265
4,2759,0.004619737265
4,2760,0.004619737265
4,2761,0.004619737265
4,2762,0.004619737265
4,2763,0.004619737265
4,2764,0.004619737265
4,2765,0.004619737265
4,2766,0.004619737265
4,2767,0.004619737265
4,2768,0.004619737265
4,2769,0.004619737265
4,2770,0.004619737265
4,2771,0.004619737265
4,2772,0.004619737265
4,2773,0.004619737265
4,2774,0.004619737265
4,2775,0.004619737265
4,2776,0.004619737265
4,2777,0.004619737265
4,2778,0.004619737265
4,2779,0.004619737265
4,2780,0.004619737265
4,2781,0.004619737265
4,2782,0.004619737265
4,2783,0.004619737265
4,2784,0.004619737265
4,2785,0.004619737265
4,2786,0.004619737265
4,2787,0.004619737265
4,2788,0.004619737265
4,2789,0.004619737265
4,2790,0.004619737265
4,2791,0.004619737265
4,2792,0.004619737265
4,2793,0.004619737265
4,2794,0.004619737265
4,2795,0.004619737265
4,2796,0.004619737265
4,2797,0.004619737265
4,2798,0.004619737265
4,2799,0.004619737265
4,2800,0.004619737265
4,2801,0.004619737265
4,2802,0.004619737265
4,2803,0.004619737265
4,2804,0.004619737265
4,2805,0.004619737265
4,2806,0.004619737265
4,2807,0.004619737265
4,2808,0.004619737265
4,2809,0.004619737265
4,2810,0.004619737265
4,2811,0.004619737265
4,2812,0.004619737265
4,2813,0.004619737265
4,2814,0.004619737265
4,2815,0.004619737265
4,2816,0.004619737265
4,2817,0.004619737265
4,2818,0.004619737265
4,2819,0.004619737265
4,2820,0.004619737265
4,2821,0.004619737265
4,2822,0.004619737265
4,2823,0.004619737265
4,2824,0.004619737265
4,2825,0.004619737265
4,2826,0.004619737265
4,2827,0.004619737265
4,2828,0.004619737265
4,2829,0.004619737265
4,2830,0.004619737265
4,2831,0.004619737265
4,2832,0.004619737265
4,2833,0.004619737265
4,2834,0.004619737265
4,2835,0.004619737265
4,2836,0.004619737265
4,2837,0.004619737265
4,2838,0.004619737265
4,2839,0.004619737265
4,2840,0.004619737265
4,2841,0.004619737265
4,2842,0.004619737265
4,2843,0.004619737265
4,2844,0.004619737265
4,2845,0.004619737265
4,2846,0.004619737265
4,2847,0.004619737265
4,2848,0.004619737265
4,2849,0.004619737265
4,2850,0.004619737265
4,2851,0.004619737265
4,2852,0.004619737265
4,2853,0.004619737265
4,2854,0.004619737265
4,2855,0.004619737265
4,2856,0.004619737265
4,2857,0.004619737265
4,2858,0.004619737265
4,2859,0.004619737265
4,2860,0.004619737265
4,2861,0.004619737265
4,2862,0.004619737265
4,2863,0.004619737265
4,2864,0.004619737265
4,2865,0.004619737265
4,2866,0.004619737265
4,2867,0.004619737265
4,2868,0.004619737265
4,2869,0.004619737265
4,2870,0.004619737265
4,2871,0.004619737265
4,2872,0.004619737265
4,2873,0.004619737265
4,2874,0.004619737265
4,2875,0.004619737265
4,2876,0.004619737265
4,2877,0.004619737265
4,2878,0.004619737265
4,2879,0.004619737265
4,2880,0.004619737265
4,2881,0.004619737265
4,2882,0.004619737265
4,2883,0.004619737265
4,2884,0.004619737265
4,2885,0.004619737265
4,2886,0.004619737265
4,2887,0.004619737265
4,2888,0.004619737265
4,2889,0.004619737265
4,2890,0.004619737265
4,2891,0.004619737265
4,2892,0.004619737265
4,2893,0.004619737265
4,2894,0.004619737265
4,2895,0.004619737265
4,2896,0.004619737265
4,2897,0.004619737265
4,2898,0.004619737265
4,2899,0.004619737265
4,2900,0.004619737265
4,2901,0.004619737265
4,2902,0.004619737265
4,2903,0.004619737265
4,2904,0.004619737265
4,2905,0.004619737265
4,2906,0.004619737265
4,2907,0.004619737265
4,2908,0.004619737265
4,2909,0.004619737265
4,2910,0.004619737265
4,2911,0.004619737265
4,2912,0.004619737265
4,2913,0.004619737265
4,2914,0.004619737265
4,2915,0.004619737265
4,2916,0.004619737265
4,2917,0.004619737265
4,2918,0.004619737265
4,2919,0.004619737265
4,2920,0.004619737265
4,2921,0.004619737265
4,2922,0.004619737265
4,2923,0.004619737265
4,2924,0.004619737265
4,2925,0.004619737265
4,2926,0.004619737265
4,2927,0.004619737265
4,2928,0.004619737265
4,2929,0.004619737265
4,2930,0.004619737265
4,2931,0.004619737265
4,2932,0.004619737265
4,2933,0.004619737265
4,2934,0.004619737265
4,2935,0.004619737265
4,2936,0.004619737265
4,2937,0.004619737265
4,2938,0.004619737265
4,2939,0.004619737265
4,2940,0.004619737265
4,2941,0.004619737265
4,2942,0.004619737265
4,2943,0.004619737265
4,2944,0.004619737265
4,2945,0.004619737265
4,2946,0.004619737265
4,2947,0.004619737265
4,2948,0.004619737265
4,2949,0.004619737265
4,2950,0.004619737265
4,2951,0.004619737265
4,2952,0.004619737265
4,2953,0.004619737265
4,2954,0.004619737265
4,2955,0.004619737265
4,2956,0.004619737265
4,2957,0.004619737265
4,2958,0.004619737265
4,2959,0.004619737265
4,2960,0.004619737265
4,2961,0.004619737265
4,2962,0.004619737265
4,2963,0.004619737265
4,2964,0.004619737265
4,2965,0.004619737265
4,2966,0.004619737265
4,2967,0.004619737265
4,2968,0.004619737265
4,2969,0.004619737265
4,2970,0.004619737265
4,2971,0.004619737265
4,2972,0.004619737265
4,2973,0.004619737265
4,2974,0.004619737265
4,2975,0.004619737265
4,2976,0.004619737265
4,2977,0.004619737265
4,2978,0.004619737265
4,2979,0.004619737265
4,2980,0.004619737265
4,2981,0.004619737265
4,2982,0.004619737265
4,2983,0.004619737265
4,2984,0.004619737265
4,2985,0.004619737265
4,2986,0.004619737265
4,2987,0.004619737265
4,2988,0.004619737265
4,2989,0.004619737265
4,2990,0.004619737265
4,2991,0.004619737265
4,2992,0.004619737265
4,2993,0.004619737265
4,2994,0.004619737265
4,2995,0.004619737265
4,2996,0.004619737265
4,2997,0.004619737265
4,2998,0.004619737265
4,2999,0.004619737265
4,3000,0.004619737265
4,3001,0.004619737265
4,3002,0.004619737265
4,3003,0.004619737265
4,3004,0.004619737265
4,3005,0.004619737265
4,3006,0.004619737265
4,3007,0.004619737265
4,3008,0.004619737265
4,3009,0.004619737265
4,3010,0.004619737265
4,3011,0.004619737265
4,3012,0.004619737265
4,3013,0.004619737265
4,3014,0.004619737265
4,3015,0.004619737265
4,3016,0.004619737265
4,3017,0.004619737265
4,3018,0.004619737265
4,3019,0.004619737265
4,3020,0.004619737265
4,3021,0.004619737265
4,3022,0.004619737265
4,3023,0.004619737265
4,3024,0.004619737265
4,3025,0.004619737265
4,3026,0.004619737265
4,3027,0.004619737265
4,3028,0.004619737265
4,3029,0.004619737265
4,3030,0.004619737265
4,3031,0.004619737265
4,3032,0.004619737265
4,3033,0.004619737265
4,3034,0.004619737265
4,3035,0.004619737265
4,3036,0.004619737265
4,3037,0.004619737265
4,3038,0.004619737265
4,3039,0.004619737265
4,3040,0.004619737265
4,3041,0.004619737265
4,3042,0.004619737265
4,3043,0.004619737265
4,3044,0.004619737265
4,3045,0.004619737265
4,3046,0.004619737265
4,3047,0.004619737265
4,3048,0.004619737265
4,3049,0.004619737265
4,3050,0.004619737265
4,3051,0.004619737265
4,3052,0.004619737265
4,3053,0.004619737265
4,3054,0.004619737265
4,3055,0.004619737265
4,3056,0.004619737265
4,3057,0.004619737265
4,3058,0.004619737265
4,3059,0.004619737265
4,3060,0.004619737265
4,3061,0.004619737265
4,3062,0.004619737265
4,3063,0.004619737265
4,3064,0.004619737265
4,3065,0.004619737265
4,3066,0.004619737265
4,3067,0.004619737265
4,3068,0.004619737265
4,3069,0.004619737265
4,3070,0.004619737265
4,3071,0.004619737265
4,3072,0.004619737265
4,3073,0.004619737265
4,3074,0.004619737265
4,3075,0.004619737265
4,3076,0.004619737265
4,3077,0.004619737265
4,3078,0.004619737265
4,3079,0.004619737265
4,3080,0.004619737265
4,3081,0.004619737265
4,3082,0.004619737265
4,3083,0.004619737265
4,3084,0.004619737265
4,3085,0.004619737265
4,3086,0.004619737265
4,3087,0.004619737265
4,3088,0.004619737265
4,3089,0.004619737265
4,3090,0.004619737265
4,3091,0.004619737265
4,3092,0.004619737265
4,3093,0.004619737265
4,3094,0.004619737265
4,3095,0.004619737265
4,3096,0.004619737265
4,3097,0.004619737265
4,3098,0.004619737265
4,3099,0.004619737265
4,3100,0.004619737265
4,3101,0.004619737265
4,3102,0.004619737265
4,3103,0.004619737265
4,3104,0.004619737265
4,3105,0.004619737265
4,3106,0.004619737265
4,3107,0.004619737265
4,3108,0.004619737265
4,3109,0.004619737265
4,3110,0.004619737265
4,3111,0.004619737265
4,3112,0.004619737265
4,3113,0.004619737265
4,3114,0.004619737265
4,3115,0.004619737265
4,3116,0.004619737265
4,3117,0.004619737265
4,3118,0.004619737265
4,3119,0.004619737265
4,3120,0.004619737265
4,3121,0.004619737265
4,3122,0.004619737265
4,3123,0.004619737265
4,3124,0.004619737265
4,3125,0.004619737265
4,3126,0.004619737265
4,3127,0.004619737265
4,3128,0.004619737265
4,3129,0.004619737265
4,3130,0.004619737265
4,3131,0.004619737265
4,3132,0.004619737265
4,3133,0.004619737265
4,3134,0.004619737265
4,3135,0.004619737265
4,3136,0.004619737265
4,3137,0.004619737265
4,3138,0.004619737265
4,3139,0.004619737265
4,3140,0.004619737265
4,3141,0.004619737265
4,3142,0.004619737265
4,3143,0.004619737265
4,3144,0.004619737265
4,3145,0.004619737265
4,3146,0.004619737265
4,3147,0.004619737265
4,3148,0.004619737265
4,3149,0.004619737265
4,3150,0.004619737265
4,3151,0.004619737265
4,3152,0.004619737265
4,3153,0.004619737265
4,3154,0.004619737265
4,3155,0.004619737265
4,3156,0.004619737265
4,3157,0.004619737265
4,3158,0.004619737265
4,3159,0.004619737265
4,3160,0.004619737265
4,3161,0.004619737265
4,3162,0.004619737265
4,3163,0.004619737265
4,3164,0.004619737265
4,3165,0.004619737265
4,3166,0.004619737265
4,3167,0.004619737265
4,3168,0.004619737265
4,3169,0.004619737265
4,3170,0.004619737265
4,3171,0.004619737265
4,3172,0.004619737265
4,3173,0.004619737265
4,3174,0.004619737265
4,3175,0.004619737265
4,3176,0.004619737265
4,3177,0.004619737265
4,3178,0.004619737265
4,3179,0.004619737265
4,3180,0.004619737265
4,3181,0.004619737265
4,3182,0.004619737265
4,3183,0.004619737265
4,3184,0.004619737265
4,3185,0.004619737265
4,3186,0.004619737265
4,3187,0.004619737265
4,3188,0.004619737265
4,3189,0.004619737265
4,3190,0.004619737265
4,3191,0.004619737265
4,3192,0.004619737265
4,3193,0.004619737265
4,3194,0.004619737265
4,3195,0.004619737265
4,3196,0.004619737265
4,3197,0.004619737265
4,3198,0.004619737265
4,3199,0.004619737265
4,3200,0.004619737265
4,3201,0.004619737265
4,3202,0.004619737265
4,3203,0.004619737265
4,3204,0.004619737265
4,3205,0.004619737265
4,3206,0.004619737265
4,3207,0.004619737265
4,3208,0.004619737265
4,3209,0.004619737265
4,3210,0.004619737265
4,3211,0.004619737265
4,3212,0.004619737265
4,3213,0.004619737265
4,3214,0.004619737265
4,3215,0.004619737265
4,3216,0.004619737265
4,3217,0.004619737265
4,3218,0.004619737265
4,3219,0.004619737265
4,3220,0.004619737265
4,3221,0.004619737265
4,3222,0.004619737265
4,3223,0.004619737265
4,3224,0.004619737265
4,3225,0.004619737265
4,3226,0.004619737265
4,3227,0.004619737265
4,3228,0.004619737265
4,3229,0.004619737265
4,3230,0.004619737265
4,3231,0.004619737265
4,3232,0.004619737265
4,3233,0.004619737265
4,3234,0.004619737265
4,3235,0.004619737265
4,3236,0.004619737265
4,3237,0.004619737265
4,3238,0.004619737265
4,3239,0.004619737265
4,3240,0.004619737265
4,3241,0.004619737265
4,3242,0.004619737265
4,3243,0.004619737265
4,3244,0.004619737265
4,3245,0.004619737265
4,3246,0.004619737265
4,3247,0.004619737265
4,3248,0.004619737265
4,3249,0.004619737265
4,3250,0.004619737265
4,3251,0.004619737265
4,3252,0.004619737265
4,3253,0.004619737265
4,3254,0.004619737265
4,3255,0.004619737265
4,3256,0.004619737265
4,3257,0.004619737265
4,3258,0.004619737265
4,3259,0.004619737265
4,3260,0.004619737265
4,3261,0.004619737265
4,3262,0.004619737265
4,3263,0.004619737265
4,3264,0.004619737265
4,3265,0.004619737265
4,3266,0.004619737265
4,3267,0.004619737265
4,3268,0.004619737265
4,3269,0.004619737265
4,3270,0.004619737265
4,3271,0.004619737265
4,3272,0.004619737265
4,3273,0.004619737265
4,3274,0.004619737265
4,3275,0.004619737265
4,3276,0.004619737265
4,3277,0.004619737265
4,3278,0.004619737265
4,3279,0.004619737265
4,3280,0.004619737265
4,3281,0.004619737265
4,3282,0.004619737265
4,3283,0.004619737265
4,3284,0.004619737265
4,3285,0.004619737265
4,3286,0.004619737265
4,3287,0.004619737265
4,3288,0.004619737265
4,3289,0.004619737265
4,3290,0.004619737265
4,3291,0.004619737265
4,3292,0.004619737265
4,3293,0.004619737265
4,3294,0.004619737265
4,3295,0.004619737265
4,3296,0.004619737265
4,3297,0.004619737265
4,3298,0.004619737265
4,3299,0.004619737265
4,3300,0.004619737265
4,3301,0.004619737265
4,3302,0.004619737265
4,3303,0.004619737265
4,3304,0.004619737265
4,3305,0.004619737265
4,3306,0.004619737265
4,3307,0.004619737265
4,3308,0.004619737265
4,3309,0.004619737265
4,3310,0.004619737265
4,3311,0.004619737265
4,3312,0.004619737265
4,3313,0.004619737265
4,3314,0.004619737265
4,3315,0.004619737265
4,3316,0.004619737265
4,3317,0.004619737265
4,3318,0.004619737265
4,3319,0.004619737265
4,3320,0.004619737265
4,3321,0.004619737265
4,3322,0.004619737265
4,3323,0.004619737265
4,3324,0.004619737265
4,3325,0.004619737265
4,3326,0.004619737265
4,3327,0.004619737265
4,3328,0.004619737265
4,3329,0.004619737265
4,3330,0.004619737265
4,3331,0.004619737265
4,3332,0.004619737265
4,3333,0.004619737265
4,3334,0.004619737265
4,3335,0.004619737265
4,3336,0.004619737265
4,3337,0.004619737265
4,3338,0.004619737265
4,3339,0.004619737265
4,3340,0.004619737265
4,3341,0.004619737265
4,3342,0.004619737265
4,3343,0.004619737265
4,3344,0.004619737265
4,3345,0.004619737265
4,3346,0.004619737265
4,3347,0.004619737265
4,3348,0.004619737265
4,3349,0.004619737265
4,3350,0.004619737265
4,3351,0.004619737265
4,3352,0.004619737265
4,3353,0.004619737265
4,3354,0.004619737265
4,3355,0.004619737265
4,3356,0.004619737265
4,3357,0.004619737265
4,3358,0.004619737265
4,3359,0.004619737265
4,3360,0.004619737265
4,3361,0.004619737265
4,3362,0.004619737265
4,3363,0.004619737265
4,3364,0.004619737265
4,3365,0.004619737265
4,3366,0.004619737265
4,3367,0.004619737265
4,3368,0.004619737265
4,3369,0.004619737265
4,3370,0.004619737265
4,3371,0.004619737265
4,3372,0.004619737265
4,3373,0.004619737265
4,3374,0.004619737265
4,3375,0.004619737265
4,3376,0.004619737265
4,3377,0.004619737265
4,3378,0.004619737265
4,3379,0.004619737265
4,3380,0.004619737265
4,3381,0.004619737265
4,3382,0.004619737265
4,3383,0.004619737265
4,3384,0.004619737265
4,3385,0.004619737265
4,3386,0.004619737265
4,3387,0.004619737265
4,3388,0.004619737265
4,3389,0.004619737265
4,3390,0.004619737265
4,3391,0.004619737265
4,3392,0.004619737265
4,3393,0.004619737265
4,3394,0.004619737265
4,3395,0.004619737265
4,3396,0.004619737265
4,3397,0.004619737265
4,3398,0.004619737265
4,3399,0.004619737265
4,3400,0.004619737265
4,3401,0.004619737265
4,3402,0.004619737265
4,3403,0.004619737265
4,3404,0.004619737265
4,3405,0.004619737265
4,3406,0.004619737265
4,3407,0.004619737265
4,3408,0.004619737265
4,3409,0.004619737265
4,3410,0.004619737265
4,3411,0.004619737265
4,3412,0.004619737265
4,3413,0.004619737265
4,3414,0.004619737265
4,3415,0.004619737265
4,3416,0.004619737265
4,3417,0.004619737265
4,3418,0.004619737265
4,3419,0.004619737265
4,3420,0.004619737265
4,3421,0.004619737265
4,3422,0.004619737265
4,3423,0.004619737265
4,3424,0.004619737265
4,3425,0.004619737265
4,3426,0.004619737265
4,3427,0.004619737265
4,3428,0.004619737265
4,3429,0.004619737265
4,3430,0.004619737265
4,3431,0.004619737265
4,3432,0.004619737265
4,3433,0.004619737265
4,3434,0.004619737265
4,3435,0.004619737265
4,3436,0.004619737265
4,3437,0.004619737265
4,3438,0.004619737265
4,3439,0.004619737265
4,3440,0.004619737265
4,3441,0.004619737265
4,3442,0.004619737265
4,3443,0.004619737265
4,3444,0.004619737265
4,3445,0.004619737265
4,3446,0.004619737265
4,3447,0.004619737265
4,3448,0.004619737265
4,3449,0.004619737265
4,3450,0.004619737265
4,3451,0.004619737265
4,3452,0.004619737265
4,3453,0.004619737265
4,3454,0.004619737265
4,3455,0.004619737265
4,3456,0.004619737265
4,3457,0.004619737265
4,3458,0.004619737265
4,3459,0.004619737265
4,3460,0.004619737265
4,3461,0.004619737265
4,3462,0.004619737265
4,3463,0.004619737265
4,3464,0.004619737265
4,3465,0.004619737265
4,3466,0.004619737265
4,3467,0.004619737265
4,3468,0.004619737265
4,3469,0.004619737265
4,3470,0.004619737265
4,3471,0.004619737265
4,3472,0.004619737265
4,3473,0.004619737265
4,3474,0.004619737265
4,3475,0.004619737265
4,3476,0.004619737265
4,3477,0.004619737265
4,3478,0.004619737265
4,3479,0.004619737265
4,3480,0.004619737265
4,3481,0.004619737265
4,3482,0.004619737265
4,3483,0.004619737265
4,3484,0.004619737265
4,3485,0.004619737265
4,3486,0.004619737265
4,3487,0.004619737265
4,3488,0.004619737265
4,3489,0.004619737265
4,3490,0.004619737265
4,3491,0.004619737265
4,3492,0.004619737265
4,3493,0.004619737265
4,3494,0.004619737265
4,3495,0.004619737265
4,3496,0.004619737265
4,3497,0.004619737265
4,3498,0.004619737265
4,3499,0.004619737265
4,3500,0.004619737265
4,3501,0.004619737265
4,3502,0.004619737265
4,3503,0.004619737265
4,3504,0.004619737265
4,3505,0.004619737265
4,3506,0.004619737265
4,3507,0.004619737265
4,3508,0.004619737265
4,3509,0.004619737265
4,3510,0.004619737265
4,3511,0.004619737265
4,3512,0.004619737265
4,3513,0.004619737265
4,3514,0.004619737265
4,3515,0.004619737265
4,3516,0.004619737265
4,3517,0.004619737265
4,3518,0.004619737265
4,3519,0.004619737265
4,3520,0.004619737265
4,3521,0.004619737265
4,3522,0.004619737265
4,3523,0.004619737265
4,3524,0.004619737265
4,3525,0.004619737265
4,3526,0.004619737265
4,3527,0.004619737265
4,3528,0.004619737265
4,3529,0.004619737265
4,3530,0.004619737265
4,3531,0.004619737265
4,3532,0.004619737265
4,3533,0.004619737265
4,3534,0.004619737265
4,3535,0.004619737265
4,3536,0.004619737265
4,3537,0.004619737265
4,3538,0.004619737265
4,3539,0.004619737265
4,3540,0.004619737265
4,3541,0.004619737265
4,3542,0.004619737265
4,3543,0.004619737265
4,3544,0.004619737265
4,3545,0.004619737265
4,3546,0.004619737265
4,3547,0.004619737265
4,3548,0.004619737265
4,3549,0.004619737265
4,3550,0.004619737265
4,3551,0.004619737265
4,3552,0.004619737265
4,3553,0.004619737265
4,3554,0.004619737265
4,3555,0.004619737265
4,3556,0.004619737265
4,3557,0.004619737265
4,3558,0.004619737265
4,3559,0.004619737265
4,3560,0.004619737265
4,3561,0.004619737265
4,3562,0.004619737265
4,3563,0.004619737265
4,3564,0.004619737265
4,3565,0.004619737265
4,3566,0.004619737265
4,3567,0.004619737265
4,3568,0.004619737265
4,3569,0.004619737265
4,3570,0.004619737265
4,3571,0.004619737265
4,3572,0.004619737265
4,3573,0.004619737265
4,3574,0.004619737265
4,3575,0.004619737265
4,3576,0.004619737265
4,3577,0.004619737265
4,3578,0.004619737265
4,3579,0.004619737265
4,3580,0.004619737265
4,3581,0.004619737265
4,3582,0.004619737265
4,3583,0.004619737265
4,3584,0.004619737265
4,3585,0.004619737265
4,3586,0.004619737265
4,3587,0.004619737265
4,3588,0.004619737265
4,3589,0.004619737265
4,3590,0.004619737265
4,3591,0.004619737265
4,3592,0.004619737265
4,3593,0.004619737265
4,3594,0.004619737265
4,3595,0.004619737265
4,3596,0.004619737265
4,3597,0.004619737265
4,3598,0.004619737265
4,3599,0.004619737265
4,3600,0.004619737265
4,3601,0.004619737265
4,3602,0.004619737265
4,3603,0.004619737265
4,3604,0.004619737265
4,3605,0.004619737265
4,3606,0.004619737265
4,3607,0.004619737265
4,3608,0.004619737265
4,3609,0.004619737265
4,3610,0.004619737265
4,3611,0.004619737265
4,3612,0.004619737265
4,3613,0.004619737265
4,3614,0.004619737265
4,3615,0.004619737265
4,3616,0.004619737265
4,3617,0.004619737265
4,3618,0.004619737265
4,3619,0.004619737265
4,3620,0.004619737265
4,3621,0.004619737265
4,3622,0.004619737265
4,3623,0.004619737265
4,3624,0.004619737265
4,3625,0.004619737265
4,3626,0.004619737265
4,3627,0.004619737265
4,3628,0.004619737265
4,3629,0.004619737265
4,3630,0.004619737265
4,3631,0.004619737265
4,3632,0.004619737265
4,3633,0.004619737265
4,3634,0.004619737265
4,3635,0.004619737265
4,3636,0.004619737265
4,3637,0.004619737265
4,3638,0.004619737265
4,3639,0.004619737265
4,3640,0.004619737265
4,3641,0.004619737265
4,3642,0.004619737265
4,3643,0.004619737265
4,3644,0.004619737265
4,3645,0.004619737265
4,3646,0.004619737265
4,3647,0.004619737265
4,3648,0.004619737265
4,3649,0.004619737265
4,3650,0.004619737265
4,3651,0.004619737265
4,3652,0.004619737265
4,3653,0.004619737265
4,3654,0.004619737265
4,3655,0.004619737265
4,3656,0.004619737265
4,3657,0.004619737265
4,3658,0.004619737265
4,3659,0.004619737265
4,3660,0.004619737265
4,3661,0.004619737265
4,3662,0.004619737265
4,3663,0.004619737265
4,3664,0.004619737265
4,3665,0.004619737265
4,3666,0.004619737265
4,3667,0.004619737265
4,3668,0.004619737265
4,3669,0.004619737265
4,3670,0.004619737265
4,3671,0.004619737265
4,3672,0.004619737265
4,3673,0.004619737265
4,3674,0.004619737265
4,3675,0.004619737265
4,3676,0.004619737265
4,3677,0.004619737265
4,3678,0.004619737265
4,3679,0.004619737265
4,3680,0.004619737265
4,3681,0.004619737265
4,3682,0.004619737265
4,3683,0.004619737265
4,3684,0.004619737265
4,3685,0.004619737265
4,3686,0.004619737265
4,3687,0.004619737265
4,3688,0.004619737265
4,3689,0.004619737265
4,3690,0.004619737265
4,3691,0.004619737265
4,3692,0.004619737265
4,3693,0.004619737265
4,3694,0.004619737265
4,3695,0.004619737265
4,3696,0.004619737265
4,3697,0.004619737265
4,3698,0.004619737265
4,3699,0.004619737265
4,3700,0.004619737265
4,3701,0.004619737265
4,3702,0.004619737265
4,3703,0.004619737265
4,3704,0.004619737265
4,3705,0.004619737265
4,3706,0.004619737265
4,3707,0.004619737265
4,3708,0.004619737265
4,3709,0.004619737265
4,3710,0.004619737265
4,3711,0.004619737265
4,3712,0.004619737265
4,3713,0.004619737265
4,3714,0.004619737265
4,3715,0.004619737265
4,3716,0.004619737265
4,3717,0.004619737265
4,3718,0.004619737265
4,3719,0.004619737265
4,3720,0.004619737265
4,3721,0.004619737265
4,3722,0.004619737265
4,3723,0.004619737265
4,3724,0.004619737265
4,3725,0.004619737265
4,3726,0.004619737265
4,3727,0.004619737265
4,3728,0.004619737265
4,3729,0.004619737265
4,3730,0.004619737265
4,3731,0.004619737265
4,3732,0.004619737265
4,3733,0.004619737265
4,3734,0.004619737265
4,3735,0.004619737265
4,3736,0.004619737265
4,3737,0.004619737265
4,3738,0.004619737265
4,3739,0.004619737265
4,3740,0.004619737265
4,3741,0.004619737265
4,3742,0.004619737265
4,3743,0.004619737265
4,3744,0.004619737265
4,3745,0.004619737265
4,3746,0.004619737265
4,3747,0.004619737265
4,3748,0.004619737265
4,3749,0.004619737265
4,3750,0.004619737265
4,3751,0.004619737265
4,3752,0.004619737265
4,3753,0.004619737265
4,3754,0.004619737265
4,3755,0.004619737265
4,3756,0.004619737265
4,3757,0.004619737265
4,3758,0.004619737265
4,3759,0.004619737265
4,3760,0.004619737265
4,3761,0.004619737265
4,3762,0.004619737265
4,3763,0.004619737265
4,3764,0.004619737265
4,3765,0.004619737265
4,3766,0.004619737265
4,3767,0.004619737265
4,3768,0.004619737265
4,3769,0.004619737265
4,3770,0.004619737265
4,3771,0.004619737265
4,3772,0.004619737265
4,3773,0.004619737265
4,3774,0.004619737265
4,3775,0.004619737265
4,3776,0.004619737265
4,3777,0.004619737265
4,3778,0.004619737265
4,3779,0.004619737265
4,3780,0.004619737265
4,3781,0.004619737265
4,3782,0.004619737265
4,3783,0.004619737265
4,3784,0.004619737265
4,3785,0.004619737265
4,3786,0.004619737265
4,3787,0.004619737265
4,3788,0.004619737265
4,3789,0.004619737265
4,3790,0.004619737265
4,3791,0.004619737265
4,3792,0.004619737265
4,3793,0.004619737265
4,3794,0.004619737265
4,3795,0.004619737265
4,3796,0.004619737265
4,3797,0.004619737265
4,3798,0.004619737265
4,3799,0.004619737265
4,3800,0.004619737265
4,3801,0.004619737265
4,3802,0.004619737265
4,3803,0.004619737265
4,3804,0.004619737265
4,3805,0.004619737265
4,3806,0.004619737265
4,3807,0.004619737265
4,3808,0.004619737265
4,3809,0.004619737265
4,3810,0.004619737265
4,3811,0.004619737265
4,3812,0.004619737265
4,3813,0.004619737265
4,3814,0.004619737265
4,3815,0.004619737265
4,3816,0.004619737265
4,3817,0.004619737265
4,3818,0.004619737265
4,3819,0.004619737265
4,3820,0.004619737265
4,3821,0.004619737265
4,3822,0.004619737265
4,3823,0.004619737265
4,3824,0.004619737265
4,3825,0.004619737265
4,3826,0.004619737265
4,3827,0.004619737265
4,3828,0.004619737265
4,3829,0.004619737265
4,3830,0.004619737265
4,3831,0.004619737265
4,3832,0.004619737265
4,3833,0.004619737265
4,3834,0.004619737265
4,3835,0.004619737265
4,3836,0.004619737265
4,3837,0.004619737265
4,3838,0.004619737265
4,3839,0.004619737265
4,3840,0.004619737265
4,3841,0.004619737265
4,3842,0.004619737265
4,3843,0.004619737265
4,3844,0.004619737265
4,3845,0.004619737265
4,3846,0.004619737265
4,3847,0.004619737265
4,3848,0.004619737265
4,3849,0.004619737265
4,3850,0.004619737265
4,3851,0.004619737265
4,3852,0.004619737265
4,3853,0.004619737265
4,3854,0.004619737265
4,3855,0.004619737265
4,3856,0.004619737265
4,3857,0.004619737265
4,3858,0.004619737265
4,3859,0.004619737265
4,3860,0.004619737265
4,3861,0.004619737265
4,3862,0.004619737265
4,3863,0.004619737265
4,3864,0.004619737265
4,3865,0.004619737265
4,3866,0.004619737265
4,3867,0.004619737265
4,3868,0.004619737265
4,3869,0.004619737265
4,3870,0.004619737265
4,3871,0.004619737265
4,3872,0.004619737265
4,3873,0.004619737265
4,3874,0.004619737265
4,3875,0.004619737265
4,3876,0.004619737265
4,3877,0.004619737265
4,3878,0.004619737265
4,3879,0.004619737265
4,3880,0.004619737265
4,3881,0.004619737265
4,3882,0.004619737265
4,3883,0.004619737265
4,3884,0.004619737265
4,3885,0.004619737265
4,3886,0.004619737265
4,3887,0.004619737265
4,3888,0.004619737265
4,3889,0.004619737265
4,3890,0.004619737265
4,3891,0.004619737265
4,3892,0.004619737265
4,3893,0.004619737265
4,3894,0.004619737265
4,3895,0.004619737265
4,3896,0.004619737265
4,3897,0.004619737265
4,3898,0.004619737265
4,3899,0.004619737265
4,3900,0.004619737265
4,3901,0.004619737265
4,3902,0.004619737265
4,3903,0.004619737265
4,3904,0.004619737265
4,3905,0.004619737265
4,3906,0.004619737265
4,3907,0.004619737265
4,3908,0.004619737265
4,3909,0.004619737265
4,3910,0.004619737265
4,3911,0.004619737265
4,3912,0.004619737265
4,3913,0.004619737265
4,3914,0.004619737265
4,3915,0.004619737265
4,3916,0.004619737265
4,3917,0.004619737265
4,3918,0.004619737265
4,3919,0.004619737265
4,3920,0.004619737265
4,3921,0.004619737265
4,3922,0.004619737265
4,3923,0.004619737265
4,3924,0.004619737265
4,3925,0.004619737265
4,3926,0.004619737265
4,3927,0.004619737265
4,3928,0.004619737265
4,3929,0.004619737265
4,3930,0.004619737265
4,3931,0.004619737265
4,3932,0.004619737265
4,3933,0.004619737265
4,3934,0.004619737265
4,3935,0.004619737265
4,3936,0.004619737265
4,3937,0.004619737265
4,3938,0.004619737265
4,3939,0.004619737265
4,3940,0.004619737265
4,3941,0.004619737265
4,3942,0.004619737265
4,3943,0.004619737265
4,3944,0.004619737265
4,3945,0.004619737265
4,3946,0.004619737265
4,3947,0.004619737265
4,3948,0.004619737265
4,3949,0.004619737265
4,3950,0.004619737265
4,3951,0.004619737265
4,3952,0.004619737265
4,3953,0.004619737265
4,3954,0.004619737265
4,3955,0.004619737265
4,3956,0.004619737265
4,3957,0.004619737265
4,3958,0.004619737265
4,3959,0.004619737265
4,3960,0.004619737265
4,3961,0.004619737265
4,3962,0.004619737265
4,3963,0.004619737265
4,3964,0.004619737265
4,3965,0.004619737265
4,3966,0.004619737265
4,3967,0.004619737265
4,3968,0.004619737265
4,3969,0.004619737265
4,3970,0.004619737265
4,3971,0.004619737265
4,3972,0.004619737265
4,3973,0.004619737265
4,3974,0.004619737265
4,3975,0.004619737265
4,3976,0.004619737265
4,3977,0.004619737265
4,3978,0.004619737265
4,3979,0.004619737265
4,3980,0.004619737265
4,3981,0.004619737265
4,3982,0.004619737265
4,3983,0.004619737265
4,3984,0.004619737265
4,3985,0.004619737265
4,3986,0.004619737265
4,3987,0.004619737265
4,3988,0.004619737265
4,3989,0.004619737265
4,3990,0.004619737265
4,3991,0.004619737265
4,3992,0.004619737265
4,3993,0.004619737265
4,3994,0.004619737265
4,3995,0.004619737265
4,3996,0.004619737265
4,3997,0.004619737265
4,3998,0.004619737265
4,3999,0.004619737265
4,4000,0.004619737265
4,4001,0.004619737265
4,4002,0.004619737265
4,4003,0.004619737265
4,4004,0.004619737265
4,4005,0.004619737265
4,4006,0.004619737265
4,4007,0.004619737265
4,4008,0.004619737265
4,4009,0.004619737265
4,4010,0.004619737265
4,4011,0.004619737265
4,4012,0.004619737265
4,4013,0.004619737265
4,4014,0.004619737265
4,4015,0.004619737265
4,4016,0.004619737265
4,4017,0.004619737265
4,4018,0.004619737265
4,4019,0.004619737265
4,4020,0.004619737265
4,4021,0.004619737265
4,4022,0.004619737265
4,4023,0.004619737265
4,4024,0.004619737265
4,4025,0.004619737265
4,4026,0.004619737265
4,4027,0.004619737265
4,4028,0.004619737265
4,4029,0.004619737265
4,4030,0.004619737265
4,4031,0.004619737265
4,4032,0.004619737265
4,4033,0.004619737265
4,4034,0.004619737265
4,4035,0.004619737265
4,4036,0.004619737265
4,4037,0.004619737265
4,4038,0.004619737265
4,4039,0.004619737265
4,4040,0.004619737265
4,4041,0.004619737265
4,4042,0.004619737265
4,4043,0.004619737265
4,4044,0.004619737265
4,4045,0.004619737265
4,4046,0.004619737265
4,4047,0.004619737265
4,4048,0.004619737265
4,4049,0.004619737265
4,4050,0.004619737265
4,4051,0.004619737265
4,4052,0.004619737265
4,4053,0.004619737265
4,4054,0.004619737265
4,4055,0.004619737265
4,4056,0.004619737265
4,4057,0.004619737265
4,4058,0.004619737265
4,4059,0.004619737265
4,4060,0.004619737265
4,4061,0.004619737265
4,4062,0.004619737265
4,4063,0.004619737265
4,4064,0.004619737265
4,4065,0.004619737265
4,4066,0.004619737265
4,4067,0.004619737265
4,4068,0.004619737265
4,4069,0.004619737265
4,4070,0.004619737265
4,4071,0.004619737265
4,4072,0.004619737265
4,4073,0.004619737265
4,4074,0.004619737265
4,4075,0.004619737265
4,4076,0.004619737265
4,4077,0.004619737265
4,4078,0.004619737265
4,4079,0.004619737265
4,4080,0.004619737265
4,4081,0.004619737265
4,4082,0.004619737265
4,4083,0.004619737265
4,4084,0.004619737265
4,4085,0.004619737265
4,4086,0.004619737265
4,4087,0.004619737265
4,4088,0.004619737265
4,4089,0.004619737265
4,4090,0.004619737265
4,4091,0.004619737265
4,4092,0.004619737265
4,4093,0.004619737265
4,4094,0.004619737265
4,4095,0.004619737265
4,4096,0.004619737265
4,4097,0.004619737265
4,4098,0.004619737265
4,4099,0.004619737265
4,4100,0.004619737265
4,4101,0.004619737265
4,4102,0.004619737265
4,4103,0.004619737265
4,4104,0.004619737265
4,4105,0.004619737265
4,4106,0.004619737265
4,4107,0.004619737265
4,4108,0.004619737265
4,4109,0.004619737265
4,4110,0.004619737265
4,4111,0.004619737265
4,4112,0.004619737265
4,4113,0.004619737265
4,4114,0.004619737265
4,4115,0.004619737265
4,4116,0.004619737265
4,4117,0.004619737265
4,4118,0.004619737265
4,4119,0.004619737265
4,4120,0.004619737265
4,4121,0.004619737265
4,4122,0.004619737265
4,4123,0.004619737265
4,4124,0.004619737265
4,4125,0.004619737265
4,4126,0.004619737265
4,4127,0.004619737265
4,4128,0.004619737265
4,4129,0.004619737265
4,4130,0.004619737265
4,4131,0.004619737265
4,4132,0.004619737265
4,4133,0.004619737265
4,4134,0.004619737265
4,4135,0.004619737265
4,4136,0.004619737265
4,4137,0.004619737265
4,4138,0.004619737265
4,4139,0.004619737265
4,4140,0.004619737265
4,4141,0.004619737265
4,4142,0.004619737265
4,4143,0.004619737265
4,4144,0.004619737265
4,4145,0.004619737265
4,4146,0.004619737265
4,4147,0.004619737265
4,4148,0.004619737265
4,4149,0.004619737265
4,4150,0.004619737265
4,4151,0.004619737265
4,4152,0.004619737265
4,4153,0.004619737265
4,4154,0.004619737265
4,4155,0.004619737265
4,4156,0.004619737265
4,4157,0.004619737265
4,4158,0.004619737265
4,4159,0.004619737265
4,4160,0.004619737265
4,4161,0.004619737265
4,4162,0.004619737265
4,4163,0.004619737265
4,4164,0.004619737265
4,4165,0.004619737265
4,4166,0.004619737265
4,4167,0.004619737265
4,4168,0.004619737265
4,4169,0.004619737265
4,4170,0.004619737265
4,4171,0.004619737265
4,4172,0.004619737265
4,4173,0.004619737265
4,4174,0.004619737265
4,4175,0.004619737265
4,4176,0.004619737265
4,4177,0.004619737265
4,4178,0.004619737265
4,4179,0.004619737265
4,4180,0.004619737265
4,4181,0.004619737265
4,4182,0.004619737265
4,4183,0.004619737265
4,4184,0.004619737265
4,4185,0.004619737265
4,4186,0.004619737265
4,4187,0.004619737265
4,4188,0.004619737265
4,4189,0.004619737265
4,4190,0.004619737265
4,4191,0.004619737265
4,4192,0.004619737265
4,4193,0.004619737265
4,4194,0.004619737265
4,4195,0.004619737265
4,4196,0.004619737265
4,4197,0.004619737265
4,4198,0.004619737265
4,4199,0.004619737265
4,4200,0.004619737265
4,4201,0.004619737265
4,4202,0.004619737265
4,4203,0.004619737265
4,4204,0.004619737265
4,4205,0.004619737265
4,4206,0.004619737265
4,4207,0.004619737265
4,4208,0.004619737265
4,4209,0.004619737265
4,4210,0.004619737265
4,4211,0.004619737265
4,4212,0.004619737265
4,4213,0.004619737265
4,4214,0.004619737265
4,4215,0.004619737265
4,4216,0.004619737265
4,4217,0.004619737265
4,4218,0.004619737265
4,4219,0.004619737265
4,4220,0.004619737265
4,4221,0.004619737265
4,4222,0.004619737265
4,4223,0.004619737265
4,4224,0.004619737265
4,4225,0.004619737265
4,4226,0.004619737265
4,4227,0.004619737265
4,4228,0.004619737265
4,4229,0.004619737265
4,4230,0.004619737265
4,4231,0.004619737265
4,4232,0.004619737265
4,4233,0.004619737265
4,4234,0.004619737265
4,4235,0.004619737265
4,4236,0.004619737265
4,4237,0.004619737265
4,4238,0.004619737265
4,4239,0.004619737265
4,4240,0.004619737265
4,4241,0.004619737265
4,4242,0.004619737265
4,4243,0.004619737265
4,4244,0.004619737265
4,4245,0.004619737265
4,4246,0.004619737265
4,4247,0.004619737265
4,4248,0.004619737265
4,4249,0.004619737265
4,4250,0.004619737265
4,4251,0.004619737265
4,4252,0.004619737265
4,4253,0.004619737265
4,4254,0.004619737265
4,4255,0.004619737265
4,4256,0.004619737265
4,4257,0.004619737265
4,4258,0.004619737265
4,4259,0.004619737265
4,4260,0.004619737265
4,4261,0.004619737265
4,4262,0.004619737265
4,4263,0.004619737265
4,4264,0.004619737265
4,4265,0.004619737265
4,4266,0.004619737265
4,4267,0.004619737265
4,4268,0.004619737265
4,4269,0.004619737265
4,4270,0.004619737265
4,4271,0.004619737265
4,4272,0.004619737265
4,4273,0.004619737265
4,4274,0.004619737265
4,4275,0.004619737265
4,4276,0.004619737265
4,4277,0.004619737265
4,4278,0.004619737265
4,4279,0.004619737265
4,4280,0.004619737265
4,4281,0.004619737265
4,4282,0.004619737265
4,4283,0.004619737265
4,4284,0.004619737265
4,4285,0.004619737265
4,4286,0.004619737265
4,4287,0.004619737265
4,4288,0.004619737265
4,4289,0.004619737265
4,4290,0.004619737265
4,4291,0.004619737265
4,4292,0.004619737265
4,4293,0.004619737265
4,4294,0.004619737265
4,4295,0.004619737265
4,4296,0.004619737265
4,4297,0.004619737265
4,4298,0.004619737265
4,4299,0.004619737265
4,4300,0.004619737265
4,4301,0.004619737265
4,4302,0.004619737265
4,4303,0.004619737265
4,4304,0.004619737265
4,4305,0.004619737265
4,4306,0.004619737265
4,4307,0.004619737265
4,4308,0.004619737265
4,4309,0.004619737265
4,4310,0.004619737265
4,4311,0.004619737265
4,4312,0.004619737265
4,4313,0.004619737265
4,4314,0.004619737265
4,4315,0.004619737265
4,4316,0.004619737265
4,4317,0.004619737265
4,4318,0.004619737265
4,4319,0.004619737265
4,4320,0.004619737265
4,4321,0.004619737265
4,4322,0.004619737265
4,4323,0.004619737265
4,4324,0.004619737265
4,4325,0.004619737265
4,4326,0.004619737265
4,4327,0.004619737265
4,4328,0.004619737265
4,4329,0.004619737265
4,4330,0.004619737265
4,4331,0.004619737265
4,4332,0.004619737265
4,4333,0.004619737265
4,4334,0.004619737265
4,4335,0.004619737265
4,4336,0.004619737265
4,4337,0.004619737265
4,4338,0.004619737265
4,4339,0.004619737265
4,4340,0.004619737265
4,4341,0.004619737265
4,4342,0.004619737265
4,4343,0.004619737265
4,4344,0.004619737265
4,4345,0.004619737265
4,4346,0.004619737265
4,4347,0.004619737265
4,4348,0.004619737265
4,4349,0.004619737265
4,4350,0.004619737265
4,4351,0.004619737265
4,4352,0.004619737265
4,4353,0.004619737265
4,4354,0.004619737265
4,4355,0.004619737265
4,4356,0.004619737265
4,4357,0.004619737265
4,4358,0.004619737265
4,4359,0.004619737265
4,4360,0.004619737265
4,4361,0.004619737265
4,4362,0.004619737265
4,4363,0.004619737265
4,4364,0.004619737265
4,4365,0.004619737265
4,4366,0.004619737265
4,4367,0.004619737265
4,4368,0.004619737265
4,4369,0.004619737265
4,4370,0.004619737265
4,4371,0.004619737265
4,4372,0.004619737265
4,4373,0.004619737265
4,4374,0.004619737265
4,4375,0.004619737265
4,4376,0.004619737265
4,4377,0.004619737265
4,4378,0.004619737265
4,4379,0.004619737265
4,4380,0.004619737265
4,4381,0.004619737265
4,4382,0.004619737265
4,4383,0.004619737265
4,4384,0.004619737265
4,4385,0.004619737265
4,4386,0.004619737265
4,4387,0.004619737265
4,4388,0.004619737265
4,4389,0.004619737265
4,4390,0.004619737265
4,4391,0.004619737265
4,4392,0.004619737265
4,4393,0.004619737265
4,4394,0.004619737265
4,4395,0.004619737265
4,4396,0.004619737265
4,4397,0.004619737265
4,4398,0.004619737265
4,4399,0.004619737265
4,4400,0.004619737265
4,4401,0.004619737265
4,4402,0.004619737265
4,4403,0.004619737265
4,4404,0.004619737265
4,4405,0.004619737265
4,4406,0.004619737265
4,4407,0.004619737265
4,4408,0.004619737265
4,4409,0.004619737265
4,4410,0.004619737265
4,4411,0.004619737265
4,4412,0.004619737265
4,4413,0.004619737265
4,4414,0.004619737265
4,4415,0.004619737265
4,4416,0.004619737265
4,4417,0.004619737265
4,4418,0.004619737265
4,4419,0.004619737265
4,4420,0.004619737265
4,4421,0.004619737265
4,4422,0.004619737265
4,4423,0.004619737265
4,4424,0.004619737265
4,4425,0.004619737265
4,4426,0.004619737265
4,4427,0.004619737265
4,4428,0.004619737265
4,4429,0.004619737265
4,4430,0.004619737265
4,4431,0.004619737265
4,4432,0.004619737265
4,4433,0.004619737265
4,4434,0.004619737265
4,4435,0.004619737265
4,4436,0.004619737265
4,4437,0.004619737265
4,4438,0.004619737265
4,4439,0.004619737265
4,4440,0.004619737265
4,4441,0.004619737265
4,4442,0.004619737265
4,4443,0.004619737265
4,4444,0.004619737265
4,4445,0.004619737265
4,4446,0.004619737265
4,4447,0.004619737265
4,4448,0.004619737265
4,4449,0.004619737265
4,4450,0.004619737265
4,4451,0.004619737265
4,4452,0.004619737265
4,4453,0.004619737265
4,4454,0.004619737265
4,4455,0.004619737265
4,4456,0.004619737265
4,4457,0.004619737265
4,4458,0.004619737265
4,4459,0.004619737265
4,4460,0.004619737265
4,4461,0.004619737265
4,4462,0.004619737265
4,4463,0.004619737265
4,4464,0.004619737265
4,4465,0.004619737265
4,4466,0.004619737265
4,4467,0.004619737265
4,4468,0.004619737265
4,4469,0.004619737265
4,4470,0.004619737265
4,4471,0.004619737265
4,4472,0.004619737265
4,4473,0.004619737265
4,4474,0.004619737265
4,4475,0.004619737265
4,4476,0.004619737265
4,4477,0.004619737265
4,4478,0.004619737265
4,4479,0.004619737265
4,4480,0.004619737265
4,4481,0.004619737265
4,4482,0.004619737265
4,4483,0.004619737265
4,4484,0.004619737265
4,4485,0.004619737265
4,4486,0.004619737265
4,4487,0.004619737265
4,4488,0.004619737265
4,4489,0.004619737265
4,4490,0.004619737265
4,4491,0.004619737265
4,4492,0.004619737265
4,4493,0.004619737265
4,4494,0.004619737265
4,4495,0.004619737265
4,4496,0.004619737265
4,4497,0.004619737265
4,4498,0.004619737265
4,4499,0.004619737265
4,4500,0.004619737265
4,4501,0.004619737265
4,4502,0.004619737265
4,4503,0.004619737265
4,4504,0.004619737265
4,4505,0.004619737265
4,4506,0.004619737265
4,4507,0.004619737265
4,4508,0.004619737265
4,4509,0.004619737265
4,4510,0.004619737265
4,4511,0.004619737265
4,4512,0.004619737265
4,4513,0.004619737265
4,4514,0.004619737265
4,4515,0.004619737265
4,4516,0.004619737265
4,4517,0.004619737265
4,4518,0.004619737265
4,4519,0.004619737265
4,4520,0.004619737265
4,4521,0.004619737265
4,4522,0.004619737265
4,4523,0.004619737265
4,4524,0.004619737265
4,4525,0.004619737265
4,4526,0.004619737265
4,4527,0.004619737265
4,4528,0.004619737265
4,4529,0.004619737265
4,4530,0.004619737265
4,4531,0.004619737265
4,4532,0.004619737265
4,4533,0.004619737265
4,4534,0.004619737265
4,4535,0.004619737265
4,4536,0.004619737265
4,4537,0.004619737265
4,4538,0.004619737265
4,4539,0.004619737265
4,4540,0.004619737265
4,4541,0.004619737265
4,4542,0.004619737265
4,4543,0.004619737265
4,4544,0.004619737265
4,4545,0.004619737265
4,4546,0.004619737265
4,4547,0.004619737265
4,4548,0.004619737265
4,4549,0.004619737265
4,4550,0.004619737265
4,4551,0.004619737265
4,4552,0.004619737265
4,4553,0.004619737265
4,4554,0.004619737265
4,4555,0.004619737265
4,4556,0.004619737265
4,4557,0.004619737265
4,4558,0.004619737265
4,4559,0.004619737265
4,4560,0.004619737265
4,4561,0.004619737265
4,4562,0.004619737265
4,4563,0.004619737265
4,4564,0.004619737265
4,4565,0.004619737265
4,4566,0.004619737265
4,4567,0.004619737265
4,4568,0.004619737265
4,4569,0.004619737265
4,4570,0.004619737265
4,4571,0.004619737265
4,4572,0.004619737265
4,4573,0.004619737265
4,4574,0.004619737265
4,4575,0.004619737265
4,4576,0.004619737265
4,4577,0.004619737265
4,4578,0.004619737265
4,4579,0.004619737265
4,4580,0.004619737265
4,4581,0.004619737265
4,4582,0.004619737265
4,4583,0.004619737265
4,4584,0.004619737265
4,4585,0.004619737265
4,4586,0.004619737265
4,4587,0.004619737265
4,4588,0.004619737265
4,4589,0.004619737265
4,4590,0.004619737265
4,4591,0.004619737265
4,4592,0.004619737265
4,4593,0.004619737265
4,4594,0.004619737265
4,4595,0.004619737265
4,4596,0.004619737265
4,4597,0.004619737265
4,4598,0.004619737265
4,4599,0.004619737265
4,4600,0.004619737265
4,4601,0.004619737265
4,4602,0.004619737265
4,4603,0.004619737265
4,4604,0.004619737265
4,4605,0.004619737265
4,4606,0.004619737265
4,4607,0.004619737265
4,4608,0.004619737265
4,4609,0.004619737265
4,4610,0.004619737265
4,4611,0.004619737265
4,4612,0.004619737265
4,4613,0.004619737265
4,4614,0.004619737265
4,4615,0.004619737265
4,4616,0.004619737265
4,4617,0.004619737265
4,4618,0.004619737265
4,4619,0.004619737265
4,4620,0.004619737265
4,4621,0.004619737265
4,4622,0.004619737265
4,4623,0.004619737265
4,4624,0.004619737265
4,4625,0.004619737265
4,4626,0.004619737265
4,4627,0.004619737265
4,4628,0.004619737265
4,4629,0.004619737265
4,4630,0.004619737265
4,4631,0.004619737265
4,4632,0.004619737265
4,4633,0.004619737265
4,4634,0.004619737265
4,4635,0.004619737265
4,4636,0.004619737265
4,4637,0.004619737265
4,4638,0.004619737265
4,4639,0.004619737265
4,4640,0.004619737265
4,4641,0.004619737265
4,4642,0.004619737265
4,4643,0.004619737265
4,4644,0.004619737265
4,4645,0.004619737265
4,4646,0.004619737265
4,4647,0.004619737265
4,4648,0.004619737265
4,4649,0.004619737265
4,4650,0.004619737265
4,4651,0.004619737265
4,4652,0.004619737265
4,4653,0.004619737265
4,4654,0.004619737265
4,4655,0.004619737265
4,4656,0.004619737265
4,4657,0.004619737265
4,4658,0.004619737265
4,4659,0.004619737265
4,4660,0.004619737265
4,4661,0.004619737265
4,4662,0.004619737265
4,4663,0.004619737265
4,4664,0.004619737265
4,4665,0.004619737265
4,4666,0.004619737265
4,4667,0.004619737265
4,4668,0.004619737265
4,4669,0.004619737265
4,4670,0.004619737265
4,4671,0.004619737265
4,4672,0.004619737265
4,4673,0.004619737265
4,4674,0.004619737265
4,4675,0.004619737265
4,4676,0.004619737265
4,4677,0.004619737265
4,4678,0.004619737265
4,4679,0.004619737265
4,4680,0.004619737265
4,4681,0.004619737265
4,4682,0.004619737265
4,4683,0.004619737265
4,4684,0.004619737265
4,4685,0.004619737265
4,4686,0.004619737265
4,4687,0.004619737265
4,4688,0.004619737265
4,4689,0.004619737265
4,4690,0.004619737265
4,4691,0.004619737265
4,4692,0.004619737265
4,4693,0.004619737265
4,4694,0.004619737265
4,4695,0.004619737265
4,4696,0.004619737265
4,4697,0.004619737265
4,4698,0.004619737265
4,4699,0.004619737265
4,4700,0.004619737265
4,4701,0.004619737265
4,4702,0.004619737265
4,4703,0.004619737265
4,4704,0.004619737265
4,4705,0.004619737265
4,4706,0.004619737265
4,4707,0.004619737265
4,4708,0.004619737265
4,4709,0.004619737265
4,4710,0.004619737265
4,4711,0.004619737265
4,4712,0.004619737265
4,4713,0.004619737265
4,4714,0.004619737265
4,4715,0.004619737265
4,4716,0.004619737265
4,4717,0.004619737265
4,4718,0.004619737265
4,4719,0.004619737265
4,4720,0.004619737265
4,4721,0.004619737265
4,4722,0.004619737265
4,4723,0.004619737265
4,4724,0.004619737265
4,4725,0.004619737265
4,4726,0.004619737265
4,4727,0.004619737265
4,4728,0.004619737265
4,4729,0.004619737265
4,4730,0.004619737265
4,4731,0.004619737265
4,4732,0.004619737265
4,4733,0.004619737265
4,4734,0.004619737265
4,4735,0.004619737265
4,4736,0.004619737265
4,4737,0.004619737265
4,4738,0.004619737265
4,4739,0.004619737265
4,4740,0.004619737265
4,4741,0.004619737265
4,4742,0.004619737265
4,4743,0.004619737265
4,4744,0.004619737265
4,4745,0.004619737265
4,4746,0.004619737265
4,4747,0.004619737265
4,4748,0.004619737265
4,4749,0.004619737265
4,4750,0.004619737265
4,4751,0.004619737265
4,4752,0.004619737265
4,4753,0.004619737265
4,4754,0.004619737265
4,4755,0.004619737265
4,4756,0.004619737265
4,4757,0.004619737265
4,4758,0.004619737265
4,4759,0.004619737265
4,4760,0.004619737265
4,4761,0.004619737265
4,4762,0.004619737265
4,4763,0.004619737265
4,4764,0.004619737265
4,4765,0.004619737265
4,4766,0.004619737265
4,4767,0.004619737265
4,4768,0.004619737265
4,4769,0.004619737265
4,4770,0.004619737265
4,4771,0.004619737265
4,4772,0.004619737265
4,4773,0.004619737265
4,4774,0.004619737265
4,4775,0.004619737265
4,4776,0.004619737265
4,4777,0.004619737265
4,4778,0.004619737265
4,4779,0.004619737265
4,4780,0.004619737265
4,4781,0.004619737265
4,4782,0.004619737265
4,4783,0.004619737265
4,4784,0.004619737265
4,4785,0.004619737265
4,4786,0.004619737265
4,4787,0.004619737265
4,4788,0.004619737265
4,4789,0.004619737265
4,4790,0.004619737265
4,4791,0.004619737265
4,4792,0.004619737265
4,4793,0.004619737265
4,4794,0.004619737265
4,4795,0.004619737265
4,4796,0.004619737265
4,4797,0.004619737265
4,4798,0.004619737265
4,4799,0.004619737265
4,4800,0.004619737265
4,4801,0.004619737265
4,4802,0.004619737265
4,4803,0.004619737265
4,4804,0.004619737265
4,4805,0.004619737265
4,4806,0.004619737265
4,4807,0.004619737265
4,4808,0.004619737265
4,4809,0.004619737265
4,4810,0.004619737265
4,4811,0.004619737265
4,4812,0.004619737265
4,4813,0.004619737265
4,4814,0.004619737265
4,4815,0.004619737265
4,4816,0.004619737265
4,4817,0.004619737265
4,4818,0.004619737265
4,4819,0.004619737265
4,4820,0.004619737265
4,4821,0.004619737265
4,4822,0.004619737265
4,4823,0.004619737265
4,4824,0.004619737265
4,4825,0.004619737265
4,4826,0.004619737265
4,4827,0.004619737265
4,4828,0.004619737265
4,4829,0.004619737265
4,4830,0.004619737265
4,4831,0.004619737265
4,4832,0.004619737265
4,4833,0.004619737265
4,4834,0.004619737265
4,4835,0.004619737265
4,4836,0.004619737265
4,4837,0.004619737265
4,4838,0.004619737265
4,4839,0.004619737265
4,4840,0.004619737265
4,4841,0.004619737265
4,4842,0.004619737265
4,4843,0.004619737265
4,4844,0.004619737265
4,4845,0.004619737265
4,4846,0.004619737265
4,4847,0.004619737265
4,4848,0.004619737265
4,4849,0.004619737265
4,4850,0.004619737265
4,4851,0.004619737265
4,4852,0.004619737265
4,4853,0.004619737265
4,4854,0.004619737265
4,4855,0.004619737265
4,4856,0.004619737265
4,4857,0.004619737265
4,4858,0.004619737265
4,4859,0.004619737265
4,4860,0.004619737265
4,4861,0.004619737265
4,4862,0.004619737265
4,4863,0.004619737265
4,4864,0.004619737265
4,4865,0.004619737265
4,4866,0.004619737265
4,4867,0.004619737265
4,4868,0.004619737265
4,4869,0.004619737265
4,4870,0.004619737265
4,4871,0.004619737265
4,4872,0.004619737265
4,4873,0.004619737265
4,4874,0.004619737265
4,4875,0.004619737265
4,4876,0.004619737265
4,4877,0.004619737265
4,4878,0.004619737265
4,4879,0.004619737265
4,4880,0.004619737265
4,4881,0.004619737265
4,4882,0.004619737265
4,4883,0.004619737265
4,4884,0.004619737265
4,4885,0.004619737265
4,4886,0.004619737265
4,4887,0.004619737265
4,4888,0.004619737265
4,4889,0.004619737265
4,4890,0.004619737265
4,4891,0.004619737265
4,4892,0.004619737265
4,4893,0.004619737265
4,4894,0.004619737265
4,4895,0.004619737265
4,4896,0.004619737265
4,4897,0.004619737265
4,4898,0.004619737265
4,4899,0.004619737265
4,4900,0.004619737265
4,4901,0.004619737265
4,4902,0.004619737265
4,4903,0.004619737265
4,4904,0.004619737265
4,4905,0.004619737265
4,4906,0.004619737265
4,4907,0.004619737265
4,4908,0.004619737265
4,4909,0.004619737265
4,4910,0.004619737265
4,4911,0.004619737265
4,4912,0.004619737265
4,4913,0.004619737265
4,4914,0.004619737265
4,4915,0.004619737265
4,4916,0.004619737265
4,4917,0.004619737265
4,4918,0.004619737265
4,4919,0.004619737265
4,4920,0.004619737265
4,4921,0.004619737265
4,4922,0.004619737265
4,4923,0.004619737265
4,4924,0.004619737265
4,4925,0.004619737265
4,4926,0.004619737265
4,4927,0.004619737265
4,4928,0.004619737265
4,4929,0.004619737265
4,4930,0.004619737265
4,4931,0.004619737265
4,4932,0.004619737265
4,4933,0.004619737265
4,4934,0.004619737265
4,4935,0.004619737265
4,4936,0.004619737265
4,4937,0.004619737265
4,4938,0.004619737265
4,4939,0.004619737265
4,4940,0.004619737265
4,4941,0.004619737265
4,4942,0.004619737265
4,4943,0.004619737265
4,4944,0.004619737265
4,4945,0.004619737265
4,4946,0.004619737265
4,4947,0.004619737265
4,4948,0.004619737265
4,4949,0.004619737265
4,4950,0.004619737265
4,4951,0.004619737265
4,4952,0.004619737265
4,4953,0.004619737265
4,4954,0.004619737265
4,4955,0.004619737265
4,4956,0.004619737265
4,4957,0.004619737265
4,4958,0.004619737265
4,4959,0.004619737265
4,4960,0.004619737265
4,4961,0.004619737265
4,4962,0.004619737265
4,4963,0.004619737265
4,4964,0.004619737265
4,4965,0.004619737265
4,4966,0.004619737265
4,4967,0.004619737265
4,4968,0.004619737265
4,4969,0.004619737265
4,4970,0.004619737265
4,4971,0.004619737265
4,4972,0.004619737265
4,4973,0.004619737265
4,4974,0.004619737265
4,4975,0.004619737265
4,4976,0.004619737265
4,4977,0.004619737265
4,4978,0.004619737265
4,4979,0.004619737265
4,4980,0.004619737265
4,4981,0.004619737265
4,4982,0.004619737265
4,4983,0.004619737265
4,4984,0.004619737265
4,4985,0.004619737265
4,4986,0.004619737265
4,4987,0.004619737265
4,4988,0.004619737265
4,4989,0.004619737265
4,4990,0.004619737265
4,4991,0.004619737265
4,4992,0.004619737265
4,4993,0.004619737265
4,4994,0.004619737265
4,4995,0.004619737265
4,4996,0.004619737265
4,4997,0.004619737265
4,4998,0.004619737265
4,4999,0.004619737265
4,5000,0.004619737265
4,5001,0.004619737265
4,5002,0.004619737265
4,5003,0.004619737265
4,5004,0.004619737265
4,5005,0.004619737265
4,5006,0.004619737265
4,5007,0.004619737265
4,5008,0.004619737265
4,5009,0.004619737265
4,5010,0.004619737265
4,5011,0.004619737265
4,5012,0.004619737265
4,5013,0.004619737265
4,5014,0.004619737265
4,5015,0.004619737265
4,5016,0.004619737265
4,5017,0.004619737265
4,5018,0.004619737265
4,5019,0.004619737265
4,5020,0.004619737265
4,5021,0.004619737265
4,5022,0.004619737265
4,5023,0.004619737265
4,5024,0.004619737265
4,5025,0.004619737265
4,5026,0.004619737265
4,5027,0.004619737265
4,5028,0.004619737265
4,5029,0.004619737265
4,5030,0.004619737265
4,5031,0.004619737265
4,5032,0.004619737265
4,5033,0.004619737265
4,5034,0.004619737265
4,5035,0.004619737265
4,5036,0.004619737265
4,5037,0.004619737265
4,5038,0.004619737265
4,5039,0.004619737265
4,5040,0.004619737265
4,5041,0.004619737265
4,5042,0.004619737265
4,5043,0.004619737265
4,5044,0.004619737265
4,5045,0.004619737265
4,5046,0.004619737265
4,5047,0.004619737265
4,5048,0.004619737265
4,5049,0.004619737265
4,5050,0.004619737265
4,5051,0.004619737265
4,5052,0.004619737265
4,5053,0.004619737265
4,5054,0.004619737265
4,5055,0.004619737265
4,5056,0.004619737265
4,5057,0.004619737265
4,5058,0.004619737265
4,5059,0.004619737265
4,5060,0.004619737265
4,5061,0.004619737265
4,5062,0.004619737265
4,5063,0.004619737265
4,5064,0.004619737265
4,5065,0.004619737265
4,5066,0.004619737265
4,5067,0.004619737265
4,5068,0.004619737265
4,5069,0.004619737265
4,5070,0.004619737265
4,5071,0.004619737265
4,5072,0.004619737265
4,5073,0.004619737265
4,5074,0.004619737265
4,5075,0.004619737265
4,5076,0.004619737265
4,5077,0.004619737265
4,5078,0.004619737265
4,5079,0.004619737265
4,5080,0.004619737265
4,5081,0.004619737265
4,5082,0.004619737265
4,5083,0.004619737265
4,5084,0.004619737265
4,5085,0.004619737265
4,5086,0.004619737265
4,5087,0.004619737265
4,5088,0.004619737265
4,5089,0.004619737265
4,5090,0.004619737265
4,5091,0.004619737265
4,5092,0.004619737265
4,5093,0.004619737265
4,5094,0.004619737265
4,5095,0.004619737265
4,5096,0.004619737265
4,5097,0.004619737265
4,5098,0.004619737265
4,5099,0.004619737265
4,5100,0.004619737265
4,5101,0.004619737265
4,5102,0.004619737265
4,5103,0.004619737265
4,5104,0.004619737265
4,5105,0.004619737265
4,5106,0.004619737265
4,5107,0.004619737265
4,5108,0.004619737265
4,5109,0.004619737265
4,5110,0.004619737265
4,5111,0.004619737265
4,5112,0.004619737265
4,5113,0.004619737265
4,5114,0.004619737265
4,5115,0.004619737265
4,5116,0.004619737265
4,5117,0.004619737265
4,5118,0.004619737265
4,5119,0.004619737265
4,5120,0.004619737265
4,5121,0.004619737265
4,5122,0.004619737265
4,5123,0.004619737265
4,5124,0.004619737265
4,5125,0.004619737265
4,5126,0.004619737265
4,5127,0.004619737265
4,5128,0.004619737265
4,5129,0.004619737265
4,5130,0.004619737265
4,5131,0.004619737265
4,5132,0.004619737265
4,5133,0.004619737265
4,5134,0.004619737265
4,5135,0.004619737265
4,5136,0.004619737265
4,5137,0.004619737265
4,5138,0.004619737265
4,5139,0.004619737265
4,5140,0.004619737265
4,5141,0.004619737265
4,5142,0.004619737265
4,5143,0.004619737265
4,5144,0.004619737265
4,5145,0.004619737265
4,5146,0.004619737265
4,5147,0.004619737265
4,5148,0.004619737265
4,5149,0.004619737265
4,5150,0.004619737265
4,5151,0.004619737265
4,5152,0.004619737265
4,5153,0.004619737265
4,5154,0.004619737265
4,5155,0.004619737265
4,5156,0.004619737265
4,5157,0.004619737265
4,5158,0.004619737265
4,5159,0.004619737265
4,5160,0.004619737265
4,5161,0.004619737265
4,5162,0.004619737265
4,5163,0.004619737265
4,5164,0.004619737265
4,5165,0.004619737265
4,5166,0.004619737265
4,5167,0.004619737265
4,5168,0.004619737265
4,5169,0.004619737265
4,5170,0.004619737265
4,5171,0.004619737265
4,5172,0.004619737265
4,5173,0.004619737265
4,5174,0.004619737265
4,5175,0.004619737265
4,5176,0.004619737265
4,5177,0.004619737265
4,5178,0.004619737265
4,5179,0.004619737265
4,5180,0.004619737265
4,5181,0.004619737265
4,5182,0.004619737265
4,5183,0.004619737265
4,5184,0.004619737265
4,5185,0.004619737265
4,5186,0.004619737265
4,5187,0.004619737265
4,5188,0.004619737265
4,5189,0.004619737265
4,5190,0.004619737265
4,5191,0.004619737265
4,5192,0.004619737265
4,5193,0.004619737265
4,5194,0.004619737265
4,5195,0.004619737265
4,5196,0.004619737265
4,5197,0.004619737265
4,5198,0.004619737265
4,5199,0.004619737265
4,5200,0.004619737265
4,5201,0.004619737265
4,5202,0.004619737265
4,5203,0.004619737265
4,5204,0.004619737265
4,5205,0.004619737265
4,5206,0.004619737265
4,5207,0.004619737265
4,5208,0.004619737265
4,5209,0.004619737265
4,5210,0.004619737265
4,5211,0.004619737265
4,5212,0.004619737265
4,5213,0.004619737265
4,5214,0.004619737265
4,5215,0.004619737265
4,5216,0.004619737265
4,5217,0.004619737265
4,5218,0.004619737265
4,5219,0.004619737265
4,5220,0.004619737265
4,5221,0.004619737265
4,5222,0.004619737265
4,5223,0.004619737265
4,5224,0.004619737265
4,5225,0.004619737265
4,5226,0.004619737265
4,5227,0.004619737265
4,5228,0.004619737265
4,5229,0.004619737265
4,5230,0.004619737265
4,5231,0.004619737265
4,5232,0.004619737265
4,5233,0.004619737265
4,5234,0.004619737265
4,5235,0.004619737265
4,5236,0.004619737265
4,5237,0.004619737265
4,5238,0.004619737265
4,5239,0.004619737265
4,5240,0.004619737265
4,5241,0.004619737265
4,5242,0.004619737265
4,5243,0.004619737265
4,5244,0.004619737265
4,5245,0.004619737265
4,5246,0.004619737265
4,5247,0.004619737265
4,5248,0.004619737265
4,5249,0.004619737265
4,5250,0.004619737265
4,5251,0.004619737265
4,5252,0.004619737265
4,5253,0.004619737265
4,5254,0.004619737265
4,5255,0.004619737265
4,5256,0.004619737265
4,5257,0.004619737265
4,5258,0.004619737265
4,5259,0.004619737265
4,5260,0.004619737265
4,5261,0.004619737265
4,5262,0.004619737265
4,5263,0.004619737265
4,5264,0.004619737265
4,5265,0.004619737265
4,5266,0.004619737265
4,5267,0.004619737265
4,5268,0.004619737265
4,5269,0.004619737265
4,5270,0.004619737265
4,5271,0.004619737265
4,5272,0.004619737265
4,5273,0.004619737265
4,5274,0.004619737265
4,5275,0.004619737265
4,5276,0.004619737265
4,5277,0.004619737265
4,5278,0.004619737265
4,5279,0.004619737265
4,5280,0.004619737265
4,5281,0.004619737265
4,5282,0.004619737265
4,5283,0.004619737265
4,5284,0.004619737265
4,5285,0.004619737265
4,5286,0.004619737265
4,5287,0.004619737265
4,5288,0.004619737265
4,5289,0.004619737265
4,5290,0.004619737265
4,5291,0.004619737265
4,5292,0.004619737265
4,5293,0.004619737265
4,5294,0.004619737265
4,5295,0.004619737265
4,5296,0.004619737265
4,5297,0.004619737265
4,5298,0.004619737265
4,5299,0.004619737265
4,5300,0.004619737265
4,5301,0.004619737265
4,5302,0.004619737265
4,5303,0.004619737265
4,5304,0.004619737265
4,5305,0.004619737265
4,5306,0.004619737265
4,5307,0.004619737265
4,5308,0.004619737265
4,5309,0.004619737265
4,5310,0.004619737265
4,5311,0.004619737265
4,5312,0.004619737265
4,5313,0.004619737265
4,5314,0.004619737265
4,5315,0.004619737265
4,5316,0.004619737265
4,5317,0.004619737265
4,5318,0.004619737265
4,5319,0.004619737265
4,5320,0.004619737265
4,5321,0.004619737265
4,5322,0.004619737265
4,5323,0.004619737265
4,5324,0.004619737265
4,5325,0.004619737265
4,5326,0.004619737265
4,5327,0.004619737265
4,5328,0.004619737265
4,5329,0.004619737265
4,5330,0.004619737265
4,5331,0.004619737265
4,5332,0.004619737265
4,5333,0.004619737265
4,5334,0.004619737265
4,5335,0.004619737265
4,5336,0.004619737265
4,5337,0.004619737265
4,5338,0.004619737265
4,5339,0.004619737265
4,5340,0.004619737265
4,5341,0.004619737265
4,5342,0.004619737265
4,5343,0.004619737265
4,5344,0.004619737265
4,5345,0.004619737265
4,5346,0.004619737265
4,5347,0.004619737265
4,5348,0.004619737265
4,5349,0.004619737265
4,5350,0.004619737265
4,5351,0.004619737265
4,5352,0.004619737265
4,5353,0.004619737265
4,5354,0.004619737265
4,5355,0.004619737265
4,5356,0.004619737265
4,5357,0.004619737265
4,5358,0.004619737265
4,5359,0.004619737265
4,5360,0.004619737265
4,5361,0.004619737265
4,5362,0.004619737265
4,5363,0.004619737265
4,5364,0.004619737265
4,5365,0.004619737265
4,5366,0.004619737265
4,5367,0.004619737265
4,5368,0.004619737265
4,5369,0.004619737265
4,5370,0.004619737265
4,5371,0.004619737265
4,5372,0.004619737265
4,5373,0.004619737265
4,5374,0.004619737265
4,5375,0.004619737265
4,5376,0.004619737265
4,5377,0.004619737265
4,5378,0.004619737265
4,5379,0.004619737265
4,5380,0.004619737265
4,5381,0.004619737265
4,5382,0.004619737265
4,5383,0.004619737265
4,5384,0.004619737265
4,5385,0.004619737265
4,5386,0.004619737265
4,5387,0.004619737265
4,5388,0.004619737265
4,5389,0.004619737265
4,5390,0.004619737265
4,5391,0.004619737265
4,5392,0.004619737265
4,5393,0.004619737265
4,5394,0.004619737265
4,5395,0.004619737265
4,5396,0.004619737265
4,5397,0.004619737265
4,5398,0.004619737265
4,5399,0.004619737265
4,5400,0.004619737265
4,5401,0.004619737265
4,5402,0.004619737265
4,5403,0.004619737265
4,5404,0.004619737265
4,5405,0.004619737265
4,5406,0.004619737265
4,5407,0.004619737265
4,5408,0.004619737265
4,5409,0.004619737265
4,5410,0.004619737265
4,5411,0.004619737265
4,5412,0.004619737265
4,5413,0.004619737265
4,5414,0.004619737265
4,5415,0.004619737265
4,5416,0.004619737265
4,5417,0.004619737265
4,5418,0.004619737265
4,5419,0.004619737265
4,5420,0.004619737265
4,5421,0.004619737265
4,5422,0.004619737265
4,5423,0.004619737265
4,5424,0.004619737265
4,5425,0.004619737265
4,5426,0.004619737265
4,5427,0.004619737265
4,5428,0.004619737265
4,5429,0.004619737265
4,5430,0.004619737265
4,5431,0.004619737265
4,5432,0.004619737265
4,5433,0.004619737265
4,5434,0.004619737265
4,5435,0.004619737265
4,5436,0.004619737265
4,5437,0.004619737265
4,5438,0.004619737265
4,5439,0.004619737265
4,5440,0.004619737265
4,5441,0.004619737265
4,5442,0.004619737265
4,5443,0.004619737265
4,5444,0.004619737265
4,5445,0.004619737265
4,5446,0.004619737265
4,5447,0.004619737265
4,5448,0.004619737265
4,5449,0.004619737265
4,5450,0.004619737265
4,5451,0.004619737265
4,5452,0.004619737265
4,5453,0.004619737265
4,5454,0.004619737265
4,5455,0.004619737265
4,5456,0.004619737265
4,5457,0.004619737265
4,5458,0.004619737265
4,5459,0.004619737265
4,5460,0.004619737265
4,5461,0.004619737265
4,5462,0.004619737265
4,5463,0.004619737265
4,5464,0.004619737265
4,5465,0.004619737265
4,5466,0.004619737265
4,5467,0.004619737265
4,5468,0.004619737265
4,5469,0.004619737265
4,5470,0.004619737265
4,5471,0.004619737265
4,5472,0.004619737265
4,5473,0.004619737265
4,5474,0.004619737265
4,5475,0.004619737265
4,5476,0.004619737265
4,5477,0.004619737265
4,5478,0.004619737265
4,5479,0.004619737265
4,5480,0.004619737265
4,5481,0.004619737265
4,5482,0.004619737265
4,5483,0.004619737265
4,5484,0.004619737265
4,5485,0.004619737265
4,5486,0.004619737265
4,5487,0.004619737265
4,5488,0.004619737265
4,5489,0.004619737265
4,5490,0.004619737265
4,5491,0.004619737265
4,5492,0.004619737265
4,5493,0.004619737265
4,5494,0.004619737265
4,5495,0.004619737265
4,5496,0.004619737265
4,5497,0.004619737265
4,5498,0.004619737265
4,5499,0.004619737265
4,5500,0.004619737265
4,5501,0.004619737265
4,5502,0.004619737265
4,5503,0.004619737265
4,5504,0.004619737265
4,5505,0.004619737265
4,5506,0.004619737265
4,5507,0.004619737265
4,5508,0.004619737265
4,5509,0.004619737265
4,5510,0.004619737265
4,5511,0.004619737265
4,5512,0.004619737265
4,5513,0.004619737265
4,5514,0.004619737265
4,5515,0.004619737265
4,5516,0.004619737265
4,5517,0.004619737265
4,5518,0.004619737265
4,5519,0.004619737265
4,5520,0.004619737265
4,5521,0.004619737265
4,5522,0.004619737265
4,5523,0.004619737265
4,5524,0.004619737265
4,5525,0.004619737265
4,5526,0.004619737265
4,5527,0.004619737265
4,5528,0.004619737265
4,5529,0.004619737265
4,5530,0.004619737265
4,5531,0.004619737265
4,5532,0.004619737265
4,5533,0.004619737265
4,5534,0.004619737265
4,5535,0.004619737265
4,5536,0.004619737265
4,5537,0.004619737265
4,5538,0.004619737265
4,5539,0.004619737265
4,5540,0.004619737265
4,5541,0.004619737265
4,5542,0.004619737265
4,5543,0.004619737265
4,5544,0.004619737265
4,5545,0.004619737265
4,5546,0.004619737265
4,5547,0.004619737265
4,5548,0.004619737265
4,5549,0.004619737265
4,5550,0.004619737265
4,5551,0.004619737265
4,5552,0.004619737265
4,5553,0.004619737265
4,5554,0.004619737265
4,5555,0.004619737265
4,5556,0.004619737265
4,5557,0.004619737265
4,5558,0.004619737265
4,5559,0.004619737265
4,5560,0.004619737265
4,5561,0.004619737265
4,5562,0.004619737265
4,5563,0.004619737265
4,5564,0.004619737265
4,5565,0.004619737265
4,5566,0.004619737265
4,5567,0.004619737265
4,5568,0.004619737265
4,5569,0.004619737265
4,5570,0.004619737265
4,5571,0.004619737265
4,5572,0.004619737265
4,5573,0.004619737265
4,5574,0.004619737265
4,5575,0.004619737265
4,5576,0.004619737265
4,5577,0.004619737265
4,5578,0.004619737265
4,5579,0.004619737265
4,5580,0.004619737265
4,5581,0.004619737265
4,5582,0.004619737265
4,5583,0.004619737265
4,5584,0.004619737265
4,5585,0.004619737265
4,5586,0.004619737265
4,5587,0.004619737265
4,5588,0.004619737265
4,5589,0.004619737265
4,5590,0.004619737265
4,5591,0.004619737265
4,5592,0.004619737265
4,5593,0.004619737265
4,5594,0.004619737265
4,5595,0.004619737265
4,5596,0.004619737265
4,5597,0.004619737265
4,5598,0.004619737265
4,5599,0.004619737265
4,5600,0.004619737265
4,5601,0.004619737265
4,5602,0.004619737265
4,5603,0.004619737265
4,5604,0.004619737265
4,5605,0.004619737265
4,5606,0.004619737265
4,5607,0.004619737265
4,5608,0.004619737265
4,5609,0.004619737265
4,5610,0.004619737265
4,5611,0.004619737265
4,5612,0.004619737265
4,5613,0.004619737265
4,5614,0.004619737265
4,5615,0.004619737265
4,5616,0.004619737265
4,5617,0.004619737265
4,5618,0.004619737265
4,5619,0.004619737265
4,5620,0.004619737265
4,5621,0.004619737265
4,5622,0.004619737265
4,5623,0.004619737265
4,5624,0.004619737265
4,5625,0.004619737265
4,5626,0.004619737265
4,5627,0.004619737265
4,5628,0.004619737265
4,5629,0.004619737265
4,5630,0.004619737265
4,5631,0.004619737265
4,5632,0.004619737265
4,5633,0.004619737265
4,5634,0.004619737265
4,5635,0.004619737265
4,5636,0.004619737265
4,5637,0.004619737265
4,5638,0.004619737265
4,5639,0.004619737265
4,5640,0.004619737265
4,5641,0.004619737265
4,5642,0.004619737265
4,5643,0.004619737265
4,5644,0.004619737265
4,5645,0.004619737265
4,5646,0.004619737265
4,5647,0.004619737265
4,5648,0.004619737265
4,5649,0.004619737265
4,5650,0.004619737265
4,5651,0.004619737265
4,5652,0.004619737265
4,5653,0.004619737265
4,5654,0.004619737265
4,5655,0.004619737265
4,5656,0.004619737265
4,5657,0.004619737265
4,5658,0.004619737265
4,5659,0.004619737265
4,5660,0.004619737265
4,5661,0.004619737265
4,5662,0.004619737265
4,5663,0.004619737265
4,5664,0.004619737265
4,5665,0.004619737265
4,5666,0.004619737265
4,5667,0.004619737265
4,5668,0.004619737265
4,5669,0.004619737265
4,5670,0.004619737265
4,5671,0.004619737265
4,5672,0.004619737265
4,5673,0.004619737265
4,5674,0.004619737265
4,5675,0.004619737265
4,5676,0.004619737265
4,5677,0.004619737265
4,5678,0.004619737265
4,5679,0.004619737265
4,5680,0.004619737265
4,5681,0.004619737265
4,5682,0.004619737265
4,5683,0.004619737265
4,5684,0.004619737265
4,5685,0.004619737265
4,5686,0.004619737265
4,5687,0.004619737265
4,5688,0.004619737265
4,5689,0.004619737265
4,5690,0.004619737265
4,5691,0.004619737265
4,5692,0.004619737265
4,5693,0.004619737265
4,5694,0.004619737265
4,5695,0.004619737265
4,5696,0.004619737265
4,5697,0.004619737265
4,5698,0.004619737265
4,5699,0.004619737265
4,5700,0.004619737265
4,5701,0.004619737265
4,5702,0.004619737265
4,5703,0.004619737265
4,5704,0.004619737265
4,5705,0.004619737265
4,5706,0.004619737265
4,5707,0.004619737265
4,5708,0.004619737265
4,5709,0.004619737265
4,5710,0.004619737265
4,5711,0.004619737265
4,5712,0.004619737265
4,5713,0.004619737265
4,5714,0.004619737265
4,5715,0.004619737265
4,5716,0.004619737265
4,5717,0.004619737265
4,5718,0.004619737265
4,5719,0.004619737265
4,5720,0.004619737265
4,5721,0.004619737265
4,5722,0.004619737265
4,5723,0.004619737265
4,5724,0.004619737265
4,5725,0.004619737265
4,5726,0.004619737265
4,5727,0.004619737265
4,5728,0.004619737265
4,5729,0.004619737265
4,5730,0.004619737265
4,5731,0.004619737265
4,5732,0.004619737265
4,5733,0.004619737265
4,5734,0.004619737265
4,5735,0.004619737265
4,5736,0.004619737265
4,5737,0.004619737265
4,5738,0.004619737265
4,5739,0.004619737265
4,5740,0.004619737265
4,5741,0.004619737265
4,5742,0.004619737265
4,5743,0.004619737265
4,5744,0.004619737265
4,5745,0.004619737265
4,5746,0.004619737265
4,5747,0.004619737265
4,5748,0.004619737265
4,5749,0.004619737265
4,5750,0.004619737265
4,5751,0.004619737265
4,5752,0.004619737265
4,5753,0.004619737265
4,5754,0.004619737265
4,5755,0.004619737265
4,5756,0.004619737265
4,5757,0.004619737265
4,5758,0.004619737265
4,5759,0.004619737265
4,5760,0.004619737265
4,5761,0.004619737265
4,5762,0.004619737265
4,5763,0.004619737265
4,5764,0.004619737265
4,5765,0.004619737265
4,5766,0.004619737265
4,5767,0.004619737265
4,5768,0.004619737265
4,5769,0.004619737265
4,5770,0.004619737265
4,5771,0.004619737265
4,5772,0.004619737265
4,5773,0.004619737265
4,5774,0.004619737265
4,5775,0.004619737265
4,5776,0.004619737265
4,5777,0.004619737265
4,5778,0.004619737265
4,5779,0.004619737265
4,5780,0.004619737265
4,5781,0.004619737265
4,5782,0.004619737265
4,5783,0.004619737265
4,5784,0.004619737265
4,5785,0.004619737265
4,5786,0.004619737265
4,5787,0.004619737265
4,5788,0.004619737265
4,5789,0.004619737265
4,5790,0.004619737265
4,5791,0.004619737265
4,5792,0.004619737265
4,5793,0.004619737265
4,5794,0.004619737265
4,5795,0.004619737265
4,5796,0.004619737265
4,5797,0.004619737265
4,5798,0.004619737265
4,5799,0.004619737265
4,5800,0.004619737265
4,5801,0.004619737265
4,5802,0.004619737265
4,5803,0.004619737265
4,5804,0.004619737265
4,5805,0.004619737265
4,5806,0.004619737265
4,5807,0.004619737265
4,5808,0.004619737265
4,5809,0.004619737265
4,5810,0.004619737265
4,5811,0.004619737265
4,5812,0.004619737265
4,5813,0.004619737265
4,5814,0.004619737265
4,5815,0.004619737265
4,5816,0.004619737265
4,5817,0.004619737265
4,5818,0.004619737265
4,5819,0.004619737265
4,5820,0.004619737265
4,5821,0.004619737265
4,5822,0.004619737265
4,5823,0.004619737265
4,5824,0.004619737265
4,5825,0.004619737265
4,5826,0.004619737265
4,5827,0.004619737265
4,5828,0.004619737265
4,5829,0.004619737265
4,5830,0.004619737265
4,5831,0.004619737265
4,5832,0.004619737265
4,5833,0.004619737265
4,5834,0.004619737265
4,5835,0.004619737265
4,5836,0.004619737265
4,5837,0.004619737265
4,5838,0.004619737265
4,5839,0.004619737265
4,5840,0.004619737265
4,5841,0.004619737265
4,5842,0.004619737265
4,5843,0.004619737265
4,5844,0.004619737265
4,5845,0.004619737265
4,5846,0.004619737265
4,5847,0.004619737265
4,5848,0.004619737265
4,5849,0.004619737265
4,5850,0.004619737265
4,5851,0.004619737265
4,5852,0.004619737265
4,5853,0.004619737265
4,5854,0.004619737265
4,5855,0.004619737265
4,5856,0.004619737265
4,5857,0.004619737265
4,5858,0.004619737265
4,5859,0.004619737265
4,5860,0.004619737265
4,5861,0.004619737265
4,5862,0.004619737265
4,5863,0.004619737265
4,5864,0.004619737265
4,5865,0.004619737265
4,5866,0.004619737265
4,5867,0.004619737265
4,5868,0.004619737265
4,5869,0.004619737265
4,5870,0.004619737265
4,5871,0.004619737265
4,5872,0.004619737265
4,5873,0.004619737265
4,5874,0.004619737265
4,5875,0.004619737265
4,5876,0.004619737265
4,5877,0.004619737265
4,5878,0.004619737265
4,5879,0.004619737265
4,5880,0.004619737265
4,5881,0.004619737265
4,5882,0.004619737265
4,5883,0.004619737265
4,5884,0.004619737265
4,5885,0.004619737265
4,5886,0.004619737265
4,5887,0.004619737265
4,5888,0.004619737265
4,5889,0.004619737265
4,5890,0.004619737265
4,5891,0.004619737265
4,5892,0.004619737265
4,5893,0.004619737265
4,5894,0.004619737265
4,5895,0.004619737265
4,5896,0.004619737265
4,5897,0.004619737265
4,5898,0.004619737265
4,5899,0.004619737265
4,5900,0.004619737265
4,5901,0.004619737265
4,5902,0.004619737265
4,5903,0.004619737265
4,5904,0.004619737265
4,5905,0.004619737265
4,5906,0.004619737265
4,5907,0.004619737265
4,5908,0.004619737265
4,5909,0.004619737265
4,5910,0.004619737265
4,5911,0.004619737265
4,5912,0.004619737265
4,5913,0.004619737265
4,5914,0.004619737265
4,5915,0.004619737265
4,5916,0.004619737265
4,5917,0.004619737265
4,5918,0.004619737265
4,5919,0.004619737265
4,5920,0.004619737265
4,5921,0.004619737265
4,5922,0.004619737265
4,5923,0.004619737265
4,5924,0.004619737265
4,5925,0.004619737265
4,5926,0.004619737265
4,5927,0.004619737265
4,5928,0.004619737265
4,5929,0.004619737265
4,5930,0.004619737265
4,5931,0.004619737265
4,5932,0.004619737265
4,5933,0.004619737265
4,5934,0.004619737265
4,5935,0.004619737265
4,5936,0.004619737265
4,5937,0.004619737265
4,5938,0.004619737265
4,5939,0.004619737265
4,5940,0.004619737265
4,5941,0.004619737265
4,5942,0.004619737265
4,5943,0.004619737265
4,5944,0.004619737265
4,5945,0.004619737265
4,5946,0.004619737265
4,5947,0.004619737265
4,5948,0.004619737265
4,5949,0.004619737265
4,5950,0.004619737265
4,5951,0.004619737265
4,5952,0.004619737265
4,5953,0.004619737265
4,5954,0.004619737265
4,5955,0.004619737265
4,5956,0.004619737265
4,5957,0.004619737265
4,5958,0.004619737265
4,5959,0.004619737265
4,5960,0.004619737265
4,5961,0.004619737265
4,5962,0.004619737265
4,5963,0.004619737265
4,5964,0.004619737265
4,5965,0.004619737265
4,5966,0.004619737265
4,5967,0.004619737265
4,5968,0.004619737265
4,5969,0.004619737265
4,5970,0.004619737265
4,5971,0.004619737265
4,5972,0.004619737265
4,5973,0.004619737265
4,5974,0.004619737265
4,5975,0.004619737265
4,5976,0.004619737265
4,5977,0.004619737265
4,5978,0.004619737265
4,5979,0.004619737265
4,5980,0.004619737265
4,5981,0.004619737265
4,5982,0.004619737265
4,5983,0.004619737265
4,5984,0.004619737265
4,5985,0.004619737265
4,5986,0.004619737265
4,5987,0.004619737265
4,5988,0.004619737265
4,5989,0.004619737265
4,5990,0.004619737265
4,5991,0.004619737265
4,5992,0.004619737265
4,5993,0.004619737265
4,5994,0.004619737265
4,5995,0.004619737265
4,5996,0.004619737265
4,5997,0.004619737265
4,5998,0.004619737265
4,5999,0.004619737265
4,6000,0.004619737265
4,6001,0.004619737265
4,6002,0.004619737265
4,6003,0.004619737265
4,6004,0.004619737265
4,6005,0.004619737265
4,6006,0.004619737265
4,6007,0.004619737265
4,6008,0.004619737265
4,6009,0.004619737265
4,6010,0.004619737265
4,6011,0.004619737265
4,6012,0.004619737265
4,6013,0.004619737265
4,6014,0.004619737265
4,6015,0.004619737265
4,6016,0.004619737265
4,6017,0.004619737265
4,6018,0.004619737265
4,6019,0.004619737265
4,6020,0.004619737265
4,6021,0.004619737265
4,6022,0.004619737265
4,6023,0.004619737265
4,6024,0.004619737265
4,6025,0.004619737265
4,6026,0.004619737265
4,6027,0.004619737265
4,6028,0.004619737265
4,6029,0.004619737265
4,6030,0.004619737265
4,6031,0.004619737265
4,6032,0.004619737265
4,6033,0.004619737265
4,6034,0.004619737265
4,6035,0.004619737265
4,6036,0.004619737265
4,6037,0.004619737265
4,6038,0.004619737265
4,6039,0.004619737265
4,6040,0.004619737265
4,6041,0.004619737265
4,6042,0.004619737265
4,6043,0.004619737265
4,6044,0.004619737265
4,6045,0.004619737265
4,6046,0.004619737265
4,6047,0.004619737265
4,6048,0.004619737265
4,6049,0.004619737265
4,6050,0.004619737265
4,6051,0.004619737265
4,6052,0.004619737265
4,6053,0.004619737265
4,6054,0.004619737265
4,6055,0.004619737265
4,6056,0.004619737265
4,6057,0.004619737265
4,6058,0.004619737265
4,6059,0.004619737265
4,6060,0.004619737265
4,6061,0.004619737265
4,6062,0.004619737265
4,6063,0.004619737265
4,6064,0.004619737265
4,6065,0.004619737265
4,6066,0.004619737265
4,6067,0.004619737265
4,6068,0.004619737265
4,6069,0.004619737265
4,6070,0.004619737265
4,6071,0.004619737265
4,6072,0.004619737265
4,6073,0.004619737265
4,6074,0.004619737265
4,6075,0.004619737265
4,6076,0.004619737265
4,6077,0.004619737265
4,6078,0.004619737265
4,6079,0.004619737265
4,6080,0.004619737265
4,6081,0.004619737265
4,6082,0.004619737265
4,6083,0.004619737265
4,6084,0.004619737265
4,6085,0.004619737265
4,6086,0.004619737265
4,6087,0.004619737265
4,6088,0.004619737265
4,6089,0.004619737265
4,6090,0.004619737265
4,6091,0.004619737265
4,6092,0.004619737265
4,6093,0.004619737265
4,6094,0.004619737265
4,6095,0.004619737265
4,6096,0.004619737265
4,6097,0.004619737265
4,6098,0.004619737265
4,6099,0.004619737265
4,6100,0.004619737265
4,6101,0.004619737265
4,6102,0.004619737265
4,6103,0.004619737265
4,6104,0.004619737265
4,6105,0.004619737265
4,6106,0.004619737265
4,6107,0.004619737265
4,6108,0.004619737265
4,6109,0.004619737265
4,6110,0.004619737265
4,6111,0.004619737265
4,6112,0.004619737265
4,6113,0.004619737265
4,6114,0.004619737265
4,6115,0.004619737265
4,6116,0.004619737265
4,6117,0.004619737265
4,6118,0.004619737265
4,6119,0.004619737265
4,6120,0.004619737265
4,6121,0.004619737265
4,6122,0.004619737265
4,6123,0.004619737265
4,6124,0.004619737265
4,6125,0.004619737265
4,6126,0.004619737265
4,6127,0.004619737265
4,6128,0.004619737265
4,6129,0.004619737265
4,6130,0.004619737265
4,6131,0.004619737265
4,6132,0.004619737265
4,6133,0.004619737265
4,6134,0.004619737265
4,6135,0.004619737265
4,6136,0.004619737265
4,6137,0.004619737265
4,6138,0.004619737265
4,6139,0.004619737265
4,6140,0.004619737265
4,6141,0.004619737265
4,6142,0.004619737265
4,6143,0.004619737265
4,6144,0.004619737265
4,6145,0.004619737265
4,6146,0.004619737265
4,6147,0.004619737265
4,6148,0.004619737265
4,6149,0.004619737265
4,6150,0.004619737265
4,6151,0.004619737265
4,6152,0.004619737265
4,6153,0.004619737265
4,6154,0.004619737265
4,6155,0.004619737265
4,6156,0.004619737265
4,6157,0.004619737265
4,6158,0.004619737265
4,6159,0.004619737265
4,6160,0.004619737265
4,6161,0.004619737265
4,6162,0.004619737265
4,6163,0.004619737265
4,6164,0.004619737265
4,6165,0.004619737265
4,6166,0.004619737265
4,6167,0.004619737265
4,6168,0.004619737265
4,6169,0.004619737265
4,6170,0.004619737265
4,6171,0.004619737265
4,6172,0.004619737265
4,6173,0.004619737265
4,6174,0.004619737265
4,6175,0.004619737265
4,6176,0.004619737265
4,6177,0.004619737265
4,6178,0.004619737265
4,6179,0.004619737265
4,6180,0.004619737265
4,6181,0.004619737265
4,6182,0.004619737265
4,6183,0.004619737265
4,6184,0.004619737265
4,6185,0.004619737265
4,6186,0.004619737265
4,6187,0.004619737265
4,6188,0.004619737265
4,6189,0.004619737265
4,6190,0.004619737265
4,6191,0.004619737265
4,6192,0.004619737265
4,6193,0.004619737265
4,6194,0.004619737265
4,6195,0.004619737265
4,6196,0.004619737265
4,6197,0.004619737265
4,6198,0.004619737265
4,6199,0.004619737265
4,6200,0.004619737265
4,6201,0.004619737265
4,6202,0.004619737265
4,6203,0.004619737265
4,6204,0.004619737265
4,6205,0.004619737265
4,6206,0.004619737265
4,6207,0.004619737265
4,6208,0.004619737265
4,6209,0.004619737265
4,6210,0.004619737265
4,6211,0.004619737265
4,6212,0.004619737265
4,6213,0.004619737265
4,6214,0.004619737265
4,6215,0.004619737265
4,6216,0.004619737265
4,6217,0.004619737265
4,6218,0.004619737265
4,6219,0.004619737265
4,6220,0.004619737265
4,6221,0.004619737265
4,6222,0.004619737265
4,6223,0.004619737265
4,6224,0.004619737265
4,6225,0.004619737265
4,6226,0.004619737265
4,6227,0.004619737265
4,6228,0.004619737265
4,6229,0.004619737265
4,6230,0.004619737265
4,6231,0.004619737265
4,6232,0.004619737265
4,6233,0.004619737265
4,6234,0.004619737265
4,6235,0.004619737265
4,6236,0.004619737265
4,6237,0.004619737265
4,6238,0.004619737265
4,6239,0.004619737265
4,6240,0.004619737265
4,6241,0.004619737265
4,6242,0.004619737265
4,6243,0.004619737265
4,6244,0.004619737265
4,6245,0.004619737265
4,6246,0.004619737265
4,6247,0.004619737265
4,6248,0.004619737265
4,6249,0.004619737265
4,6250,0.004619737265
4,6251,0.004619737265
4,6252,0.004619737265
4,6253,0.004619737265
4,6254,0.004619737265
4,6255,0.004619737265
4,6256,0.004619737265
4,6257,0.004619737265
4,6258,0.004619737265
4,6259,0.004619737265
4,6260,0.004619737265
4,6261,0.004619737265
4,6262,0.004619737265
4,6263,0.004619737265
4,6264,0.004619737265
4,6265,0.004619737265
4,6266,0.004619737265
4,6267,0.004619737265
4,6268,0.004619737265
4,6269,0.004619737265
4,6270,0.004619737265
4,6271,0.004619737265
4,6272,0.004619737265
4,6273,0.004619737265
4,6274,0.004619737265
4,6275,0.004619737265
4,6276,0.004619737265
4,6277,0.004619737265
4,6278,0.004619737265
4,6279,0.004619737265
4,6280,0.004619737265
4,6281,0.004619737265
4,6282,0.004619737265
4,6283,0.004619737265
4,6284,0.004619737265
4,6285,0.004619737265
4,6286,0.004619737265
4,6287,0.004619737265
4,6288,0.004619737265
4,6289,0.004619737265
4,6290,0.004619737265
4,6291,0.004619737265
4,6292,0.004619737265
4,6293,0.004619737265
4,6294,0.004619737265
4,6295,0.004619737265
4,6296,0.004619737265
4,6297,0.004619737265
4,6298,0.004619737265
4,6299,0.004619737265
4,6300,0.004619737265
4,6301,0.004619737265
4,6302,0.004619737265
4,6303,0.004619737265
4,6304,0.004619737265
4,6305,0.004619737265
4,6306,0.004619737265
4,6307,0.004619737265
4,6308,0.004619737265
4,6309,0.004619737265
4,6310,0.004619737265
4,6311,0.004619737265
4,6312,0.004619737265
4,6313,0.004619737265
4,6314,0.004619737265
4,6315,0.004619737265
4,6316,0.004619737265
4,6317,0.004619737265
4,6318,0.004619737265
4,6319,0.004619737265
4,6320,0.004619737265
4,6321,0.004619737265
4,6322,0.004619737265
4,6323,0.004619737265
4,6324,0.004619737265
4,6325,0.004619737265
4,6326,0.004619737265
4,6327,0.004619737265
4,6328,0.004619737265
4,6329,0.004619737265
4,6330,0.004619737265
4,6331,0.004619737265
4,6332,0.004619737265
4,6333,0.004619737265
4,6334,0.004619737265
4,6335,0.004619737265
4,6336,0.004619737265
4,6337,0.004619737265
4,6338,0.004619737265
4,6339,0.004619737265
4,6340,0.004619737265
4,6341,0.004619737265
4,6342,0.004619737265
4,6343,0.004619737265
4,6344,0.004619737265
4,6345,0.004619737265
4,6346,0.004619737265
4,6347,0.004619737265
4,6348,0.004619737265
4,6349,0.004619737265
4,6350,0.004619737265
4,6351,0.004619737265
4,6352,0.004619737265
4,6353,0.004619737265
4,6354,0.004619737265
4,6355,0.004619737265
4,6356,0.004619737265
4,6357,0.004619737265
4,6358,0.004619737265
4,6359,0.004619737265
4,6360,0.004619737265
4,6361,0.004619737265
4,6362,0.004619737265
4,6363,0.004619737265
4,6364,0.004619737265
4,6365,0.004619737265
4,6366,0.004619737265
4,6367,0.004619737265
4,6368,0.004619737265
4,6369,0.004619737265
4,6370,0.004619737265
4,6371,0.004619737265
4,6372,0.004619737265
4,6373,0.004619737265
4,6374,0.004619737265
4,6375,0.004619737265
4,6376,0.004619737265
4,6377,0.004619737265
4,6378,0.004619737265
4,6379,0.004619737265
4,6380,0.004619737265
4,6381,0.004619737265
4,6382,0.004619737265
4,6383,0.004619737265
4,6384,0.004619737265
4,6385,0.004619737265
4,6386,0.004619737265
4,6387,0.004619737265
4,6388,0.004619737265
4,6389,0.004619737265
4,6390,0.004619737265
4,6391,0.004619737265
4,6392,0.004619737265
4,6393,0.004619737265
4,6394,0.004619737265
4,6395,0.004619737265
4,6396,0.004619737265
4,6397,0.004619737265
4,6398,0.004619737265
4,6399,0.004619737265
4,6400,0.004619737265
4,6401,0.004619737265
4,6402,0.004619737265
4,6403,0.004619737265
4,6404,0.004619737265
4,6405,0.004619737265
4,6406,0.004619737265
4,6407,0.004619737265
4,6408,0.004619737265
4,6409,0.004619737265
4,6410,0.004619737265
4,6411,0.004619737265
4,6412,0.004619737265
4,6413,0.004619737265
4,6414,0.004619737265
4,6415,0.004619737265
4,6416,0.004619737265
4,6417,0.004619737265
4,6418,0.004619737265
4,6419,0.004619737265
4,6420,0.004619737265
4,6421,0.004619737265
4,6422,0.004619737265
4,6423,0.004619737265
4,6424,0.004619737265
4,6425,0.004619737265
4,6426,0.004619737265
4,6427,0.004619737265
4,6428,0.004619737265
4,6429,0.004619737265
4,6430,0.004619737265
4,6431,0.004619737265
4,6432,0.004619737265
4,6433,0.004619737265
4,6434,0.004619737265
4,6435,0.004619737265
4,6436,0.004619737265
4,6437,0.004619737265
4,6438,0.004619737265
4,6439,0.004619737265
4,6440,0.004619737265
4,6441,0.004619737265
4,6442,0.004619737265
4,6443,0.004619737265
4,6444,0.004619737265
4,6445,0.004619737265
4,6446,0.004619737265
4,6447,0.004619737265
4,6448,0.004619737265
4,6449,0.004619737265
4,6450,0.004619737265
4,6451,0.004619737265
4,6452,0.004619737265
4,6453,0.004619737265
4,6454,0.004619737265
4,6455,0.004619737265
4,6456,0.004619737265
4,6457,0.004619737265
4,6458,0.004619737265
4,6459,0.004619737265
4,6460,0.004619737265
4,6461,0.004619737265
4,6462,0.004619737265
4,6463,0.004619737265
4,6464,0.004619737265
4,6465,0.004619737265
4,6466,0.004619737265
4,6467,0.004619737265
4,6468,0.004619737265
4,6469,0.004619737265
4,6470,0.004619737265
4,6471,0.004619737265
4,6472,0.004619737265
4,6473,0.004619737265
4,6474,0.004619737265
4,6475,0.004619737265
4,6476,0.004619737265
4,6477,0.004619737265
4,6478,0.004619737265
4,6479,0.004619737265
4,6480,0.004619737265
4,6481,0.004619737265
4,6482,0.004619737265
4,6483,0.004619737265
4,6484,0.004619737265
4,6485,0.004619737265
4,6486,0.004619737265
4,6487,0.004619737265
4,6488,0.004619737265
4,6489,0.004619737265
4,6490,0.004619737265
4,6491,0.004619737265
4,6492,0.004619737265
4,6493,0.004619737265
4,6494,0.004619737265
4,6495,0.004619737265
4,6496,0.004619737265
4,6497,0.004619737265
4,6498,0.004619737265
4,6499,0.004619737265
4,6500,0.004619737265
4,6501,0.004619737265
4,6502,0.004619737265
4,6503,0.004619737265
4,6504,0.004619737265
4,6505,0.004619737265
4,6506,0.004619737265
4,6507,0.004619737265
4,6508,0.004619737265
4,6509,0.004619737265
4,6510,0.004619737265
4,6511,0.004619737265
4,6512,0.004619737265
4,6513,0.004619737265
4,6514,0.004619737265
4,6515,0.004619737265
4,6516,0.004619737265
4,6517,0.004619737265
4,6518,0.004619737265
4,6519,0.004619737265
4,6520,0.004619737265
4,6521,0.004619737265
4,6522,0.004619737265
4,6523,0.004619737265
4,6524,0.004619737265
4,6525,0.004619737265
4,6526,0.004619737265
4,6527,0.004619737265
4,6528,0.004619737265
4,6529,0.004619737265
4,6530,0.004619737265
4,6531,0.004619737265
4,6532,0.004619737265
4,6533,0.004619737265
4,6534,0.004619737265
4,6535,0.004619737265
4,6536,0.004619737265
4,6537,0.004619737265
4,6538,0.004619737265
4,6539,0.004619737265
4,6540,0.004619737265
4,6541,0.004619737265
4,6542,0.004619737265
4,6543,0.004619737265
4,6544,0.004619737265
4,6545,0.004619737265
4,6546,0.004619737265
4,6547,0.004619737265
4,6548,0.004619737265
4,6549,0.004619737265
4,6550,0.004619737265
4,6551,0.004619737265
4,6552,0.004619737265
4,6553,0.004619737265
4,6554,0.004619737265
4,6555,0.004619737265
4,6556,0.004619737265
4,6557,0.004619737265
4,6558,0.004619737265
4,6559,0.004619737265
4,6560,0.004619737265
4,6561,0.004619737265
4,6562,0.004619737265
4,6563,0.004619737265
4,6564,0.004619737265
4,6565,0.004619737265
4,6566,0.004619737265
4,6567,0.004619737265
4,6568,0.004619737265
4,6569,0.004619737265
4,6570,0.004619737265
4,6571,0.004619737265
4,6572,0.004619737265
4,6573,0.004619737265
4,6574,0.004619737265
4,6575,0.004619737265
4,6576,0.004619737265
4,6577,0.004619737265
4,6578,0.004619737265
4,6579,0.004619737265
4,6580,0.004619737265
4,6581,0.004619737265
4,6582,0.004619737265
4,6583,0.004619737265
4,6584,0.004619737265
4,6585,0.004619737265
4,6586,0.004619737265
4,6587,0.004619737265
4,6588,0.004619737265
4,6589,0.004619737265
4,6590,0.004619737265
4,6591,0.004619737265
4,6592,0.004619737265
4,6593,0.004619737265
4,6594,0.004619737265
4,6595,0.004619737265
4,6596,0.004619737265
4,6597,0.004619737265
4,6598,0.004619737265
4,6599,0.004619737265
4,6600,0.004619737265
4,6601,0.004619737265
4,6602,0.004619737265
4,6603,0.004619737265
4,6604,0.004619737265
4,6605,0.004619737265
4,6606,0.004619737265
4,6607,0.004619737265
4,6608,0.004619737265
4,6609,0.004619737265
4,6610,0.004619737265
4,6611,0.004619737265
4,6612,0.004619737265
4,6613,0.004619737265
4,6614,0.004619737265
4,6615,0.004619737265
4,6616,0.004619737265
4,6617,0.004619737265
4,6618,0.004619737265
4,6619,0.004619737265
4,6620,0.004619737265
4,6621,0.004619737265
4,6622,0.004619737265
4,6623,0.004619737265
4,6624,0.004619737265
4,6625,0.004619737265
4,6626,0.004619737265
4,6627,0.004619737265
4,6628,0.004619737265
4,6629,0.004619737265
4,6630,0.004619737265
4,6631,0.004619737265
4,6632,0.004619737265
4,6633,0.004619737265
4,6634,0.004619737265
4,6635,0.004619737265
4,6636,0.004619737265
4,6637,0.004619737265
4,6638,0.004619737265
4,6639,0.004619737265
4,6640,0.004619737265
4,6641,0.004619737265
4,6642,0.004619737265
4,6643,0.004619737265
4,6644,0.004619737265
4,6645,0.004619737265
4,6646,0.004619737265
4,6647,0.004619737265
4,6648,0.004619737265
4,6649,0.004619737265
4,6650,0.004619737265
4,6651,0.004619737265
4,6652,0.004619737265
4,6653,0.004619737265
4,6654,0.004619737265
4,6655,0.004619737265
4,6656,0.004619737265
4,6657,0.004619737265
4,6658,0.004619737265
4,6659,0.004619737265
4,6660,0.004619737265
4,6661,0.004619737265
4,6662,0.004619737265
4,6663,0.004619737265
4,6664,0.004619737265
4,6665,0.004619737265
4,6666,0.004619737265
4,6667,0.004619737265
4,6668,0.004619737265
4,6669,0.004619737265
4,6670,0.004619737265
4,6671,0.004619737265
4,6672,0.004619737265
4,6673,0.004619737265
4,6674,0.004619737265
4,6675,0.004619737265
4,6676,0.004619737265
4,6677,0.004619737265
4,6678,0.004619737265
4,6679,0.004619737265
4,6680,0.004619737265
4,6681,0.004619737265
4,6682,0.004619737265
4,6683,0.004619737265
4,6684,0.004619737265
4,6685,0.004619737265
4,6686,0.004619737265
4,6687,0.004619737265
4,6688,0.004619737265
4,6689,0.004619737265
4,6690,0.004619737265
4,6691,0.004619737265
4,6692,0.004619737265
4,6693,0.004619737265
4,6694,0.004619737265
4,6695,0.004619737265
4,6696,0.004619737265
4,6697,0.004619737265
4,6698,0.004619737265
4,6699,0.004619737265
4,6700,0.004619737265
4,6701,0.004619737265
4,6702,0.004619737265
4,6703,0.004619737265
4,6704,0.004619737265
4,6705,0.004619737265
4,6706,0.004619737265
4,6707,0.004619737265
4,6708,0.004619737265
4,6709,0.004619737265
4,6710,0.004619737265
4,6711,0.004619737265
4,6712,0.004619737265
4,6713,0.004619737265
4,6714,0.004619737265
4,6715,0.004619737265
4,6716,0.004619737265
4,6717,0.004619737265
4,6718,0.004619737265
4,6719,0.004619737265
4,6720,0.004619737265
4,6721,0.004619737265
4,6722,0.004619737265
4,6723,0.004619737265
4,6724,0.004619737265
4,6725,0.004619737265
4,6726,0.004619737265
4,6727,0.004619737265
4,6728,0.004619737265
4,6729,0.004619737265
4,6730,0.004619737265
4,6731,0.004619737265
4,6732,0.004619737265
4,6733,0.004619737265
4,6734,0.004619737265
4,6735,0.004619737265
4,6736,0.004619737265
4,6737,0.004619737265
4,6738,0.004619737265
4,6739,0.004619737265
4,6740,0.004619737265
4,6741,0.004619737265
4,6742,0.004619737265
4,6743,0.004619737265
4,6744,0.004619737265
4,6745,0.004619737265
4,6746,0.004619737265
4,6747,0.004619737265
4,6748,0.004619737265
4,6749,0.004619737265
4,6750,0.004619737265
4,6751,0.004619737265
4,6752,0.004619737265
4,6753,0.004619737265
4,6754,0.004619737265
4,6755,0.004619737265
4,6756,0.004619737265
4,6757,0.004619737265
4,6758,0.004619737265
4,6759,0.004619737265
4,6760,0.004619737265
4,6761,0.004619737265
4,6762,0.004619737265
4,6763,0.004619737265
4,6764,0.004619737265
4,6765,0.004619737265
4,6766,0.004619737265
4,6767,0.004619737265
4,6768,0.004619737265
4,6769,0.004619737265
4,6770,0.004619737265
4,6771,0.004619737265
4,6772,0.004619737265
4,6773,0.004619737265
4,6774,0.004619737265
4,6775,0.004619737265
4,6776,0.004619737265
4,6777,0.004619737265
4,6778,0.004619737265
4,6779,0.004619737265
4,6780,0.004619737265
4,6781,0.004619737265
4,6782,0.004619737265
4,6783,0.004619737265
4,6784,0.004619737265
4,6785,0.004619737265
4,6786,0.004619737265
4,6787,0.004619737265
4,6788,0.004619737265
4,6789,0.004619737265
4,6790,0.004619737265
4,6791,0.004619737265
4,6792,0.004619737265
4,6793,0.004619737265
4,6794,0.004619737265
4,6795,0.004619737265
4,6796,0.004619737265
4,6797,0.004619737265
4,6798,0.004619737265
4,6799,0.004619737265
4,6800,0.004619737265
4,6801,0.004619737265
4,6802,0.004619737265
4,6803,0.004619737265
4,6804,0.004619737265
4,6805,0.004619737265
4,6806,0.004619737265
4,6807,0.004619737265
4,6808,0.004619737265
4,6809,0.004619737265
4,6810,0.004619737265
4,6811,0.004619737265
4,6812,0.004619737265
4,6813,0.004619737265
4,6814,0.004619737265
4,6815,0.004619737265
4,6816,0.004619737265
4,6817,0.004619737265
4,6818,0.004619737265
4,6819,0.004619737265
4,6820,0.004619737265
4,6821,0.004619737265
4,6822,0.004619737265
4,6823,0.004619737265
4,6824,0.004619737265
4,6825,0.004619737265
4,6826,0.004619737265
4,6827,0.004619737265
4,6828,0.004619737265
4,6829,0.004619737265
4,6830,0.004619737265
4,6831,0.004619737265
4,6832,0.004619737265
4,6833,0.004619737265
4,6834,0.004619737265
4,6835,0.004619737265
4,6836,0.004619737265
4,6837,0.004619737265
4,6838,0.004619737265
4,6839,0.004619737265
4,6840,0.004619737265
4,6841,0.004619737265
4,6842,0.004619737265
4,6843,0.004619737265
4,6844,0.004619737265
4,6845,0.004619737265
4,6846,0.004619737265
4,6847,0.004619737265
4,6848,0.004619737265
4,6849,0.004619737265
4,6850,0.004619737265
4,6851,0.004619737265
4,6852,0.004619737265
4,6853,0.004619737265
4,6854,0.004619737265
4,6855,0.004619737265
4,6856,0.004619737265
4,6857,0.004619737265
4,6858,0.004619737265
4,6859,0.004619737265
4,6860,0.004619737265
4,6861,0.004619737265
4,6862,0.004619737265
4,6863,0.004619737265
4,6864,0.004619737265
4,6865,0.004619737265
4,6866,0.004619737265
4,6867,0.004619737265
4,6868,0.004619737265
4,6869,0.004619737265
4,6870,0.004619737265
4,6871,0.004619737265
4,6872,0.004619737265
4,6873,0.004619737265
4,6874,0.004619737265
4,6875,0.004619737265
4,6876,0.004619737265
4,6877,0.004619737265
4,6878,0.004619737265
4,6879,0.004619737265
4,6880,0.004619737265
4,6881,0.004619737265
4,6882,0.004619737265
4,6883,0.004619737265
4,6884,0.004619737265
4,6885,0.004619737265
4,6886,0.004619737265
4,6887,0.004619737265
4,6888,0.004619737265
4,6889,0.004619737265
4,6890,0.004619737265
4,6891,0.004619737265
4,6892,0.004619737265
4,6893,0.004619737265
4,6894,0.004619737265
4,6895,0.004619737265
4,6896,0.004619737265
4,6897,0.004619737265
4,6898,0.004619737265
4,6899,0.004619737265
4,6900,0.004619737265
4,6901,0.004619737265
4,6902,0.004619737265
4,6903,0.004619737265
4,6904,0.004619737265
4,6905,0.004619737265
4,6906,0.004619737265
4,6907,0.004619737265
4,6908,0.004619737265
4,6909,0.004619737265
4,6910,0.004619737265
4,6911,0.004619737265
4,6912,0.004619737265
4,6913,0.004619737265
4,6914,0.004619737265
4,6915,0.004619737265
4,6916,0.004619737265
4,6917,0.004619737265
4,6918,0.004619737265
4,6919,0.004619737265
4,6920,0.004619737265
4,6921,0.004619737265
4,6922,0.004619737265
4,6923,0.004619737265
4,6924,0.004619737265
4,6925,0.004619737265
4,6926,0.004619737265
4,6927,0.004619737265
4,6928,0.004619737265
4,6929,0.004619737265
4,6930,0.004619737265
4,6931,0.004619737265
4,6932,0.004619737265
4,6933,0.004619737265
4,6934,0.004619737265
4,6935,0.004619737265
4,6936,0.004619737265
4,6937,0.004619737265
4,6938,0.004619737265
4,6939,0.004619737265
4,6940,0.004619737265
4,6941,0.004619737265
4,6942,0.004619737265
4,6943,0.004619737265
4,6944,0.004619737265
4,6945,0.004619737265
4,6946,0.004619737265
4,6947,0.004619737265
4,6948,0.004619737265
4,6949,0.004619737265
4,6950,0.004619737265
4,6951,0.004619737265
4,6952,0.004619737265
4,6953,0.004619737265
4,6954,0.004619737265
4,6955,0.004619737265
4,6956,0.004619737265
4,6957,0.004619737265
4,6958,0.004619737265
4,6959,0.004619737265
4,6960,0.004619737265
4,6961,0.004619737265
4,6962,0.004619737265
4,6963,0.004619737265
4,6964,0.004619737265
4,6965,0.004619737265
4,6966,0.004619737265
4,6967,0.004619737265
4,6968,0.004619737265
4,6969,0.004619737265
4,6970,0.004619737265
4,6971,0.004619737265
4,6972,0.004619737265
4,6973,0.004619737265
4,6974,0.004619737265
4,6975,0.004619737265
4,6976,0.004619737265
4,6977,0.004619737265
4,6978,0.004619737265
4,6979,0.004619737265
4,6980,0.004619737265
4,6981,0.004619737265
4,6982,0.004619737265
4,6983,0.004619737265
4,6984,0.004619737265
4,6985,0.004619737265
4,6986,0.004619737265
4,6987,0.004619737265
4,6988,0.004619737265
4,6989,0.004619737265
4,6990,0.004619737265
4,6991,0.004619737265
4,6992,0.004619737265
4,6993,0.004619737265
4,6994,0.004619737265
4,6995,0.004619737265
4,6996,0.004619737265
4,6997,0.004619737265
4,6998,0.004619737265
4,6999,0.004619737265
4,7000,0.004619737265
4,7001,0.004619737265
4,7002,0.004619737265
4,7003,0.004619737265
4,7004,0.004619737265
4,7005,0.004619737265
4,7006,0.004619737265
4,7007,0.004619737265
4,7008,0.004619737265
4,7009,0.004619737265
4,7010,0.004619737265
4,7011,0.004619737265
4,7012,0.004619737265
4,7013,0.004619737265
4,7014,0.004619737265
4,7015,0.004619737265
4,7016,0.004619737265
4,7017,0.004619737265
4,7018,0.004619737265
4,7019,0.004619737265
4,7020,0.004619737265
4,7021,0.004619737265
4,7022,0.004619737265
4,7023,0.004619737265
4,7024,0.004619737265
4,7025,0.004619737265
4,7026,0.004619737265
4,7027,0.004619737265
4,7028,0.004619737265
4,7029,0.004619737265
4,7030,0.004619737265
4,7031,0.004619737265
4,7032,0.004619737265
4,7033,0.004619737265
4,7034,0.004619737265
4,7035,0.004619737265
4,7036,0.004619737265
4,7037,0.004619737265
4,7038,0.004619737265
4,7039,0.004619737265
4,7040,0.004619737265
4,7041,0.004619737265
4,7042,0.004619737265
4,7043,0.004619737265
4,7044,0.004619737265
4,7045,0.004619737265
4,7046,0.004619737265
4,7047,0.004619737265
4,7048,0.004619737265
4,7049,0.004619737265
4,7050,0.004619737265
4,7051,0.004619737265
4,7052,0.004619737265
4,7053,0.004619737265
4,7054,0.004619737265
4,7055,0.004619737265
4,7056,0.004619737265
4,7057,0.004619737265
4,7058,0.004619737265
4,7059,0.004619737265
4,7060,0.004619737265
4,7061,0.004619737265
4,7062,0.004619737265
4,7063,0.004619737265
4,7064,0.004619737265
4,7065,0.004619737265
4,7066,0.004619737265
4,7067,0.004619737265
4,7068,0.004619737265
4,7069,0.004619737265
4,7070,0.004619737265
4,7071,0.004619737265
4,7072,0.004619737265
4,7073,0.004619737265
4,7074,0.004619737265
4,7075,0.004619737265
4,7076,0.004619737265
4,7077,0.004619737265
4,7078,0.004619737265
4,7079,0.004619737265
4,7080,0.004619737265
4,7081,0.004619737265
4,7082,0.004619737265
4,7083,0.004619737265
4,7084,0.004619737265
4,7085,0.004619737265
4,7086,0.004619737265
4,7087,0.004619737265
4,7088,0.004619737265
4,7089,0.004619737265
4,7090,0.004619737265
4,7091,0.004619737265
4,7092,0.004619737265
4,7093,0.004619737265
4,7094,0.004619737265
4,7095,0.004619737265
4,7096,0.004619737265
4,7097,0.004619737265
4,7098,0.004619737265
4,7099,0.004619737265
4,7100,0.004619737265
4,7101,0.004619737265
4,7102,0.004619737265
4,7103,0.004619737265
4,7104,0.004619737265
4,7105,0.004619737265
4,7106,0.004619737265
4,7107,0.004619737265
4,7108,0.004619737265
4,7109,0.004619737265
4,7110,0.004619737265
4,7111,0.004619737265
4,7112,0.004619737265
4,7113,0.004619737265
4,7114,0.004619737265
4,7115,0.004619737265
4,7116,0.004619737265
4,7117,0.004619737265
4,7118,0.004619737265
4,7119,0.004619737265
4,7120,0.004619737265
4,7121,0.004619737265
4,7122,0.004619737265
4,7123,0.004619737265
4,7124,0.004619737265
4,7125,0.004619737265
4,7126,0.004619737265
4,7127,0.004619737265
4,7128,0.004619737265
4,7129,0.004619737265
4,7130,0.004619737265
4,7131,0.004619737265
4,7132,0.004619737265
4,7133,0.004619737265
4,7134,0.004619737265
4,7135,0.004619737265
4,7136,0.004619737265
4,7137,0.004619737265
4,7138,0.004619737265
4,7139,0.004619737265
4,7140,0.004619737265
4,7141,0.004619737265
4,7142,0.004619737265
4,7143,0.004619737265
4,7144,0.004619737265
4,7145,0.004619737265
4,7146,0.004619737265
4,7147,0.004619737265
4,7148,0.004619737265
4,7149,0.004619737265
4,7150,0.004619737265
4,7151,0.004619737265
4,7152,0.004619737265
4,7153,0.004619737265
4,7154,0.004619737265
4,7155,0.004619737265
4,7156,0.004619737265
4,7157,0.004619737265
4,7158,0.004619737265
4,7159,0.004619737265
4,7160,0.004619737265
4,7161,0.004619737265
4,7162,0.004619737265
4,7163,0.004619737265
4,7164,0.004619737265
4,7165,0.004619737265
4,7166,0.004619737265
4,7167,0.004619737265
4,7168,0.004619737265
4,7169,0.004619737265
4,7170,0.004619737265
4,7171,0.004619737265
4,7172,0.004619737265
4,7173,0.004619737265
4,7174,0.004619737265
4,7175,0.004619737265
4,7176,0.004619737265
4,7177,0.004619737265
4,7178,0.004619737265
4,7179,0.004619737265
4,7180,0.004619737265
4,7181,0.004619737265
4,7182,0.004619737265
4,7183,0.004619737265
4,7184,0.004619737265
4,7185,0.004619737265
4,7186,0.004619737265
4,7187,0.004619737265
4,7188,0.004619737265
4,7189,0.004619737265
4,7190,0.004619737265
4,7191,0.004619737265
4,7192,0.004619737265
4,7193,0.004619737265
4,7194,0.004619737265
4,7195,0.004619737265
4,7196,0.004619737265
4,7197,0.004619737265
4,7198,0.004619737265
4,7199,0.004619737265
4,7200,0.004619737265
4,7201,0.004619737265
4,7202,0.004619737265
4,7203,0.004619737265
4,7204,0.004619737265
4,7205,0.004619737265
4,7206,0.004619737265
4,7207,0.004619737265
4,7208,0.004619737265
4,7209,0.004619737265
4,7210,0.004619737265
4,7211,0.004619737265
4,7212,0.004619737265
4,7213,0.004619737265
4,7214,0.004619737265
4,7215,0.004619737265
4,7216,0.004619737265
4,7217,0.004619737265
4,7218,0.004619737265
4,7219,0.004619737265
4,7220,0.004619737265
4,7221,0.004619737265
4,7222,0.004619737265
4,7223,0.004619737265
4,7224,0.004619737265
4,7225,0.004619737265
4,7226,0.004619737265
4,7227,0.004619737265
4,7228,0.004619737265
4,7229,0.004619737265
4,7230,0.004619737265
4,7231,0.004619737265
4,7232,0.004619737265
4,7233,0.004619737265
4,7234,0.004619737265
4,7235,0.004619737265
4,7236,0.004619737265
4,7237,0.004619737265
4,7238,0.004619737265
4,7239,0.004619737265
4,7240,0.004619737265
4,7241,0.004619737265
4,7242,0.004619737265
4,7243,0.004619737265
4,7244,0.004619737265
4,7245,0.004619737265
4,7246,0.004619737265
4,7247,0.004619737265
4,7248,0.004619737265
4,7249,0.004619737265
4,7250,0.004619737265
4,7251,0.004619737265
4,7252,0.004619737265
4,7253,0.004619737265
4,7254,0.004619737265
4,7255,0.004619737265
4,7256,0.004619737265
4,7257,0.004619737265
4,7258,0.004619737265
4,7259,0.004619737265
4,7260,0.004619737265
4,7261,0.004619737265
4,7262,0.004619737265
4,7263,0.004619737265
4,7264,0.004619737265
4,7265,0.004619737265
4,7266,0.004619737265
4,7267,0.004619737265
4,7268,0.004619737265
4,7269,0.004619737265
4,7270,0.004619737265
4,7271,0.004619737265
4,7272,0.004619737265
4,7273,0.004619737265
4,7274,0.004619737265
4,7275,0.004619737265
4,7276,0.004619737265
4,7277,0.004619737265
4,7278,0.004619737265
4,7279,0.004619737265
4,7280,0.004619737265
4,7281,0.004619737265
4,7282,0.004619737265
4,7283,0.004619737265
4,7284,0.004619737265
4,7285,0.004619737265
4,7286,0.004619737265
4,7287,0.004619737265
4,7288,0.004619737265
4,7289,0.004619737265
4,7290,0.004619737265
4,7291,0.004619737265
4,7292,0.004619737265
4,7293,0.004619737265
4,7294,0.004619737265
4,7295,0.004619737265
4,7296,0.004619737265
4,7297,0.004619737265
4,7298,0.004619737265
4,7299,0.004619737265
4,7300,0.004619737265
4,7301,0.004619737265
4,7302,0.004619737265
4,7303,0.004619737265
4,7304,0.004619737265
4,7305,0.004619737265
4,7306,0.004619737265
4,7307,0.004619737265
4,7308,0.004619737265
4,7309,0.004619737265
4,7310,0.004619737265
4,7311,0.004619737265
4,7312,0.004619737265
4,7313,0.004619737265
4,7314,0.004619737265
4,7315,0.004619737265
4,7316,0.004619737265
4,7317,0.004619737265
4,7318,0.004619737265
4,7319,0.004619737265
4,7320,0.004619737265
4,7321,0.004619737265
4,7322,0.004619737265
4,7323,0.004619737265
4,7324,0.004619737265
4,7325,0.004619737265
4,7326,0.004619737265
4,7327,0.004619737265
4,7328,0.004619737265
4,7329,0.004619737265
4,7330,0.004619737265
4,7331,0.004619737265
4,7332,0.004619737265
4,7333,0.004619737265
4,7334,0.004619737265
4,7335,0.004619737265
4,7336,0.004619737265
4,7337,0.004619737265
4,7338,0.004619737265
4,7339,0.004619737265
4,7340,0.004619737265
4,7341,0.004619737265
4,7342,0.004619737265
4,7343,0.004619737265
4,7344,0.004619737265
4,7345,0.004619737265
4,7346,0.004619737265
4,7347,0.004619737265
4,7348,0.004619737265
4,7349,0.004619737265
4,7350,0.004619737265
4,7351,0.004619737265
4,7352,0.004619737265
4,7353,0.004619737265
4,7354,0.004619737265
4,7355,0.004619737265
4,7356,0.004619737265
4,7357,0.004619737265
4,7358,0.004619737265
4,7359,0.004619737265
4,7360,0.004619737265
4,7361,0.004619737265
4,7362,0.004619737265
4,7363,0.004619737265
4,7364,0.004619737265
4,7365,0.004619737265
4,7366,0.004619737265
4,7367,0.004619737265
4,7368,0.004619737265
4,7369,0.004619737265
4,7370,0.004619737265
4,7371,0.004619737265
4,7372,0.004619737265
4,7373,0.004619737265
4,7374,0.004619737265
4,7375,0.004619737265
4,7376,0.004619737265
4,7377,0.004619737265
4,7378,0.004619737265
4,7379,0.004619737265
4,7380,0.004619737265
4,7381,0.004619737265
4,7382,0.004619737265
4,7383,0.004619737265
4,7384,0.004619737265
4,7385,0.004619737265
4,7386,0.004619737265
4,7387,0.004619737265
4,7388,0.004619737265
4,7389,0.004619737265
4,7390,0.004619737265
4,7391,0.004619737265
4,7392,0.004619737265
4,7393,0.004619737265
4,7394,0.004619737265
4,7395,0.004619737265
4,7396,0.004619737265
4,7397,0.004619737265
4,7398,0.004619737265
4,7399,0.004619737265
4,7400,0.004619737265
4,7401,0.004619737265
4,7402,0.004619737265
4,7403,0.004619737265
4,7404,0.004619737265
4,7405,0.004619737265
4,7406,0.004619737265
4,7407,0.004619737265
4,7408,0.004619737265
4,7409,0.004619737265
4,7410,0.004619737265
4,7411,0.004619737265
4,7412,0.004619737265
4,7413,0.004619737265
4,7414,0.004619737265
4,7415,0.004619737265
4,7416,0.004619737265
4,7417,0.004619737265
4,7418,0.004619737265
4,7419,0.004619737265
4,7420,0.004619737265
4,7421,0.004619737265
4,7422,0.004619737265
4,7423,0.004619737265
4,7424,0.004619737265
4,7425,0.004619737265
4,7426,0.004619737265
4,7427,0.004619737265
4,7428,0.004619737265
4,7429,0.004619737265
4,7430,0.004619737265
4,7431,0.004619737265
4,7432,0.004619737265
4,7433,0.004619737265
4,7434,0.004619737265
4,7435,0.004619737265
4,7436,0.004619737265
4,7437,0.004619737265
4,7438,0.004619737265
4,7439,0.004619737265
4,7440,0.004619737265
4,7441,0.004619737265
4,7442,0.004619737265
4,7443,0.004619737265
4,7444,0.004619737265
4,7445,0.004619737265
4,7446,0.004619737265
4,7447,0.004619737265
4,7448,0.004619737265
4,7449,0.004619737265
4,7450,0.004619737265
4,7451,0.004619737265
4,7452,0.004619737265
4,7453,0.004619737265
4,7454,0.004619737265
4,7455,0.004619737265
4,7456,0.004619737265
4,7457,0.004619737265
4,7458,0.004619737265
4,7459,0.004619737265
4,7460,0.004619737265
4,7461,0.004619737265
4,7462,0.004619737265
4,7463,0.004619737265
4,7464,0.004619737265
4,7465,0.004619737265
4,7466,0.004619737265
4,7467,0.004619737265
4,7468,0.004619737265
4,7469,0.004619737265
4,7470,0.004619737265
4,7471,0.004619737265
4,7472,0.004619737265
4,7473,0.004619737265
4,7474,0.004619737265
4,7475,0.004619737265
4,7476,0.004619737265
4,7477,0.004619737265
4,7478,0.004619737265
4,7479,0.004619737265
4,7480,0.004619737265
4,7481,0.004619737265
4,7482,0.004619737265
4,7483,0.004619737265
4,7484,0.004619737265
4,7485,0.004619737265
4,7486,0.004619737265
4,7487,0.004619737265
4,7488,0.004619737265
4,7489,0.004619737265
4,7490,0.004619737265
4,7491,0.004619737265
4,7492,0.004619737265
4,7493,0.004619737265
4,7494,0.004619737265
4,7495,0.004619737265
4,7496,0.004619737265
4,7497,0.004619737265
4,7498,0.004619737265
4,7499,0.004619737265
4,7500,0.004619737265
4,7501,0.004619737265
4,7502,0.004619737265
4,7503,0.004619737265
4,7504,0.004619737265
4,7505,0.004619737265
4,7506,0.004619737265
4,7507,0.004619737265
4,7508,0.004619737265
4,7509,0.004619737265
4,7510,0.004619737265
4,7511,0.004619737265
4,7512,0.004619737265
4,7513,0.004619737265
4,7514,0.004619737265
4,7515,0.004619737265
4,7516,0.004619737265
4,7517,0.004619737265
4,7518,0.004619737265
4,7519,0.004619737265
4,7520,0.004619737265
4,7521,0.004619737265
4,7522,0.004619737265
4,7523,0.004619737265
4,7524,0.004619737265
4,7525,0.004619737265
4,7526,0.004619737265
4,7527,0.004619737265
4,7528,0.004619737265
4,7529,0.004619737265
4,7530,0.004619737265
4,7531,0.004619737265
4,7532,0.004619737265
4,7533,0.004619737265
4,7534,0.004619737265
4,7535,0.004619737265
4,7536,0.004619737265
4,7537,0.004619737265
4,7538,0.004619737265
4,7539,0.004619737265
4,7540,0.004619737265
4,7541,0.004619737265
4,7542,0.004619737265
4,7543,0.004619737265
4,7544,0.004619737265
4,7545,0.004619737265
4,7546,0.004619737265
4,7547,0.004619737265
4,7548,0.004619737265
4,7549,0.004619737265
4,7550,0.004619737265
4,7551,0.004619737265
4,7552,0.004619737265
4,7553,0.004619737265
4,7554,0.004619737265
4,7555,0.004619737265
4,7556,0.004619737265
4,7557,0.004619737265
4,7558,0.004619737265
4,7559,0.004619737265
4,7560,0.004619737265
4,7561,0.004619737265
4,7562,0.004619737265
4,7563,0.004619737265
4,7564,0.004619737265
4,7565,0.004619737265
4,7566,0.004619737265
4,7567,0.004619737265
4,7568,0.004619737265
4,7569,0.004619737265
4,7570,0.004619737265
4,7571,0.004619737265
4,7572,0.004619737265
4,7573,0.004619737265
4,7574,0.004619737265
4,7575,0.004619737265
4,7576,0.004619737265
4,7577,0.004619737265
4,7578,0.004619737265
4,7579,0.004619737265
4,7580,0.004619737265
4,7581,0.004619737265
4,7582,0.004619737265
4,7583,0.004619737265
4,7584,0.004619737265
4,7585,0.004619737265
4,7586,0.004619737265
4,7587,0.004619737265
4,7588,0.004619737265
4,7589,0.004619737265
4,7590,0.004619737265
4,7591,0.004619737265
4,7592,0.004619737265
4,7593,0.004619737265
4,7594,0.004619737265
4,7595,0.004619737265
4,7596,0.004619737265
4,7597,0.004619737265
4,7598,0.004619737265
4,7599,0.004619737265
4,7600,0.004619737265
4,7601,0.004619737265
4,7602,0.004619737265
4,7603,0.004619737265
4,7604,0.004619737265
4,7605,0.004619737265
4,7606,0.004619737265
4,7607,0.004619737265
4,7608,0.004619737265
4,7609,0.004619737265
4,7610,0.004619737265
4,7611,0.004619737265
4,7612,0.004619737265
4,7613,0.004619737265
4,7614,0.004619737265
4,7615,0.004619737265
4,7616,0.004619737265
4,7617,0.004619737265
4,7618,0.004619737265
4,7619,0.004619737265
4,7620,0.004619737265
4,7621,0.004619737265
4,7622,0.004619737265
4,7623,0.004619737265
4,7624,0.004619737265
4,7625,0.004619737265
4,7626,0.004619737265
4,7627,0.004619737265
4,7628,0.004619737265
4,7629,0.004619737265
4,7630,0.004619737265
4,7631,0.004619737265
4,7632,0.004619737265
4,7633,0.004619737265
4,7634,0.004619737265
4,7635,0.004619737265
4,7636,0.004619737265
4,7637,0.004619737265
4,7638,0.004619737265
4,7639,0.004619737265
4,7640,0.004619737265
4,7641,0.004619737265
4,7642,0.004619737265
4,7643,0.004619737265
4,7644,0.004619737265
4,7645,0.004619737265
4,7646,0.004619737265
4,7647,0.004619737265
4,7648,0.004619737265
4,7649,0.004619737265
4,7650,0.004619737265
4,7651,0.004619737265
4,7652,0.004619737265
4,7653,0.004619737265
4,7654,0.004619737265
4,7655,0.004619737265
4,7656,0.004619737265
4,7657,0.004619737265
4,7658,0.004619737265
4,7659,0.004619737265
4,7660,0.004619737265
4,7661,0.004619737265
4,7662,0.004619737265
4,7663,0.004619737265
4,7664,0.004619737265
4,7665,0.004619737265
4,7666,0.004619737265
4,7667,0.004619737265
4,7668,0.004619737265
4,7669,0.004619737265
4,7670,0.004619737265
4,7671,0.004619737265
4,7672,0.004619737265
4,7673,0.004619737265
4,7674,0.004619737265
4,7675,0.004619737265
4,7676,0.004619737265
4,7677,0.004619737265
4,7678,0.004619737265
4,7679,0.004619737265
4,7680,0.004619737265
4,7681,0.004619737265
4,7682,0.004619737265
4,7683,0.004619737265
4,7684,0.004619737265
4,7685,0.004619737265
4,7686,0.004619737265
4,7687,0.004619737265
4,7688,0.004619737265
4,7689,0.004619737265
4,7690,0.004619737265
4,7691,0.004619737265
4,7692,0.004619737265
4,7693,0.004619737265
4,7694,0.004619737265
4,7695,0.004619737265
4,7696,0.004619737265
4,7697,0.004619737265
4,7698,0.004619737265
4,7699,0.004619737265
4,7700,0.004619737265
4,7701,0.004619737265
4,7702,0.004619737265
4,7703,0.004619737265
4,7704,0.004619737265
4,7705,0.004619737265
4,7706,0.004619737265
4,7707,0.004619737265
4,7708,0.004619737265
4,7709,0.004619737265
4,7710,0.004619737265
4,7711,0.004619737265
4,7712,0.004619737265
4,7713,0.004619737265
4,7714,0.004619737265
4,7715,0.004619737265
4,7716,0.004619737265
4,7717,0.004619737265
4,7718,0.004619737265
4,7719,0.004619737265
4,7720,0.004619737265
4,7721,0.004619737265
4,7722,0.004619737265
4,7723,0.004619737265
4,7724,0.004619737265
4,7725,0.004619737265
4,7726,0.004619737265
4,7727,0.004619737265
4,7728,0.004619737265
4,7729,0.004619737265
4,7730,0.004619737265
4,7731,0.004619737265
4,7732,0.004619737265
4,7733,0.004619737265
4,7734,0.004619737265
4,7735,0.004619737265
4,7736,0.004619737265
4,7737,0.004619737265
4,7738,0.004619737265
4,7739,0.004619737265
4,7740,0.004619737265
4,7741,0.004619737265
4,7742,0.004619737265
4,7743,0.004619737265
4,7744,0.004619737265
4,7745,0.004619737265
4,7746,0.004619737265
4,7747,0.004619737265
4,7748,0.004619737265
4,7749,0.004619737265
4,7750,0.004619737265
4,7751,0.004619737265
4,7752,0.004619737265
4,7753,0.004619737265
4,7754,0.004619737265
4,7755,0.004619737265
4,7756,0.004619737265
4,7757,0.004619737265
4,7758,0.004619737265
4,7759,0.004619737265
4,7760,0.004619737265
4,7761,0.004619737265
4,7762,0.004619737265
4,7763,0.004619737265
4,7764,0.004619737265
4,7765,0.004619737265
4,7766,0.004619737265
4,7767,0.004619737265
4,7768,0.004619737265
4,7769,0.004619737265
4,7770,0.004619737265
4,7771,0.004619737265
4,7772,0.004619737265
4,7773,0.004619737265
4,7774,0.004619737265
4,7775,0.004619737265
4,7776,0.004619737265
4,7777,0.004619737265
4,7778,0.004619737265
4,7779,0.004619737265
4,7780,0.004619737265
4,7781,0.004619737265
4,7782,0.004619737265
4,7783,0.004619737265
4,7784,0.004619737265
4,7785,0.004619737265
4,7786,0.004619737265
4,7787,0.004619737265
4,7788,0.004619737265
4,7789,0.004619737265
4,7790,0.004619737265
4,7791,0.004619737265
4,7792,0.004619737265
4,7793,0.004619737265
4,7794,0.004619737265
4,7795,0.004619737265
4,7796,0.004619737265
4,7797,0.004619737265
4,7798,0.004619737265
4,7799,0.004619737265
4,7800,0.004619737265
4,7801,0.004619737265
4,7802,0.004619737265
4,7803,0.004619737265
4,7804,0.004619737265
4,7805,0.004619737265
4,7806,0.004619737265
4,7807,0.004619737265
4,7808,0.004619737265
4,7809,0.004619737265
4,7810,0.004619737265
4,7811,0.004619737265
4,7812,0.004619737265
4,7813,0.004619737265
4,7814,0.004619737265
4,7815,0.004619737265
4,7816,0.004619737265
4,7817,0.004619737265
4,7818,0.004619737265
4,7819,0.004619737265
4,7820,0.004619737265
4,7821,0.004619737265
4,7822,0.004619737265
4,7823,0.004619737265
4,7824,0.004619737265
4,7825,0.004619737265
4,7826,0.004619737265
4,7827,0.004619737265
4,7828,0.004619737265
4,7829,0.004619737265
4,7830,0.004619737265
4,7831,0.004619737265
4,7832,0.004619737265
4,7833,0.004619737265
4,7834,0.004619737265
4,7835,0.004619737265
4,7836,0.004619737265
4,7837,0.004619737265
4,7838,0.004619737265
4,7839,0.004619737265
4,7840,0.004619737265
4,7841,0.004619737265
4,7842,0.004619737265
4,7843,0.004619737265
4,7844,0.004619737265
4,7845,0.004619737265
4,7846,0.004619737265
4,7847,0.004619737265
4,7848,0.004619737265
4,7849,0.004619737265
4,7850,0.004619737265
4,7851,0.004619737265
4,7852,0.004619737265
4,7853,0.004619737265
4,7854,0.004619737265
4,7855,0.004619737265
4,7856,0.004619737265
4,7857,0.004619737265
4,7858,0.004619737265
4,7859,0.004619737265
4,7860,0.004619737265
4,7861,0.004619737265
4,7862,0.004619737265
4,7863,0.004619737265
4,7864,0.004619737265
4,7865,0.004619737265
4,7866,0.004619737265
4,7867,0.004619737265
4,7868,0.004619737265
4,7869,0.004619737265
4,7870,0.004619737265
4,7871,0.004619737265
4,7872,0.004619737265
4,7873,0.004619737265
4,7874,0.004619737265
4,7875,0.004619737265
4,7876,0.004619737265
4,7877,0.004619737265
4,7878,0.004619737265
4,7879,0.004619737265
4,7880,0.004619737265
4,7881,0.004619737265
4,7882,0.004619737265
4,7883,0.004619737265
4,7884,0.004619737265
4,7885,0.004619737265
4,7886,0.004619737265
4,7887,0.004619737265
4,7888,0.004619737265
4,7889,0.004619737265
4,7890,0.004619737265
4,7891,0.004619737265
4,7892,0.004619737265
4,7893,0.004619737265
4,7894,0.004619737265
4,7895,0.004619737265
4,7896,0.004619737265
4,7897,0.004619737265
4,7898,0.004619737265
4,7899,0.004619737265
4,7900,0.004619737265
4,7901,0.004619737265
4,7902,0.004619737265
4,7903,0.004619737265
4,7904,0.004619737265
4,7905,0.004619737265
4,7906,0.004619737265
4,7907,0.004619737265
4,7908,0.004619737265
4,7909,0.004619737265
4,7910,0.004619737265
4,7911,0.004619737265
4,7912,0.004619737265
4,7913,0.004619737265
4,7914,0.004619737265
4,7915,0.004619737265
4,7916,0.004619737265
4,7917,0.004619737265
4,7918,0.004619737265
4,7919,0.004619737265
4,7920,0.004619737265
4,7921,0.004619737265
4,7922,0.004619737265
4,7923,0.004619737265
4,7924,0.004619737265
4,7925,0.004619737265
4,7926,0.004619737265
4,7927,0.004619737265
4,7928,0.004619737265
4,7929,0.004619737265
4,7930,0.004619737265
4,7931,0.004619737265
4,7932,0.004619737265
4,7933,0.004619737265
4,7934,0.004619737265
4,7935,0.004619737265
4,7936,0.004619737265
4,7937,0.004619737265
4,7938,0.004619737265
4,7939,0.004619737265
4,7940,0.004619737265
4,7941,0.004619737265
4,7942,0.004619737265
4,7943,0.004619737265
4,7944,0.004619737265
4,7945,0.004619737265
4,7946,0.004619737265
4,7947,0.004619737265
4,7948,0.004619737265
4,7949,0.004619737265
4,7950,0.004619737265
4,7951,0.004619737265
4,7952,0.004619737265
4,7953,0.004619737265
4,7954,0.004619737265
4,7955,0.004619737265
4,7956,0.004619737265
4,7957,0.004619737265
4,7958,0.004619737265
4,7959,0.004619737265
4,7960,0.004619737265
4,7961,0.004619737265
4,7962,0.004619737265
4,7963,0.004619737265
4,7964,0.004619737265
4,7965,0.004619737265
4,7966,0.004619737265
4,7967,0.004619737265
4,7968,0.004619737265
4,7969,0.004619737265
4,7970,0.004619737265
4,7971,0.004619737265
4,7972,0.004619737265
4,7973,0.004619737265
4,7974,0.004619737265
4,7975,0.004619737265
4,7976,0.004619737265
4,7977,0.004619737265
4,7978,0.004619737265
4,7979,0.004619737265
4,7980,0.004619737265
4,7981,0.004619737265
4,7982,0.004619737265
4,7983,0.004619737265
4,7984,0.004619737265
4,7985,0.004619737265
4,7986,0.004619737265
4,7987,0.004619737265
4,7988,0.004619737265
4,7989,0.004619737265
4,7990,0.004619737265
4,7991,0.004619737265
4,7992,0.004619737265
4,7993,0.004619737265
4,7994,0.004619737265
4,7995,0.004619737265
4,7996,0.004619737265
4,7997,0.004619737265
4,7998,0.004619737265
4,7999,0.004619737265
4,8000,0.004619737265
4,8001,0.004619737265
4,8002,0.004619737265
4,8003,0.004619737265
4,8004,0.004619737265
4,8005,0.004619737265
4,8006,0.004619737265
4,8007,0.004619737265
4,8008,0.004619737265
4,8009,0.004619737265
4,8010,0.004619737265
4,8011,0.004619737265
4,8012,0.004619737265
4,8013,0.004619737265
4,8014,0.004619737265
4,8015,0.004619737265
4,8016,0.004619737265
4,8017,0.004619737265
4,8018,0.004619737265
4,8019,0.004619737265
4,8020,0.004619737265
4,8021,0.004619737265
4,8022,0.004619737265
4,8023,0.004619737265
4,8024,0.004619737265
4,8025,0.004619737265
4,8026,0.004619737265
4,8027,0.004619737265
4,8028,0.004619737265
4,8029,0.004619737265
4,8030,0.004619737265
4,8031,0.004619737265
4,8032,0.004619737265
4,8033,0.004619737265
4,8034,0.004619737265
4,8035,0.004619737265
4,8036,0.004619737265
4,8037,0.004619737265
4,8038,0.004619737265
4,8039,0.004619737265
4,8040,0.004619737265
4,8041,0.004619737265
4,8042,0.004619737265
4,8043,0.004619737265
4,8044,0.004619737265
4,8045,0.004619737265
4,8046,0.004619737265
4,8047,0.004619737265
4,8048,0.004619737265
4,8049,0.004619737265
4,8050,0.004619737265
4,8051,0.004619737265
4,8052,0.004619737265
4,8053,0.004619737265
4,8054,0.004619737265
4,8055,0.004619737265
4,8056,0.004619737265
4,8057,0.004619737265
4,8058,0.004619737265
4,8059,0.004619737265
4,8060,0.004619737265
4,8061,0.004619737265
4,8062,0.004619737265
4,8063,0.004619737265
4,8064,0.004619737265
4,8065,0.004619737265
4,8066,0.004619737265
4,8067,0.004619737265
4,8068,0.004619737265
4,8069,0.004619737265
4,8070,0.004619737265
4,8071,0.004619737265
4,8072,0.004619737265
4,8073,0.004619737265
4,8074,0.004619737265
4,8075,0.004619737265
4,8076,0.004619737265
4,8077,0.004619737265
4,8078,0.004619737265
4,8079,0.004619737265
4,8080,0.004619737265
4,8081,0.004619737265
4,8082,0.004619737265
4,8083,0.004619737265
4,8084,0.004619737265
4,8085,0.004619737265
4,8086,0.004619737265
4,8087,0.004619737265
4,8088,0.004619737265
4,8089,0.004619737265
4,8090,0.004619737265
4,8091,0.004619737265
4,8092,0.004619737265
4,8093,0.004619737265
4,8094,0.004619737265
4,8095,0.004619737265
4,8096,0.004619737265
4,8097,0.004619737265
4,8098,0.004619737265
4,8099,0.004619737265
4,8100,0.004619737265
4,8101,0.004619737265
4,8102,0.004619737265
4,8103,0.004619737265
4,8104,0.004619737265
4,8105,0.004619737265
4,8106,0.004619737265
4,8107,0.004619737265
4,8108,0.004619737265
4,8109,0.004619737265
4,8110,0.004619737265
4,8111,0.004619737265
4,8112,0.004619737265
4,8113,0.004619737265
4,8114,0.004619737265
4,8115,0.004619737265
4,8116,0.004619737265
4,8117,0.004619737265
4,8118,0.004619737265
4,8119,0.004619737265
4,8120,0.004619737265
4,8121,0.004619737265
4,8122,0.004619737265
4,8123,0.004619737265
4,8124,0.004619737265
4,8125,0.004619737265
4,8126,0.004619737265
4,8127,0.004619737265
4,8128,0.004619737265
4,8129,0.004619737265
4,8130,0.004619737265
4,8131,0.004619737265
4,8132,0.004619737265
4,8133,0.004619737265
4,8134,0.004619737265
4,8135,0.004619737265
4,8136,0.004619737265
4,8137,0.004619737265
4,8138,0.004619737265
4,8139,0.004619737265
4,8140,0.004619737265
4,8141,0.004619737265
4,8142,0.004619737265
4,8143,0.004619737265
4,8144,0.004619737265
4,8145,0.004619737265
4,8146,0.004619737265
4,8147,0.004619737265
4,8148,0.004619737265
4,8149,0.004619737265
4,8150,0.004619737265
4,8151,0.004619737265
4,8152,0.004619737265
4,8153,0.004619737265
4,8154,0.004619737265
4,8155,0.004619737265
4,8156,0.004619737265
4,8157,0.004619737265
4,8158,0.004619737265
4,8159,0.004619737265
4,8160,0.004619737265
4,8161,0.004619737265
4,8162,0.004619737265
4,8163,0.004619737265
4,8164,0.004619737265
4,8165,0.004619737265
4,8166,0.004619737265
4,8167,0.004619737265
4,8168,0.004619737265
4,8169,0.004619737265
4,8170,0.004619737265
4,8171,0.004619737265
4,8172,0.004619737265
4,8173,0.004619737265
4,8174,0.004619737265
4,8175,0.004619737265
4,8176,0.004619737265
4,8177,0.004619737265
4,8178,0.004619737265
4,8179,0.004619737265
4,8180,0.004619737265
4,8181,0.004619737265
4,8182,0.004619737265
4,8183,0.004619737265
4,8184,0.004619737265
4,8185,0.004619737265
4,8186,0.004619737265
4,8187,0.004619737265
4,8188,0.004619737265
4,8189,0.004619737265
4,8190,0.004619737265
4,8191,0.004619737265
4,8192,0.004619737265
4,8193,0.004619737265
4,8194,0.004619737265
4,8195,0.004619737265
4,8196,0.004619737265
4,8197,0.004619737265
4,8198,0.004619737265
4,8199,0.004619737265
4,8200,0.004619737265
4,8201,0.004619737265
4,8202,0.004619737265
4,8203,0.004619737265
4,8204,0.004619737265
4,8205,0.004619737265
4,8206,0.004619737265
4,8207,0.004619737265
4,8208,0.004619737265
4,8209,0.004619737265
4,8210,0.004619737265
4,8211,0.004619737265
4,8212,0.004619737265
4,8213,0.004619737265
4,8214,0.004619737265
4,8215,0.004619737265
4,8216,0.004619737265
4,8217,0.004619737265
4,8218,0.004619737265
4,8219,0.004619737265
4,8220,0.004619737265
4,8221,0.004619737265
4,8222,0.004619737265
4,8223,0.004619737265
4,8224,0.004619737265
4,8225,0.004619737265
4,8226,0.004619737265
4,8227,0.004619737265
4,8228,0.004619737265
4,8229,0.004619737265
4,8230,0.004619737265
4,8231,0.004619737265
4,8232,0.004619737265
4,8233,0.004619737265
4,8234,0.004619737265
4,8235,0.004619737265
4,8236,0.004619737265
4,8237,0.004619737265
4,8238,0.004619737265
4,8239,0.004619737265
4,8240,0.004619737265
4,8241,0.004619737265
4,8242,0.004619737265
4,8243,0.004619737265
4,8244,0.004619737265
4,8245,0.004619737265
4,8246,0.004619737265
4,8247,0.004619737265
4,8248,0.004619737265
4,8249,0.004619737265
4,8250,0.004619737265
4,8251,0.004619737265
4,8252,0.004619737265
4,8253,0.004619737265
4,8254,0.004619737265
4,8255,0.004619737265
4,8256,0.004619737265
4,8257,0.004619737265
4,8258,0.004619737265
4,8259,0.004619737265
4,8260,0.004619737265
4,8261,0.004619737265
4,8262,0.004619737265
4,8263,0.004619737265
4,8264,0.004619737265
4,8265,0.004619737265
4,8266,0.004619737265
4,8267,0.004619737265
4,8268,0.004619737265
4,8269,0.004619737265
4,8270,0.004619737265
4,8271,0.004619737265
4,8272,0.004619737265
4,8273,0.004619737265
4,8274,0.004619737265
4,8275,0.004619737265
4,8276,0.004619737265
4,8277,0.004619737265
4,8278,0.004619737265
4,8279,0.004619737265
4,8280,0.004619737265
4,8281,0.004619737265
4,8282,0.004619737265
4,8283,0.004619737265
4,8284,0.004619737265
4,8285,0.004619737265
4,8286,0.004619737265
4,8287,0.004619737265
4,8288,0.004619737265
4,8289,0.004619737265
4,8290,0.004619737265
4,8291,0.004619737265
4,8292,0.004619737265
4,8293,0.004619737265
4,8294,0.004619737265
4,8295,0.004619737265
4,8296,0.004619737265
4,8297,0.004619737265
4,8298,0.004619737265
4,8299,0.004619737265
4,8300,0.004619737265
4,8301,0.004619737265
4,8302,0.004619737265
4,8303,0.004619737265
4,8304,0.004619737265
4,8305,0.004619737265
4,8306,0.004619737265
4,8307,0.004619737265
4,8308,0.004619737265
4,8309,0.004619737265
4,8310,0.004619737265
4,8311,0.004619737265
4,8312,0.004619737265
4,8313,0.004619737265
4,8314,0.004619737265
4,8315,0.004619737265
4,8316,0.004619737265
4,8317,0.004619737265
4,8318,0.004619737265
4,8319,0.004619737265
4,8320,0.004619737265
4,8321,0.004619737265
4,8322,0.004619737265
4,8323,0.004619737265
4,8324,0.004619737265
4,8325,0.004619737265
4,8326,0.004619737265
4,8327,0.004619737265
4,8328,0.004619737265
4,8329,0.004619737265
4,8330,0.004619737265
4,8331,0.004619737265
4,8332,0.004619737265
4,8333,0.004619737265
4,8334,0.004619737265
4,8335,0.004619737265
4,8336,0.004619737265
4,8337,0.004619737265
4,8338,0.004619737265
4,8339,0.004619737265
4,8340,0.004619737265
4,8341,0.004619737265
4,8342,0.004619737265
4,8343,0.004619737265
4,8344,0.004619737265
4,8345,0.004619737265
4,8346,0.004619737265
4,8347,0.004619737265
4,8348,0.004619737265
4,8349,0.004619737265
4,8350,0.004619737265
4,8351,0.004619737265
4,8352,0.004619737265
4,8353,0.004619737265
4,8354,0.004619737265
4,8355,0.004619737265
4,8356,0.004619737265
4,8357,0.004619737265
4,8358,0.004619737265
4,8359,0.004619737265
4,8360,0.004619737265
4,8361,0.004619737265
4,8362,0.004619737265
4,8363,0.004619737265
4,8364,0.004619737265
4,8365,0.004619737265
4,8366,0.004619737265
4,8367,0.004619737265
4,8368,0.004619737265
4,8369,0.004619737265
4,8370,0.004619737265
4,8371,0.004619737265
4,8372,0.004619737265
4,8373,0.004619737265
4,8374,0.004619737265
4,8375,0.004619737265
4,8376,0.004619737265
4,8377,0.004619737265
4,8378,0.004619737265
4,8379,0.004619737265
4,8380,0.004619737265
4,8381,0.004619737265
4,8382,0.004619737265
4,8383,0.004619737265
4,8384,0.004619737265
4,8385,0.004619737265
4,8386,0.004619737265
4,8387,0.004619737265
4,8388,0.004619737265
4,8389,0.004619737265
4,8390,0.004619737265
4,8391,0.004619737265
4,8392,0.004619737265
4,8393,0.004619737265
4,8394,0.004619737265
4,8395,0.004619737265
4,8396,0.004619737265
4,8397,0.004619737265
4,8398,0.004619737265
4,8399,0.004619737265
4,8400,0.004619737265
4,8401,0.004619737265
4,8402,0.004619737265
4,8403,0.004619737265
4,8404,0.004619737265
4,8405,0.004619737265
4,8406,0.004619737265
4,8407,0.004619737265
4,8408,0.004619737265
4,8409,0.004619737265
4,8410,0.004619737265
4,8411,0.004619737265
4,8412,0.004619737265
4,8413,0.004619737265
4,8414,0.004619737265
4,8415,0.004619737265
4,8416,0.004619737265
4,8417,0.004619737265
4,8418,0.004619737265
4,8419,0.004619737265
4,8420,0.004619737265
4,8421,0.004619737265
4,8422,0.004619737265
4,8423,0.004619737265
4,8424,0.004619737265
4,8425,0.004619737265
4,8426,0.004619737265
4,8427,0.004619737265
4,8428,0.004619737265
4,8429,0.004619737265
4,8430,0.004619737265
4,8431,0.004619737265
4,8432,0.004619737265
4,8433,0.004619737265
4,8434,0.004619737265
4,8435,0.004619737265
4,8436,0.004619737265
4,8437,0.004619737265
4,8438,0.004619737265
4,8439,0.004619737265
4,8440,0.004619737265
4,8441,0.004619737265
4,8442,0.004619737265
4,8443,0.004619737265
4,8444,0.004619737265
4,8445,0.004619737265
4,8446,0.004619737265
4,8447,0.004619737265
4,8448,0.004619737265
4,8449,0.004619737265
4,8450,0.004619737265
4,8451,0.004619737265
4,8452,0.004619737265
4,8453,0.004619737265
4,8454,0.004619737265
4,8455,0.004619737265
4,8456,0.004619737265
4,8457,0.004619737265
4,8458,0.004619737265
4,8459,0.004619737265
4,8460,0.004619737265
4,8461,0.004619737265
4,8462,0.004619737265
4,8463,0.004619737265
4,8464,0.004619737265
4,8465,0.004619737265
4,8466,0.004619737265
4,8467,0.004619737265
4,8468,0.004619737265
4,8469,0.004619737265
4,8470,0.004619737265
4,8471,0.004619737265
4,8472,0.004619737265
4,8473,0.004619737265
4,8474,0.004619737265
4,8475,0.004619737265
4,8476,0.004619737265
4,8477,0.004619737265
4,8478,0.004619737265
4,8479,0.004619737265
4,8480,0.004619737265
4,8481,0.004619737265
4,8482,0.004619737265
4,8483,0.004619737265
4,8484,0.004619737265
4,8485,0.004619737265
4,8486,0.004619737265
4,8487,0.004619737265
4,8488,0.004619737265
4,8489,0.004619737265
4,8490,0.004619737265
4,8491,0.004619737265
4,8492,0.004619737265
4,8493,0.004619737265
4,8494,0.004619737265
4,8495,0.004619737265
4,8496,0.004619737265
4,8497,0.004619737265
4,8498,0.004619737265
4,8499,0.004619737265
4,8500,0.004619737265
4,8501,0.004619737265
4,8502,0.004619737265
4,8503,0.004619737265
4,8504,0.004619737265
4,8505,0.004619737265
4,8506,0.004619737265
4,8507,0.004619737265
4,8508,0.004619737265
4,8509,0.004619737265
4,8510,0.004619737265
4,8511,0.004619737265
4,8512,0.004619737265
4,8513,0.004619737265
4,8514,0.004619737265
4,8515,0.004619737265
4,8516,0.004619737265
4,8517,0.004619737265
4,8518,0.004619737265
4,8519,0.004619737265
4,8520,0.004619737265
4,8521,0.004619737265
4,8522,0.004619737265
4,8523,0.004619737265
4,8524,0.004619737265
4,8525,0.004619737265
4,8526,0.004619737265
4,8527,0.004619737265
4,8528,0.004619737265
4,8529,0.004619737265
4,8530,0.004619737265
4,8531,0.004619737265
4,8532,0.004619737265
4,8533,0.004619737265
4,8534,0.004619737265
4,8535,0.004619737265
4,8536,0.004619737265
4,8537,0.004619737265
4,8538,0.004619737265
4,8539,0.004619737265
4,8540,0.004619737265
4,8541,0.004619737265
4,8542,0.004619737265
4,8543,0.004619737265
4,8544,0.004619737265
4,8545,0.004619737265
4,8546,0.004619737265
4,8547,0.004619737265
4,8548,0.004619737265
4,8549,0.004619737265
4,8550,0.004619737265
4,8551,0.004619737265
4,8552,0.004619737265
4,8553,0.004619737265
4,8554,0.004619737265
4,8555,0.004619737265
4,8556,0.004619737265
4,8557,0.004619737265
4,8558,0.004619737265
4,8559,0.004619737265
4,8560,0.004619737265
4,8561,0.004619737265
4,8562,0.004619737265
4,8563,0.004619737265
4,8564,0.004619737265
4,8565,0.004619737265
4,8566,0.004619737265
4,8567,0.004619737265
4,8568,0.004619737265
4,8569,0.004619737265
4,8570,0.004619737265
4,8571,0.004619737265
4,8572,0.004619737265
4,8573,0.004619737265
4,8574,0.004619737265
4,8575,0.004619737265
4,8576,0.004619737265
4,8577,0.004619737265
4,8578,0.004619737265
4,8579,0.004619737265
4,8580,0.004619737265
4,8581,0.004619737265
4,8582,0.004619737265
4,8583,0.004619737265
4,8584,0.004619737265
4,8585,0.004619737265
4,8586,0.004619737265
4,8587,0.004619737265
4,8588,0.004619737265
4,8589,0.004619737265
4,8590,0.004619737265
4,8591,0.004619737265
4,8592,0.004619737265
4,8593,0.004619737265
4,8594,0.004619737265
4,8595,0.004619737265
4,8596,0.004619737265
4,8597,0.004619737265
4,8598,0.004619737265
4,8599,0.004619737265
4,8600,0.004619737265
4,8601,0.004619737265
4,8602,0.004619737265
4,8603,0.004619737265
4,8604,0.004619737265
4,8605,0.004619737265
4,8606,0.004619737265
4,8607,0.004619737265
4,8608,0.004619737265
4,8609,0.004619737265
4,8610,0.004619737265
4,8611,0.004619737265
4,8612,0.004619737265
4,8613,0.004619737265
4,8614,0.004619737265
4,8615,0.004619737265
4,8616,0.004619737265
4,8617,0.004619737265
4,8618,0.004619737265
4,8619,0.004619737265
4,8620,0.004619737265
4,8621,0.004619737265
4,8622,0.004619737265
4,8623,0.004619737265
4,8624,0.004619737265
4,8625,0.004619737265
4,8626,0.004619737265
4,8627,0.004619737265
4,8628,0.004619737265
4,8629,0.004619737265
4,8630,0.004619737265
4,8631,0.004619737265
4,8632,0.004619737265
4,8633,0.004619737265
4,8634,0.004619737265
4,8635,0.004619737265
4,8636,0.004619737265
4,8637,0.004619737265
4,8638,0.004619737265
4,8639,0.004619737265
4,8640,0.004619737265
4,8641,0.004619737265
4,8642,0.004619737265
4,8643,0.004619737265
4,8644,0.004619737265
4,8645,0.004619737265
4,8646,0.004619737265
4,8647,0.004619737265
4,8648,0.004619737265
4,8649,0.004619737265
4,8650,0.004619737265
4,8651,0.004619737265
4,8652,0.004619737265
4,8653,0.004619737265
4,8654,0.004619737265
4,8655,0.004619737265
4,8656,0.004619737265
4,8657,0.004619737265
4,8658,0.004619737265
4,8659,0.004619737265
4,8660,0.004619737265
4,8661,0.004619737265
4,8662,0.004619737265
4,8663,0.004619737265
4,8664,0.004619737265
4,8665,0.004619737265
4,8666,0.004619737265
4,8667,0.004619737265
4,8668,0.004619737265
4,8669,0.004619737265
4,8670,0.004619737265
4,8671,0.004619737265
4,8672,0.004619737265
4,8673,0.004619737265
4,8674,0.004619737265
4,8675,0.004619737265
4,8676,0.004619737265
4,8677,0.004619737265
4,8678,0.004619737265
4,8679,0.004619737265
4,8680,0.004619737265
4,8681,0.004619737265
4,8682,0.004619737265
4,8683,0.004619737265
4,8684,0.004619737265
4,8685,0.004619737265
4,8686,0.004619737265
4,8687,0.004619737265
4,8688,0.004619737265
4,8689,0.004619737265
4,8690,0.004619737265
4,8691,0.004619737265
4,8692,0.004619737265
4,8693,0.004619737265
4,8694,0.004619737265
4,8695,0.004619737265
4,8696,0.004619737265
4,8697,0.004619737265
4,8698,0.004619737265
4,8699,0.004619737265
4,8700,0.004619737265
4,8701,0.004619737265
4,8702,0.004619737265
4,8703,0.004619737265
4,8704,0.004619737265
4,8705,0.004619737265
4,8706,0.004619737265
4,8707,0.004619737265
4,8708,0.004619737265
4,8709,0.004619737265
4,8710,0.004619737265
4,8711,0.004619737265
4,8712,0.004619737265
4,8713,0.004619737265
4,8714,0.004619737265
4,8715,0.004619737265
4,8716,0.004619737265
4,8717,0.004619737265
4,8718,0.004619737265
4,8719,0.004619737265
4,8720,0.004619737265
4,8721,0.004619737265
4,8722,0.004619737265
4,8723,0.004619737265
4,8724,0.004619737265
4,8725,0.004619737265
4,8726,0.004619737265
4,8727,0.004619737265
4,8728,0.004619737265
4,8729,0.004619737265
4,8730,0.004619737265
4,8731,0.004619737265
4,8732,0.004619737265
4,8733,0.004619737265
4,8734,0.004619737265
4,8735,0.004619737265
4,8736,0.004619737265
4,8737,0.004619737265
4,8738,0.004619737265
4,8739,0.004619737265
4,8740,0.004619737265
4,8741,0.004619737265
4,8742,0.004619737265
4,8743,0.004619737265
4,8744,0.004619737265
4,8745,0.004619737265
4,8746,0.004619737265
4,8747,0.004619737265
4,8748,0.004619737265
4,8749,0.004619737265
4,8750,0.004619737265
4,8751,0.004619737265
4,8752,0.004619737265
4,8753,0.004619737265
4,8754,0.004619737265
4,8755,0.004619737265
4,8756,0.004619737265
4,8757,0.004619737265
4,8758,0.004619737265
4,8759,0.004619737265
4,8760,0.004619737265
4,8761,0.004619737265
4,8762,0.004619737265
4,8763,0.004619737265
4,8764,0.004619737265
4,8765,0.004619737265
4,8766,0.004619737265
4,8767,0.004619737265
4,8768,0.004619737265
4,8769,0.004619737265
4,8770,0.004619737265
4,8771,0.004619737265
4,8772,0.004619737265
4,8773,0.004619737265
4,8774,0.004619737265
4,8775,0.004619737265
4,8776,0.004619737265
4,8777,0.004619737265
4,8778,0.004619737265
4,8779,0.004619737265
4,8780,0.004619737265
4,8781,0.004619737265
4,8782,0.004619737265
4,8783,0.004619737265
4,8784,0.004619737265
4,8785,0.004619737265
4,8786,0.004619737265
4,8787,0.004619737265
4,8788,0.004619737265
4,8789,0.004619737265
4,8790,0.004619737265
4,8791,0.004619737265
4,8792,0.004619737265
4,8793,0.004619737265
4,8794,0.004619737265
4,8795,0.004619737265
4,8796,0.004619737265
4,8797,0.004619737265
4,8798,0.004619737265
4,8799,0.004619737265
4,8800,0.004619737265
4,8801,0.004619737265
4,8802,0.004619737265
4,8803,0.004619737265
4,8804,0.004619737265
4,8805,0.004619737265
4,8806,0.004619737265
4,8807,0.004619737265
4,8808,0.004619737265
4,8809,0.004619737265
4,8810,0.004619737265
4,8811,0.004619737265
4,8812,0.004619737265
4,8813,0.004619737265
4,8814,0.004619737265
4,8815,0.004619737265
4,8816,0.004619737265
4,8817,0.004619737265
4,8818,0.004619737265
4,8819,0.004619737265
4,8820,0.004619737265
4,8821,0.004619737265
4,8822,0.004619737265
4,8823,0.004619737265
4,8824,0.004619737265
4,8825,0.004619737265
4,8826,0.004619737265
4,8827,0.004619737265
4,8828,0.004619737265
4,8829,0.004619737265
4,8830,0.004619737265
4,8831,0.004619737265
4,8832,0.004619737265
4,8833,0.004619737265
4,8834,0.004619737265
4,8835,0.004619737265
4,8836,0.004619737265
4,8837,0.004619737265
4,8838,0.004619737265
4,8839,0.004619737265
4,8840,0.004619737265
4,8841,0.004619737265
4,8842,0.004619737265
4,8843,0.004619737265
4,8844,0.004619737265
4,8845,0.004619737265
4,8846,0.004619737265
4,8847,0.004619737265
4,8848,0.004619737265
4,8849,0.004619737265
4,8850,0.004619737265
4,8851,0.004619737265
4,8852,0.004619737265
4,8853,0.004619737265
4,8854,0.004619737265
4,8855,0.004619737265
4,8856,0.004619737265
4,8857,0.004619737265
4,8858,0.004619737265
4,8859,0.004619737265
4,8860,0.004619737265
4,8861,0.004619737265
4,8862,0.004619737265
4,8863,0.004619737265
4,8864,0.004619737265
4,8865,0.004619737265
4,8866,0.004619737265
4,8867,0.004619737265
4,8868,0.004619737265
4,8869,0.004619737265
4,8870,0.004619737265
4,8871,0.004619737265
4,8872,0.004619737265
4,8873,0.004619737265
4,8874,0.004619737265
4,8875,0.004619737265
4,8876,0.004619737265
4,8877,0.004619737265
4,8878,0.004619737265
4,8879,0.004619737265
4,8880,0.004619737265
4,8881,0.004619737265
4,8882,0.004619737265
4,8883,0.004619737265
4,8884,0.004619737265
4,8885,0.004619737265
4,8886,0.004619737265
4,8887,0.004619737265
4,8888,0.004619737265
4,8889,0.004619737265
4,8890,0.004619737265
4,8891,0.004619737265
4,8892,0.004619737265
4,8893,0.004619737265
4,8894,0.004619737265
4,8895,0.004619737265
4,8896,0.004619737265
4,8897,0.004619737265
4,8898,0.004619737265
4,8899,0.004619737265
4,8900,0.004619737265
4,8901,0.004619737265
4,8902,0.004619737265
4,8903,0.004619737265
4,8904,0.004619737265
4,8905,0.004619737265
4,8906,0.004619737265
4,8907,0.004619737265
4,8908,0.004619737265
4,8909,0.004619737265
4,8910,0.004619737265
4,8911,0.004619737265
4,8912,0.004619737265
4,8913,0.004619737265
4,8914,0.004619737265
4,8915,0.004619737265
4,8916,0.004619737265
4,8917,0.004619737265
4,8918,0.004619737265
4,8919,0.004619737265
4,8920,0.004619737265
4,8921,0.004619737265
4,8922,0.004619737265
4,8923,0.004619737265
4,8924,0.004619737265
4,8925,0.004619737265
4,8926,0.004619737265
4,8927,0.004619737265
4,8928,0.004619737265
4,8929,0.004619737265
4,8930,0.004619737265
4,8931,0.004619737265
4,8932,0.004619737265
4,8933,0.004619737265
4,8934,0.004619737265
4,8935,0.004619737265
4,8936,0.004619737265
4,8937,0.004619737265
4,8938,0.004619737265
4,8939,0.004619737265
4,8940,0.004619737265
4,8941,0.004619737265
4,8942,0.004619737265
4,8943,0.004619737265
4,8944,0.004619737265
4,8945,0.004619737265
4,8946,0.004619737265
4,8947,0.004619737265
4,8948,0.004619737265
4,8949,0.004619737265
4,8950,0.004619737265
4,8951,0.004619737265
4,8952,0.004619737265
4,8953,0.004619737265
4,8954,0.004619737265
4,8955,0.004619737265
4,8956,0.004619737265
4,8957,0.004619737265
4,8958,0.004619737265
4,8959,0.004619737265
4,8960,0.004619737265
4,8961,0.004619737265
4,8962,0.004619737265
4,8963,0.004619737265
4,8964,0.004619737265
4,8965,0.004619737265
4,8966,0.004619737265
4,8967,0.004619737265
4,8968,0.004619737265
4,8969,0.004619737265
4,8970,0.004619737265
4,8971,0.004619737265
4,8972,0.004619737265
4,8973,0.004619737265
4,8974,0.004619737265
4,8975,0.004619737265
4,8976,0.004619737265
4,8977,0.004619737265
4,8978,0.004619737265
4,8979,0.004619737265
4,8980,0.004619737265
4,8981,0.004619737265
4,8982,0.004619737265
4,8983,0.004619737265
4,8984,0.004619737265
4,8985,0.004619737265
4,8986,0.004619737265
4,8987,0.004619737265
4,8988,0.004619737265
4,8989,0.004619737265
4,8990,0.004619737265
4,8991,0.004619737265
4,8992,0.004619737265
4,8993,0.004619737265
4,8994,0.004619737265
4,8995,0.004619737265
4,8996,0.004619737265
4,8997,0.004619737265
4,8998,0.004619737265
4,8999,0.004619737265
4,9000,0.004619737265
4,9001,0.004619737265
4,9002,0.004619737265
4,9003,0.004619737265
4,9004,0.004619737265
4,9005,0.004619737265
4,9006,0.004619737265
4,9007,0.004619737265
4,9008,0.004619737265
4,9009,0.004619737265
4,9010,0.004619737265
4,9011,0.004619737265
4,9012,0.004619737265
4,9013,0.004619737265
4,9014,0.004619737265
4,9015,0.004619737265
4,9016,0.004619737265
4,9017,0.004619737265
4,9018,0.004619737265
4,9019,0.004619737265
4,9020,0.004619737265
4,9021,0.004619737265
4,9022,0.004619737265
4,9023,0.004619737265
4,9024,0.004619737265
4,9025,0.004619737265
4,9026,0.004619737265
4,9027,0.004619737265
4,9028,0.004619737265
4,9029,0.004619737265
4,9030,0.004619737265
4,9031,0.004619737265
4,9032,0.004619737265
4,9033,0.004619737265
4,9034,0.004619737265
4,9035,0.004619737265
4,9036,0.004619737265
4,9037,0.004619737265
4,9038,0.004619737265
4,9039,0.004619737265
4,9040,0.004619737265
4,9041,0.004619737265
4,9042,0.004619737265
4,9043,0.004619737265
4,9044,0.004619737265
4,9045,0.004619737265
4,9046,0.004619737265
4,9047,0.004619737265
4,9048,0.004619737265
4,9049,0.004619737265
4,9050,0.004619737265
4,9051,0.004619737265
4,9052,0.004619737265
4,9053,0.004619737265
4,9054,0.004619737265
4,9055,0.004619737265
4,9056,0.004619737265
4,9057,0.004619737265
4,9058,0.004619737265
4,9059,0.004619737265
4,9060,0.004619737265
4,9061,0.004619737265
4,9062,0.004619737265
4,9063,0.004619737265
4,9064,0.004619737265
4,9065,0.004619737265
4,9066,0.004619737265
4,9067,0.004619737265
4,9068,0.004619737265
4,9069,0.004619737265
4,9070,0.004619737265
4,9071,0.004619737265
4,9072,0.004619737265
4,9073,0.004619737265
4,9074,0.004619737265
4,9075,0.004619737265
4,9076,0.004619737265
4,9077,0.004619737265
4,9078,0.004619737265
4,9079,0.004619737265
4,9080,0.004619737265
4,9081,0.004619737265
4,9082,0.004619737265
4,9083,0.004619737265
4,9084,0.004619737265
4,9085,0.004619737265
4,9086,0.004619737265
4,9087,0.004619737265
4,9088,0.004619737265
4,9089,0.004619737265
4,9090,0.004619737265
4,9091,0.004619737265
4,9092,0.004619737265
4,9093,0.004619737265
4,9094,0.004619737265
4,9095,0.004619737265
4,9096,0.004619737265
4,9097,0.004619737265
4,9098,0.004619737265
4,9099,0.004619737265
4,9100,0.004619737265
4,9101,0.004619737265
4,9102,0.004619737265
4,9103,0.004619737265
4,9104,0.004619737265
4,9105,0.004619737265
4,9106,0.004619737265
4,9107,0.004619737265
4,9108,0.004619737265
4,9109,0.004619737265
4,9110,0.004619737265
4,9111,0.004619737265
4,9112,0.004619737265
4,9113,0.004619737265
4,9114,0.004619737265
4,9115,0.004619737265
4,9116,0.004619737265
4,9117,0.004619737265
4,9118,0.004619737265
4,9119,0.004619737265
4,9120,0.004619737265
4,9121,0.004619737265
4,9122,0.004619737265
4,9123,0.004619737265
4,9124,0.004619737265
4,9125,0.004619737265
4,9126,0.004619737265
4,9127,0.004619737265
4,9128,0.004619737265
4,9129,0.004619737265
4,9130,0.004619737265
4,9131,0.004619737265
4,9132,0.004619737265
4,9133,0.004619737265
4,9134,0.004619737265
4,9135,0.004619737265
4,9136,0.004619737265
4,9137,0.004619737265
4,9138,0.004619737265
4,9139,0.004619737265
4,9140,0.004619737265
4,9141,0.004619737265
4,9142,0.004619737265
4,9143,0.004619737265
4,9144,0.004619737265
4,9145,0.004619737265
4,9146,0.004619737265
4,9147,0.004619737265
4,9148,0.004619737265
4,9149,0.004619737265
4,9150,0.004619737265
4,9151,0.004619737265
4,9152,0.004619737265
4,9153,0.004619737265
4,9154,0.004619737265
4,9155,0.004619737265
4,9156,0.004619737265
4,9157,0.004619737265
4,9158,0.004619737265
4,9159,0.004619737265
4,9160,0.004619737265
4,9161,0.004619737265
4,9162,0.004619737265
4,9163,0.004619737265
4,9164,0.004619737265
4,9165,0.004619737265
4,9166,0.004619737265
4,9167,0.004619737265
4,9168,0.004619737265
4,9169,0.004619737265
4,9170,0.004619737265
4,9171,0.004619737265
4,9172,0.004619737265
4,9173,0.004619737265
4,9174,0.004619737265
4,9175,0.004619737265
4,9176,0.004619737265
4,9177,0.004619737265
4,9178,0.004619737265
4,9179,0.004619737265
4,9180,0.004619737265
4,9181,0.004619737265
4,9182,0.004619737265
4,9183,0.004619737265
4,9184,0.004619737265
4,9185,0.004619737265
4,9186,0.004619737265
4,9187,0.004619737265
4,9188,0.004619737265
4,9189,0.004619737265
4,9190,0.004619737265
4,9191,0.004619737265
4,9192,0.004619737265
4,9193,0.004619737265
4,9194,0.004619737265
4,9195,0.004619737265
4,9196,0.004619737265
4,9197,0.004619737265
4,9198,0.004619737265
4,9199,0.004619737265
4,9200,0.004619737265
4,9201,0.004619737265
4,9202,0.004619737265
4,9203,0.004619737265
4,9204,0.004619737265
4,9205,0.004619737265
4,9206,0.004619737265
4,9207,0.004619737265
4,9208,0.004619737265
4,9209,0.004619737265
4,9210,0.004619737265
4,9211,0.004619737265
4,9212,0.004619737265
4,9213,0.004619737265
4,9214,0.004619737265
4,9215,0.004619737265
4,9216,0.004619737265
4,9217,0.004619737265
4,9218,0.004619737265
4,9219,0.004619737265
4,9220,0.004619737265
4,9221,0.004619737265
4,9222,0.004619737265
4,9223,0.004619737265
4,9224,0.004619737265
4,9225,0.004619737265
4,9226,0.004619737265
4,9227,0.004619737265
4,9228,0.004619737265
4,9229,0.004619737265
4,9230,0.004619737265
4,9231,0.004619737265
4,9232,0.004619737265
4,9233,0.004619737265
4,9234,0.004619737265
4,9235,0.004619737265
4,9236,0.004619737265
4,9237,0.004619737265
4,9238,0.004619737265
4,9239,0.004619737265
4,9240,0.004619737265
4,9241,0.004619737265
4,9242,0.004619737265
4,9243,0.004619737265
4,9244,0.004619737265
4,9245,0.004619737265
4,9246,0.004619737265
4,9247,0.004619737265
4,9248,0.004619737265
4,9249,0.004619737265
4,9250,0.004619737265
4,9251,0.004619737265
4,9252,0.004619737265
4,9253,0.004619737265
4,9254,0.004619737265
4,9255,0.004619737265
4,9256,0.004619737265
4,9257,0.004619737265
4,9258,0.004619737265
4,9259,0.004619737265
4,9260,0.004619737265
4,9261,0.004619737265
4,9262,0.004619737265
4,9263,0.004619737265
4,9264,0.004619737265
4,9265,0.004619737265
4,9266,0.004619737265
4,9267,0.004619737265
4,9268,0.004619737265
4,9269,0.004619737265
4,9270,0.004619737265
4,9271,0.004619737265
4,9272,0.004619737265
4,9273,0.004619737265
4,9274,0.004619737265
4,9275,0.004619737265
4,9276,0.004619737265
4,9277,0.004619737265
4,9278,0.004619737265
4,9279,0.004619737265
4,9280,0.004619737265
4,9281,0.004619737265
4,9282,0.004619737265
4,9283,0.004619737265
4,9284,0.004619737265
4,9285,0.004619737265
4,9286,0.004619737265
4,9287,0.004619737265
4,9288,0.004619737265
4,9289,0.004619737265
4,9290,0.004619737265
4,9291,0.004619737265
4,9292,0.004619737265
4,9293,0.004619737265
4,9294,0.004619737265
4,9295,0.004619737265
4,9296,0.004619737265
4,9297,0.004619737265
4,9298,0.004619737265
4,9299,0.004619737265
4,9300,0.004619737265
4,9301,0.004619737265
4,9302,0.004619737265
4,9303,0.004619737265
4,9304,0.004619737265
4,9305,0.004619737265
4,9306,0.004619737265
4,9307,0.004619737265
4,9308,0.004619737265
4,9309,0.004619737265
4,9310,0.004619737265
4,9311,0.004619737265
4,9312,0.004619737265
4,9313,0.004619737265
4,9314,0.004619737265
4,9315,0.004619737265
4,9316,0.004619737265
4,9317,0.004619737265
4,9318,0.004619737265
4,9319,0.004619737265
4,9320,0.004619737265
4,9321,0.004619737265
4,9322,0.004619737265
4,9323,0.004619737265
4,9324,0.004619737265
4,9325,0.004619737265
4,9326,0.004619737265
4,9327,0.004619737265
4,9328,0.004619737265
4,9329,0.004619737265
4,9330,0.004619737265
4,9331,0.004619737265
4,9332,0.004619737265
4,9333,0.004619737265
4,9334,0.004619737265
4,9335,0.004619737265
4,9336,0.004619737265
4,9337,0.004619737265
4,9338,0.004619737265
4,9339,0.004619737265
4,9340,0.004619737265
4,9341,0.004619737265
4,9342,0.004619737265
4,9343,0.004619737265
4,9344,0.004619737265
4,9345,0.004619737265
4,9346,0.004619737265
4,9347,0.004619737265
4,9348,0.004619737265
4,9349,0.004619737265
4,9350,0.004619737265
4,9351,0.004619737265
4,9352,0.004619737265
4,9353,0.004619737265
4,9354,0.004619737265
4,9355,0.004619737265
4,9356,0.004619737265
4,9357,0.004619737265
4,9358,0.004619737265
4,9359,0.004619737265
4,9360,0.004619737265
4,9361,0.004619737265
4,9362,0.004619737265
4,9363,0.004619737265
4,9364,0.004619737265
4,9365,0.004619737265
4,9366,0.004619737265
4,9367,0.004619737265
4,9368,0.004619737265
4,9369,0.004619737265
4,9370,0.004619737265
4,9371,0.004619737265
4,9372,0.004619737265
4,9373,0.004619737265
4,9374,0.004619737265
4,9375,0.004619737265
4,9376,0.004619737265
4,9377,0.004619737265
4,9378,0.004619737265
4,9379,0.004619737265
4,9380,0.004619737265
4,9381,0.004619737265
4,9382,0.004619737265
4,9383,0.004619737265
4,9384,0.004619737265
4,9385,0.004619737265
4,9386,0.004619737265
4,9387,0.004619737265
4,9388,0.004619737265
4,9389,0.004619737265
4,9390,0.004619737265
4,9391,0.004619737265
4,9392,0.004619737265
4,9393,0.004619737265
4,9394,0.004619737265
4,9395,0.004619737265
4,9396,0.004619737265
4,9397,0.004619737265
4,9398,0.004619737265
4,9399,0.004619737265
4,9400,0.004619737265
4,9401,0.004619737265
4,9402,0.004619737265
4,9403,0.004619737265
4,9404,0.004619737265
4,9405,0.004619737265
4,9406,0.004619737265
4,9407,0.004619737265
4,9408,0.004619737265
4,9409,0.004619737265
4,9410,0.004619737265
4,9411,0.004619737265
4,9412,0.004619737265
4,9413,0.004619737265
4,9414,0.004619737265
4,9415,0.004619737265
4,9416,0.004619737265
4,9417,0.004619737265
4,9418,0.004619737265
4,9419,0.004619737265
4,9420,0.004619737265
4,9421,0.004619737265
4,9422,0.004619737265
4,9423,0.004619737265
4,9424,0.004619737265
4,9425,0.004619737265
4,9426,0.004619737265
4,9427,0.004619737265
4,9428,0.004619737265
4,9429,0.004619737265
4,9430,0.004619737265
4,9431,0.004619737265
4,9432,0.004619737265
4,9433,0.004619737265
4,9434,0.004619737265
4,9435,0.004619737265
4,9436,0.004619737265
4,9437,0.004619737265
4,9438,0.004619737265
4,9439,0.004619737265
4,9440,0.004619737265
4,9441,0.004619737265
4,9442,0.004619737265
4,9443,0.004619737265
4,9444,0.004619737265
4,9445,0.004619737265
4,9446,0.004619737265
4,9447,0.004619737265
4,9448,0.004619737265
4,9449,0.004619737265
4,9450,0.004619737265
4,9451,0.004619737265
4,9452,0.004619737265
4,9453,0.004619737265
4,9454,0.004619737265
4,9455,0.004619737265
4,9456,0.004619737265
4,9457,0.004619737265
4,9458,0.004619737265
4,9459,0.004619737265
4,9460,0.004619737265
4,9461,0.004619737265
4,9462,0.004619737265
4,9463,0.004619737265
4,9464,0.004619737265
4,9465,0.004619737265
4,9466,0.004619737265
4,9467,0.004619737265
4,9468,0.004619737265
4,9469,0.004619737265
4,9470,0.004619737265
4,9471,0.004619737265
4,9472,0.004619737265
4,9473,0.004619737265
4,9474,0.004619737265
4,9475,0.004619737265
4,9476,0.004619737265
4,9477,0.004619737265
4,9478,0.004619737265
4,9479,0.004619737265
4,9480,0.004619737265
4,9481,0.004619737265
4,9482,0.004619737265
4,9483,0.004619737265
4,9484,0.004619737265
4,9485,0.004619737265
4,9486,0.004619737265
4,9487,0.004619737265
4,9488,0.004619737265
4,9489,0.004619737265
4,9490,0.004619737265
4,9491,0.004619737265
4,9492,0.004619737265
4,9493,0.004619737265
4,9494,0.004619737265
4,9495,0.004619737265
4,9496,0.004619737265
4,9497,0.004619737265
4,9498,0.004619737265
4,9499,0.004619737265
4,9500,0.004619737265
4,9501,0.004619737265
4,9502,0.004619737265
4,9503,0.004619737265
4,9504,0.004619737265
4,9505,0.004619737265
4,9506,0.004619737265
4,9507,0.004619737265
4,9508,0.004619737265
4,9509,0.004619737265
4,9510,0.004619737265
4,9511,0.004619737265
4,9512,0.004619737265
4,9513,0.004619737265
4,9514,0.004619737265
4,9515,0.004619737265
4,9516,0.004619737265
4,9517,0.004619737265
4,9518,0.004619737265
4,9519,0.004619737265
4,9520,0.004619737265
4,9521,0.004619737265
4,9522,0.004619737265
4,9523,0.004619737265
4,9524,0.004619737265
4,9525,0.004619737265
4,9526,0.004619737265
4,9527,0.004619737265
4,9528,0.004619737265
4,9529,0.004619737265
4,9530,0.004619737265
4,9531,0.004619737265
4,9532,0.004619737265
4,9533,0.004619737265
4,9534,0.004619737265
4,9535,0.004619737265
4,9536,0.004619737265
4,9537,0.004619737265
4,9538,0.004619737265
4,9539,0.004619737265
4,9540,0.004619737265
4,9541,0.004619737265
4,9542,0.004619737265
4,9543,0.004619737265
4,9544,0.004619737265
4,9545,0.004619737265
4,9546,0.004619737265
4,9547,0.004619737265
4,9548,0.004619737265
4,9549,0.004619737265
4,9550,0.004619737265
4,9551,0.004619737265
4,9552,0.004619737265
4,9553,0.004619737265
4,9554,0.004619737265
4,9555,0.004619737265
4,9556,0.004619737265
4,9557,0.004619737265
4,9558,0.004619737265
4,9559,0.004619737265
4,9560,0.004619737265
4,9561,0.004619737265
4,9562,0.004619737265
4,9563,0.004619737265
4,9564,0.004619737265
4,9565,0.004619737265
4,9566,0.004619737265
4,9567,0.004619737265
4,9568,0.004619737265
4,9569,0.004619737265
4,9570,0.004619737265
4,9571,0.004619737265
4,9572,0.004619737265
4,9573,0.004619737265
4,9574,0.004619737265
4,9575,0.004619737265
4,9576,0.004619737265
4,9577,0.004619737265
4,9578,0.004619737265
4,9579,0.004619737265
4,9580,0.004619737265
4,9581,0.004619737265
4,9582,0.004619737265
4,9583,0.004619737265
4,9584,0.004619737265
4,9585,0.004619737265
4,9586,0.004619737265
4,9587,0.004619737265
4,9588,0.004619737265
4,9589,0.004619737265
4,9590,0.004619737265
4,9591,0.004619737265
4,9592,0.004619737265
4,9593,0.004619737265
4,9594,0.004619737265
4,9595,0.004619737265
4,9596,0.004619737265
4,9597,0.004619737265
4,9598,0.004619737265
4,9599,0.004619737265
4,9600,0.004619737265
4,9601,0.004619737265
4,9602,0.004619737265
4,9603,0.004619737265
4,9604,0.004619737265
4,9605,0.004619737265
4,9606,0.004619737265
4,9607,0.004619737265
4,9608,0.004619737265
4,9609,0.004619737265
4,9610,0.004619737265
4,9611,0.004619737265
4,9612,0.004619737265
4,9613,0.004619737265
4,9614,0.004619737265
4,9615,0.004619737265
4,9616,0.004619737265
4,9617,0.004619737265
4,9618,0.004619737265
4,9619,0.004619737265
4,9620,0.004619737265
4,9621,0.004619737265
4,9622,0.004619737265
4,9623,0.004619737265
4,9624,0.004619737265
4,9625,0.004619737265
4,9626,0.004619737265
4,9627,0.004619737265
4,9628,0.004619737265
4,9629,0.004619737265
4,9630,0.004619737265
4,9631,0.004619737265
4,9632,0.004619737265
4,9633,0.004619737265
4,9634,0.004619737265
4,9635,0.004619737265
4,9636,0.004619737265
4,9637,0.004619737265
4,9638,0.004619737265
4,9639,0.004619737265
4,9640,0.004619737265
4,9641,0.004619737265
4,9642,0.004619737265
4,9643,0.004619737265
4,9644,0.004619737265
4,9645,0.004619737265
4,9646,0.004619737265
4,9647,0.004619737265
4,9648,0.004619737265
4,9649,0.004619737265
4,9650,0.004619737265
4,9651,0.004619737265
4,9652,0.004619737265
4,9653,0.004619737265
4,9654,0.004619737265
4,9655,0.004619737265
4,9656,0.004619737265
4,9657,0.004619737265
4,9658,0.004619737265
4,9659,0.004619737265
4,9660,0.004619737265
4,9661,0.004619737265
4,9662,0.004619737265
4,9663,0.004619737265
4,9664,0.004619737265
4,9665,0.004619737265
4,9666,0.004619737265
4,9667,0.004619737265
4,9668,0.004619737265
4,9669,0.004619737265
4,9670,0.004619737265
4,9671,0.004619737265
4,9672,0.004619737265
4,9673,0.004619737265
4,9674,0.004619737265
4,9675,0.004619737265
4,9676,0.004619737265
4,9677,0.004619737265
4,9678,0.004619737265
4,9679,0.004619737265
4,9680,0.004619737265
4,9681,0.004619737265
4,9682,0.004619737265
4,9683,0.004619737265
4,9684,0.004619737265
4,9685,0.004619737265
4,9686,0.004619737265
4,9687,0.004619737265
4,9688,0.004619737265
4,9689,0.004619737265
4,9690,0.004619737265
4,9691,0.004619737265
4,9692,0.004619737265
4,9693,0.004619737265
4,9694,0.004619737265
4,9695,0.004619737265
4,9696,0.004619737265
4,9697,0.004619737265
4,9698,0.004619737265
4,9699,0.004619737265
4,9700,0.004619737265
4,9701,0.004619737265
4,9702,0.004619737265
4,9703,0.004619737265
4,9704,0.004619737265
4,9705,0.004619737265
4,9706,0.004619737265
4,9707,0.004619737265
4,9708,0.004619737265
4,9709,0.004619737265
4,9710,0.004619737265
4,9711,0.004619737265
4,9712,0.004619737265
4,9713,0.004619737265
4,9714,0.004619737265
4,9715,0.004619737265
4,9716,0.004619737265
4,9717,0.004619737265
4,9718,0.004619737265
4,9719,0.004619737265
4,9720,0.004619737265
4,9721,0.004619737265
4,9722,0.004619737265
4,9723,0.004619737265
4,9724,0.004619737265
4,9725,0.004619737265
4,9726,0.004619737265
4,9727,0.004619737265
4,9728,0.004619737265
4,9729,0.004619737265
4,9730,0.004619737265
4,9731,0.004619737265
4,9732,0.004619737265
4,9733,0.004619737265
4,9734,0.004619737265
4,9735,0.004619737265
4,9736,0.004619737265
4,9737,0.004619737265
4,9738,0.004619737265
4,9739,0.004619737265
4,9740,0.004619737265
4,9741,0.004619737265
4,9742,0.004619737265
4,9743,0.004619737265
4,9744,0.004619737265
4,9745,0.004619737265
4,9746,0.004619737265
4,9747,0.004619737265
4,9748,0.004619737265
4,9749,0.004619737265
4,9750,0.004619737265
4,9751,0.004619737265
4,9752,0.004619737265
4,9753,0.004619737265
4,9754,0.004619737265
4,9755,0.004619737265
4,9756,0.004619737265
4,9757,0.004619737265
4,9758,0.004619737265
4,9759,0.004619737265
4,9760,0.004619737265
4,9761,0.004619737265
4,9762,0.004619737265
4,9763,0.004619737265
4,9764,0.004619737265
4,9765,0.004619737265
4,9766,0.004619737265
4,9767,0.004619737265
4,9768,0.004619737265
4,9769,0.004619737265
4,9770,0.004619737265
4,9771,0.004619737265
4,9772,0.004619737265
4,9773,0.004619737265
4,9774,0.004619737265
4,9775,0.004619737265
4,9776,0.004619737265
4,9777,0.004619737265
4,9778,0.004619737265
4,9779,0.004619737265
4,9780,0.004619737265
4,9781,0.004619737265
4,9782,0.004619737265
4,9783,0.004619737265
4,9784,0.004619737265
4,9785,0.004619737265
4,9786,0.004619737265
4,9787,0.004619737265
4,9788,0.004619737265
4,9789,0.004619737265
4,9790,0.004619737265
4,9791,0.004619737265
4,9792,0.004619737265
4,9793,0.004619737265
4,9794,0.004619737265
4,9795,0.004619737265
4,9796,0.004619737265
4,9797,0.004619737265
4,9798,0.004619737265
4,9799,0.004619737265
4,9800,0.004619737265
4,9801,0.004619737265
4,9802,0.004619737265
4,9803,0.004619737265
4,9804,0.004619737265
4,9805,0.004619737265
4,9806,0.004619737265
4,9807,0.004619737265
4,9808,0.004619737265
4,9809,0.004619737265
4,9810,0.004619737265
4,9811,0.004619737265
4,9812,0.004619737265
4,9813,0.004619737265
4,9814,0.004619737265
4,9815,0.004619737265
4,9816,0.004619737265
4,9817,0.004619737265
4,9818,0.004619737265
4,9819,0.004619737265
4,9820,0.004619737265
4,9821,0.004619737265
4,9822,0.004619737265
4,9823,0.004619737265
4,9824,0.004619737265
4,9825,0.004619737265
4,9826,0.004619737265
4,9827,0.004619737265
4,9828,0.004619737265
4,9829,0.004619737265
4,9830,0.004619737265
4,9831,0.004619737265
4,9832,0.004619737265
4,9833,0.004619737265
4,9834,0.004619737265
4,9835,0.004619737265
4,9836,0.004619737265
4,9837,0.004619737265
4,9838,0.004619737265
4,9839,0.004619737265
4,9840,0.004619737265
4,9841,0.004619737265
4,9842,0.004619737265
4,9843,0.004619737265
4,9844,0.004619737265
4,9845,0.004619737265
4,9846,0.004619737265
4,9847,0.004619737265
4,9848,0.004619737265
4,9849,0.004619737265
4,9850,0.004619737265
4,9851,0.004619737265
4,9852,0.004619737265
4,9853,0.004619737265
4,9854,0.004619737265
4,9855,0.004619737265
4,9856,0.004619737265
4,9857,0.004619737265
4,9858,0.004619737265
4,9859,0.004619737265
4,9860,0.004619737265
4,9861,0.004619737265
4,9862,0.004619737265
4,9863,0.004619737265
4,9864,0.004619737265
4,9865,0.004619737265
4,9866,0.004619737265
4,9867,0.004619737265
4,9868,0.004619737265
4,9869,0.004619737265
4,9870,0.004619737265
4,9871,0.004619737265
4,9872,0.004619737265
4,9873,0.004619737265
4,9874,0.004619737265
4,9875,0.004619737265
4,9876,0.004619737265
4,9877,0.004619737265
4,9878,0.004619737265
4,9879,0.004619737265
4,9880,0.004619737265
4,9881,0.004619737265
4,9882,0.004619737265
4,9883,0.004619737265
4,9884,0.004619737265
4,9885,0.004619737265
4,9886,0.004619737265
4,9887,0.004619737265
4,9888,0.004619737265
4,9889,0.004619737265
4,9890,0.004619737265
4,9891,0.004619737265
4,9892,0.004619737265
4,9893,0.004619737265
4,9894,0.004619737265
4,9895,0.004619737265
4,9896,0.004619737265
4,9897,0.004619737265
4,9898,0.004619737265
4,9899,0.004619737265
4,9900,0.004619737265
4,9901,0.004619737265
4,9902,0.004619737265
4,9903,0.004619737265
4,9904,0.004619737265
4,9905,0.004619737265
4,9906,0.004619737265
4,9907,0.004619737265
4,9908,0.004619737265
4,9909,0.004619737265
4,9910,0.004619737265
4,9911,0.004619737265
4,9912,0.004619737265
4,9913,0.004619737265
4,9914,0.004619737265
4,9915,0.004619737265
4,9916,0.004619737265
4,9917,0.004619737265
4,9918,0.004619737265
4,9919,0.004619737265
4,9920,0.004619737265
4,9921,0.004619737265
4,9922,0.004619737265
4,9923,0.004619737265
4,9924,0.004619737265
4,9925,0.004619737265
4,9926,0.004619737265
4,9927,0.004619737265
4,9928,0.004619737265
4,9929,0.004619737265
4,9930,0.004619737265
4,9931,0.004619737265
4,9932,0.004619737265
4,9933,0.004619737265
4,9934,0.004619737265
4,9935,0.004619737265
4,9936,0.004619737265
4,9937,0.004619737265
4,9938,0.004619737265
4,9939,0.004619737265
4,9940,0.004619737265
4,9941,0.004619737265
4,9942,0.004619737265
4,9943,0.004619737265
4,9944,0.004619737265
4,9945,0.004619737265
4,9946,0.004619737265
4,9947,0.004619737265
4,9948,0.004619737265
4,9949,0.004619737265
4,9950,0.004619737265
4,9951,0.004619737265
4,9952,0.004619737265
4,9953,0.004619737265
4,9954,0.004619737265
4,9955,0.004619737265
4,9956,0.004619737265
4,9957,0.004619737265
4,9958,0.004619737265
4,9959,0.004619737265
4,9960,0.004619737265
4,9961,0.004619737265
4,9962,0.004619737265
4,9963,0.004619737265
4,9964,0.004619737265
4,9965,0.004619737265
4,9966,0.004619737265
4,9967,0.004619737265
4,9968,0.004619737265
4,9969,0.004619737265
4,9970,0.004619737265
4,9971,0.004619737265
4,9972,0.004619737265
4,9973,0.004619737265
4,9974,0.004619737265
4,9975,0.004619737265
4,9976,0.004619737265
4,9977,0.004619737265
4,9978,0.004619737265
4,9979,0.004619737265
4,9980,0.004619737265
4,9981,0.004619737265
4,9982,0.004619737265
4,9983,0.004619737265
4,9984,0.004619737265
4,9985,0.004619737265
4,9986,0.004619737265
4,9987,0.004619737265
4,9988,0.004619737265
4,9989,0.004619737265
4,9990,0.004619737265
4,9991,0.004619737265
4,9992,0.004619737265
4,9993,0.004619737265
4,9994,0.004619737265
4,9995,0.004619737265
4,9996,0.004619737265
4,9997,0.004619737265
4,9998,0.004619737265
4,9999,0.004619737265
4,10000,0.004619737265
5,1,0.496875000000
5,2,0.344201859128
5,3,0.286350956073
5,4,0.259000150913
5,5,0.241786742204
5,6,0.228246391913
5,7,0.216309903547
5,8,0.205298910012
5,9,0.194976050729
5,10,0.185244633756
5,11,0.176053622012
5,12,0.167367531891
5,13,0.159156856026
5,14,0.151394977658
5,15,0.144057140366
5,16,0.137120070541
5,17,0.130561809062
5,18,0.124361611777
5,19,0.118499874278
5,20,0.112958066744
5,21,0.107718674245
5,22,0.102765140895
5,23,0.098081817267
5,24,0.093653910729
5,25,0.089467438533
5,26,0.085509183471
5,27,0.081766651959
5,28,0.078228034423
5,29,0.074882167847
5,30,0.071718500377
5,31,0.068727057857
5,32,0.065898412207
5,33,0.063223651520
5,34,0.060694351804
5,35,0.058302550270
5,36,0.056040720082
5,37,0.053901746488
5,38,0.051878904258
5,39,0.049965836362
5,40,0.048156533807
5,41,0.046445316583
5,42,0.044826815656
5,43,0.043295955936
5,44,0.041847940190
5,45,0.040478233825
5,46,0.039182550510
5,47,0.037956838587
5,48,0.036797268219
5,49,0.035700219246
5,50,0.034662269708
5,51,0.033680184992
5,52,0.032750907574
5,53,0.031871547327
5,54,0.031039372351
5,55,0.030251800316
5,56,0.029506390268
5,57,0.028800834895
5,58,0.028132953203
5,59,0.027500683604
5,60,0.026902077381
5,61,0.026335292505
5,62,0.025798587792
5,63,0.025290317389
5,64,0.024808925548
5,65,0.024352941695
5,66,0.023920975769
5,67,0.023511713811
5,68,0.023123913799
5,69,0.022756401708
5,70,0.022408067790
5,71,0.022077863053
5,72,0.021764795935
5,73,0.021467929159
5,74,0.021186376763
5,75,0.020919301289
5,76,0.020665911126
5,77,0.020425458006
5,78,0.020197234622
5,79,0.019980572393
5,80,0.019774839340
5,81,0.019579438083
5,82,0.019393803949
5,83,0.019217403175
5,84,0.019049731224
5,85,0.018890311177
5,86,0.018738692229
5,87,0.018594448251
5,88,0.018457176446
5,89,0.018326496067
5,90,0.018202047211
5,91,0.018083489680
5,92,0.017970501899
5,93,0.017862779899
5,94,0.017760036351
5,95,0.017661999656
5,96,0.017568413083
5,97,0.017479033959
5,98,0.017393632891
5,99,0.017311993049
5,100,0.017233909469
5,101,0.017159188410
5,102,0.017087646736
5,103,0.017019111338
5,104,0.016953418582
5,105,0.016890413791
5,106,0.016829950758
5,107,0.016771891278
5,108,0.016716104711
5,109,0.016662467570
5,110,0.016610863126
5,111,0.016561181042
5,112,0.016513317018
5,113,0.016467172467
5,114,0.016422654194
5,115,0.016379674108
5,116,0.016338148941
5,117,0.016297999981
5,118,0.016259152824
5,119,0.016221537140
5,120,0.016185086447
5,121,0.016149737904
5,122,0.016115432108
5,123,0.016082112906
5,124,0.016049727220
5,125,0.016018224878
5,126,0.015987558452
5,127,0.015957683110
5,128,0.015928556474
5,129,0.015900138485
5,130,0.015872391275
5,131,0.015845279051
5,132,0.015818767976
5,133,0.015792826066
5,134,0.015767423086
5,135,0.015742530457
5,136,0.015718121162
5,137,0.015694169663
5,138,0.015670651820
5,139,0.015647544811
5,140,0.015624827067
5,141,0.015602478193
5,142,0.015580478915
5,143,0.015558811011
5,144,0.015537457255
5,145,0.015516401365
5,146,0.015495627947
5,147,0.015475122450
5,148,0.015454871121
5,149,0.015434860955
5,150,0.015415079661
5,151,0.015395515618
5,152,0.015376157842
5,153,0.015356995949
5,154,0.015338020120
5,155,0.015319221077
5,156,0.015300590046
5,157,0.015282118734
5,158,0.015263799299
5,159,0.015245624329
5,160,0.015227586817
5,161,0.015209680138
5,162,0.015191898028
5,163,0.015174234568
5,164,0.015156684159
5,165,0.015139241508
5,166,0.015121901612
5,167,0.015104659742
5,168,0.015087511423
5,169,0.015070452428
5,170,0.015053478759
5,171,0.015036586635
5,172,0.015019772483
5,173,0.015003032923
5,174,0.014986364761
5,175,0.014969764974
5,176,0.014953230707
5,177,0.014936759257
5,178,0.014920348072
5,179,0.014903994734
5,180,0.014887696961
5,181,0.014871452592
5,182,0.014855259585
5,183,0.014839116008
5,184,0.014823020034
5,185,0.014806969935
5,186,0.014790964078
5,187,0.014775000916
5,188,0.014759078987
5,189,0.014743196910
5,190,0.014727353376
5,191,0.014711547148
5,192,0.014695777055
5,193,0.014680041990
5,194,0.014664340905
5,195,0.014648672810
5,196,0.014633036766
5,197,0.014617431886
5,198,0.014601857331
5,199,0.014586312306
5,200,0.014570796058
5,201,0.014555307876
5,202,0.014539847087
5,203,0.014524413053
5,204,0.014509005169
5,205,0.014493622864
5,206,0.014478265598
5,207,0.014462932857
5,208,0.014447624157
5,209,0.014432339037
5,210,0.014417077063
5,211,0.014401837822
5,212,0.014386620923
5,213,0.014371425995
5,214,0.014356252689
5,215,0.014341100672
5,216,0.014325969627
5,217,0.014310859257
5,218,0.014295769278
5,219,0.014280699422
5,220,0.014265649432
5,221,0.014250619068
5,222,0.014235608099
5,223,0.014220616309
5,224,0.014205643489
5,225,0.014190689444
5,226,0.014175753988
5,227,0.014160836942
5,228,0.014145938140
5,229,0.014131057419
5,230,0.014116194630
5,231,0.014101349626
5,232,0.014086522270
5,233,0.014071712431
5,234,0.014056919985
5,235,0.014042144813
5,236,0.014027386801
5,237,0.014012645841
5,238,0.013997921832
5,239,0.013983214675
5,240,0.013968524276
5,241,0.013953850546
5,242,0.013939193400
5,243,0.013924552756
5,244,0.013909928537
5,245,0.013895320668
5,246,0.013880729078
5,247,0.013866153698
5,248,0.013851594464
5,249,0.013837051312
5,250,0.013822524182
5,251,0.013808013018
5,252,0.013793517763
5,253,0.013779038364
5,254,0.013764574770
5,255,0.013750126932
5,256,0.013735694803
5,257,0.013721278337
5,258,0.013706877490
5,259,0.013692492219
5,260,0.013678122485
5,261,0.013663768246
5,262,0.013649429465
5,263,0.013635106105
5,264,0.013620798130
5,265,0.013606505505
5,266,0.013592228196
5,267,0.013577966172
5,268,0.013563719400
5,269,0.013549487849
5,270,0.013535271490
5,271,0.013521070293
5,272,0.013506884229
5,273,0.013492713272
5,274,0.013478557394
5,275,0.013464416568
5,276,0.013450290769
5,277,0.013436179971
5,278,0.013422084151
5,279,0.013408003283
5,280,0.013393937344
5,281,0.013379886311
5,282,0.013365850160
5,283,0.013351828871
5,284,0.013337822420
5,285,0.013323830786
5,286,0.013309853948
5,287,0.013295891885
5,288,0.013281944576
5,289,0.013268012001
5,290,0.013254094140
5,291,0.013240190973
5,292,0.013226302481
5,293,0.013212428644
5,294,0.013198569444
5,295,0.013184724862
5,296,0.013170894878
5,297,0.013157079475
5,298,0.013143278635
5,299,0.013129492339
5,300,0.013115720569
5,301,0.013101963309
5,302,0.013088220539
5,303,0.013074492244
5,304,0.013060778405
5,305,0.013047079005
5,306,0.013033394029
5,307,0.013019723457
5,308,0.013006067274
5,309,0.012992425464
5,310,0.012978798009
5,311,0.012965184893
5,312,0.012951586100
5,313,0.012938001613
5,314,0.012924431416
5,315,0.012910875493
5,316,0.012897333829
5,317,0.012883806406
5,318,0.012870293210
5,319,0.012856794224
5,320,0.012843309432
5,321,0.012829838820
5,322,0.012816382370
5,323,0.012802940068
5,324,0.012789511899
5,325,0.012776097846
5,326,0.012762697894
5,327,0.012749312028
5,328,0.012735940232
5,329,0.012722582491
5,330,0.012709238791
5,331,0.012695909115
5,332,0.012682593449
5,333,0.012669291777
5,334,0.012656004085
5,335,0.012642730357
5,336,0.012629470579
5,337,0.012616224734
5,338,0.012602992810
5,339,0.012589774789
5,340,0.012576570658
5,341,0.012563380403
5,342,0.012550204007
5,343,0.012537041456
5,344,0.012523892736
5,345,0.012510757831
5,346,0.012497636727
5,347,0.012484529410
5,348,0.012471435864
5,349,0.012458356075
5,350,0.012445290029
5,351,0.012432237710
5,352,0.012419199105
5,353,0.012406174199
5,354,0.012393162976
5,355,0.012380165424
5,356,0.012367181526
5,357,0.012354211270
5,358,0.012341254640
5,359,0.012328311621
5,360,0.012315382201
5,361,0.012302466363
5,362,0.012289564095
5,363,0.012276675381
5,364,0.012263800207
5,365,0.012250938559
5,366,0.012238090423
5,367,0.012225255784
5,368,0.012212434629
5,369,0.012199626942
5,370,0.012186832710
5,371,0.012174051919
5,372,0.012161284554
5,373,0.012148530601
5,374,0.012135790047
5,375,0.012123062877
5,376,0.012110349076
5,377,0.012097648632
5,378,0.012084961529
5,379,0.012072287754
5,380,0.012059627292
5,381,0.012046980131
5,382,0.012034346255
5,383,0.012021725651
5,384,0.012009118304
5,385,0.011996524202
5,386,0.011983943329
5,387,0.011971375672
5,388,0.011958821218
5,389,0.011946279951
5,390,0.011933751859
5,391,0.011921236927
5,392,0.011908735142
5,393,0.011896246490
5,394,0.011883770957
5,395,0.011871308529
5,396,0.011858859192
5,397,0.011846422933
5,398,0.011833999738
5,399,0.011821589593
5,400,0.011809192485
5,401,0.011796808399
5,402,0.011784437322
5,403,0.011772079241
5,404,0.011759734142
5,405,0.011747402010
5,406,0.011735082833
5,407,0.011722776597
5,408,0.011710483288
5,409,0.011698202893
5,410,0.011685935398
5,411,0.011673680789
5,412,0.011661439054
5,413,0.011649210178
5,414,0.011636994148
5,415,0.011624790950
5,416,0.011612600571
5,417,0.011600422998
5,418,0.011588258217
5,419,0.011576106214
5,420,0.011563966977
5,421,0.011551840491
5,422,0.011539726744
5,423,0.011527625722
5,424,0.011515537411
5,425,0.011503461799
5,426,0.011491398872
5,427,0.011479348616
5,428,0.011467311018
5,429,0.011455286066
5,430,0.011443273745
5,431,0.011431274043
5,432,0.011419286945
5,433,0.011407312440
5,434,0.011395350513
5,435,0.011383401152
5,436,0.011371464343
5,437,0.011359540074
5,438,0.011347628330
5,439,0.011335729099
5,440,0.011323842367
5,441,0.011311968122
5,442,0.011300106351
5,443,0.011288257040
5,444,0.011276420176
5,445,0.011264595746
5,446,0.011252783737
5,447,0.011240984136
5,448,0.011229196930
5,449,0.011217422106
5,450,0.011205659650
5,451,0.011193909551
5,452,0.011182171795
5,453,0.011170446369
5,454,0.011158733260
5,455,0.011147032454
5,456,0.011135343941
5,457,0.011123667705
5,458,0.011112003735
5,459,0.011100352017
5,460,0.011088712539
5,461,0.011077085287
5,462,0.011065470250
5,463,0.011053867413
5,464,0.011042276765
5,465,0.011030698292
5,466,0.011019131982
5,467,0.011007577822
5,468,0.010996035799
5,469,0.010984505900
5,470,0.010972988113
5,471,0.010961482425
5,472,0.010949988823
5,473,0.010938507295
5,474,0.010927037827
5,475,0.010915580408
5,476,0.010904135024
5,477,0.010892701663
5,478,0.010881280312
5,479,0.010869870959
5,480,0.010858473591
5,481,0.010847088195
5,482,0.010835714759
5,483,0.010824353270
5,484,0.010813003716
5,485,0.010801666085
5,486,0.010790340363
5,487,0.010779026538
5,488,0.010767724598
5,489,0.010756434530
5,490,0.010745156321
5,491,0.010733889960
5,492,0.010722635434
5,493,0.010711392730
5,494,0.010700161836
5,495,0.010688942740
5,496,0.010677735429
5,497,0.010666539890
5,498,0.010655356112
5,499,0.010644184082
5,500,0.010633023788
5,501,0.010621875217
5,502,0.010610738357
5,503,0.010599613196
5,504,0.010588499722
5,505,0.010577397921
5,506,0.010566307783
5,507,0.010555229294
5,508,0.010544162443
5,509,0.010533107217
5,510,0.010522063604
5,511,0.010511031592
5,512,0.010500011168
5,513,0.010489002321
5,514,0.010478005038
5,515,0.010467019307
5,516,0.010456045117
5,517,0.010445082454
5,518,0.010434131307
5,519,0.010423191664
5,520,0.010412263512
5,521,0.010401346840
5,522,0.010390441635
5,523,0.010379547886
5,524,0.010368665580
5,525,0.010357794706
5,526,0.010346935251
5,527,0.010336087203
5,528,0.010325250550
5,529,0.010314425281
5,530,0.010303611384
5,531,0.010292808846
5,532,0.010282017656
5,533,0.010271237801
5,534,0.010260469270
5,535,0.010249712051
5,536,0.010238966132
5,537,0.010228231500
5,538,0.010217508146
5,539,0.010206796055
5,540,0.010196095217
5,541,0.010185405620
5,542,0.010174727252
5,543,0.010164060101
5,544,0.010153404155
5,545,0.010142759403
5,546,0.010132125833
5,547,0.010121503433
5,548,0.010110892191
5,549,0.010100292096
5,550,0.010089703136
5,551,0.010079125299
5,552,0.010068558573
5,553,0.010058002948
5,554,0.010047458410
5,555,0.010036924950
5,556,0.010026402554
5,557,0.010015891211
5,558,0.010005390910
5,559,0.009994901639
5,560,0.009984423387
5,561,0.009973956142
5,562,0.009963499892
5,563,0.009953054625
5,564,0.009942620332
5,565,0.009932196998
5,566,0.009921784614
5,567,0.009911383168
5,568,0.009900992648
5,569,0.009890613043
5,570,0.009880244341
5,571,0.009869886531
5,572,0.009859539602
5,573,0.009849203541
5,574,0.009838878338
5,575,0.009828563981
5,576,0.009818260459
5,577,0.009807967761
5,578,0.009797685874
5,579,0.009787414788
5,580,0.009777154491
5,581,0.009766904972
5,582,0.009756666220
5,583,0.009746438224
5,584,0.009736220971
5,585,0.009726014451
5,586,0.009715818653
5,587,0.009705633564
5,588,0.009695459175
5,589,0.009685295474
5,590,0.009675142449
5,591,0.009665000089
5,592,0.009654868383
5,593,0.009644747321
5,594,0.009634636890
5,595,0.009624537079
5,596,0.009614447878
5,597,0.009604369275
5,598,0.009594301260
5,599,0.009584243820
5,600,0.009574196945
5,601,0.009564160624
5,602,0.009554134846
5,603,0.009544119599
5,604,0.009534114873
5,605,0.009524120657
5,606,0.009514136939
5,607,0.009504163708
5,608,0.009494200954
5,609,0.009484248665
5,610,0.009474306831
5,611,0.009464375440
5,612,0.009454454481
5,613,0.009444543944
5,614,0.009434643818
5,615,0.009424754091
5,616,0.009414874753
5,617,0.009405005793
5,618,0.009395147200
5,619,0.009385298962
5,620,0.009375461070
5,621,0.009365633512
5,622,0.009355816278
5,623,0.009346009356
5,624,0.009336212736
5,625,0.009326426406
5,626,0.009316650357
5,627,0.009306884577
5,628,0.009297129056
5,629,0.009287383782
5,630,0.009277648746
5,631,0.009267923935
5,632,0.009258209340
5,633,0.009248504950
5,634,0.009238810754
5,635,0.009229126741
5,636,0.009219452900
5,637,0.009209789222
5,638,0.009200135695
5,639,0.009190492308
5,640,0.009180859052
5,641,0.009171235915
5,642,0.009161622886
5,643,0.009152019956
5,644,0.009142427112
5,645,0.009132844346
5,646,0.009123271646
5,647,0.009113709002
5,648,0.009104156403
5,649,0.009094613838
5,650,0.009085081298
5,651,0.009075558771
5,652,0.009066046247
5,653,0.009056543715
5,654,0.009047051165
5,655,0.009037568587
5,656,0.009028095970
5,657,0.009018633304
5,658,0.009009180577
5,659,0.008999737781
5,660,0.008990304903
5,661,0.008980881934
5,662,0.008971468864
5,663,0.008962065682
5,664,0.008952672377
5,665,0.008943288940
5,666,0.008933915359
5,667,0.008924551625
5,668,0.008915197727
5,669,0.008905853655
5,670,0.008896519399
5,671,0.008887194947
5,672,0.008877880291
5,673,0.008868575419
5,674,0.008859280322
5,675,0.008849994989
5,676,0.008840719409
5,677,0.008831453573
5,678,0.008822197471
5,679,0.008812951091
5,680,0.008803714425
5,681,0.008794487461
5,682,0.008785270190
5,683,0.008776062601
5,684,0.008766864684
5,685,0.008757676429
5,686,0.008748497826
5,687,0.008739328865
5,688,0.008730169535
5,689,0.008721019827
5,690,0.008711879730
5,691,0.008702749234
5,692,0.008693628330
5,693,0.008684517007
5,694,0.008675415254
5,695,0.008666323063
5,696,0.008657240423
5,697,0.008648167323
5,698,0.008639103755
5,699,0.008630049707
5,700,0.008621005170
5,701,0.008611970134
5,702,0.008602944589
5,703,0.008593928525
5,704,0.008584921932
5,705,0.008575924799
5,706,0.008566937118
5,707,0.008557958878
5,708,0.008548990070
5,709,0.008540030682
5,710,0.008531080706
5,711,0.008522140132
5,712,0.008513208949
5,713,0.008504287148
5,714,0.008495374719
5,715,0.008486471653
5,716,0.008477577938
5,717,0.008468693566
5,718,0.008459818526
5,719,0.008450952810
5,720,0.008442096406
5,721,0.008433249306
5,722,0.008424411499
5,723,0.008415582975
5,724,0.008406763726
5,725,0.008397953741
5,726,0.008389153011
5,727,0.008380361525
5,728,0.008371579274
5,729,0.008362806249
5,730,0.008354042439
5,731,0.008345287836
5,732,0.008336542428
5,733,0.008327806208
5,734,0.008319079164
5,735,0.008310361288
5,736,0.008301652569
5,737,0.008292952999
5,738,0.008284262567
5,739,0.008275581264
5,740,0.008266909080
5,741,0.008258246006
5,742,0.008249592032
5,743,0.008240947149
5,744,0.008232311347
5,745,0.008223684616
5,746,0.008215066947
5,747,0.008206458331
5,748,0.008197858758
5,749,0.008189268218
5,750,0.008180686702
5,751,0.008172114201
5,752,0.008163550705
5,753,0.008154996204
5,754,0.008146450690
5,755,0.008137914152
5,756,0.008129386581
5,757,0.008120867968
5,758,0.008112358304
5,759,0.008103857579
5,760,0.008095365783
5,761,0.008086882907
5,762,0.008078408943
5,763,0.008069943880
5,764,0.008061487709
5,765,0.008053040421
5,766,0.008044602006
5,767,0.008036172456
5,768,0.008027751760
5,769,0.008019339910
5,770,0.008010936896
5,771,0.008002542709
5,772,0.007994157340
5,773,0.007985780780
5,774,0.007977413018
5,775,0.007969054047
5,776,0.007960703856
5,777,0.007952362437
5,778,0.007944029780
5,779,0.007935705876
5,780,0.007927390716
5,781,0.007919084291
5,782,0.007910786591
5,783,0.007902497608
5,784,0.007894217332
5,785,0.007885945754
5,786,0.007877682865
5,787,0.007869428655
5,788,0.007861183116
5,789,0.007852946239
5,790,0.007844718015
5,791,0.007836498433
5,792,0.007828287486
5,793,0.007820085164
5,794,0.007811891459
5,795,0.007803706360
5,796,0.007795529860
5,797,0.007787361949
5,798,0.007779202617
5,799,0.007771051857
5,800,0.007762909659
5,801,0.007754776013
5,802,0.007746650912
5,803,0.007738534346
5,804,0.007730426306
5,805,0.007722326783
5,806,0.007714235768
5,807,0.007706153252
5,808,0.007698079227
5,809,0.007690013683
5,810,0.007681956612
5,811,0.007673908004
5,812,0.007665867851
5,813,0.007657836143
5,814,0.007649812873
5,815,0.007641798031
5,816,0.007633791608
5,817,0.007625793595
5,818,0.007617803984
5,819,0.007609822766
5,820,0.007601849931
5,821,0.007593885472
5,822,0.007585929379
5,823,0.007577981644
5,824,0.007570042257
5,825,0.007562111210
5,826,0.007554188494
5,827,0.007546274101
5,828,0.007538368022
5,829,0.007530470247
5,830,0.007522580769
5,831,0.007514699579
5,832,0.007506826667
5,833,0.007498962025
5,834,0.007491105645
5,835,0.007483257517
5,836,0.007475417634
5,837,0.007467585986
5,838,0.007459762565
5,839,0.007451947362
5,840,0.007444140369
5,841,0.007436341576
5,842,0.007428550976
5,843,0.007420768559
5,844,0.007412994318
5,845,0.007405228243
5,846,0.007397470326
5,847,0.007389720558
5,848,0.007381978931
5,849,0.007374245436
5,850,0.007366520065
5,851,0.007358802809
5,852,0.007351093660
5,853,0.007343392609
5,854,0.007335699647
5,855,0.007328014767
5,856,0.007320337959
5,857,0.007312669215
5,858,0.007305008527
5,859,0.007297355886
5,860,0.007289711284
5,861,0.007282074712
5,862,0.007274446163
5,863,0.007266825626
5,864,0.007259213095
5,865,0.007251608560
5,866,0.007244012013
5,867,0.007236423447
5,868,0.007228842851
5,869,0.007221270219
5,870,0.007213705542
5,871,0.007206148811
5,872,0.007198600017
5,873,0.007191059154
5,874,0.007183526212
5,875,0.007176001183
5,876,0.007168484058
5,877,0.007160974830
5,878,0.007153473490
5,879,0.007145980030
5,880,0.007138494442
5,881,0.007131016716
5,882,0.007123546846
5,883,0.007116084823
5,884,0.007108630638
5,885,0.007101184283
5,886,0.007093745750
5,887,0.007086315032
5,888,0.007078892118
5,889,0.007071477003
5,890,0.007064069676
5,891,0.007056670131
5,892,0.007049278358
5,893,0.007041894351
5,894,0.007034518099
5,895,0.007027149596
5,896,0.007019788834
5,897,0.007012435804
5,898,0.007005090497
5,899,0.006997752907
5,900,0.006990423024
5,901,0.006983100841
5,902,0.006975786350
5,903,0.006968479542
5,904,0.006961180410
5,905,0.006953888945
5,906,0.006946605139
5,907,0.006939328985
5,908,0.006932060474
5,909,0.006924799599
5,910,0.006917546350
5,911,0.006910300721
5,912,0.006903062703
5,913,0.006895832288
5,914,0.006888609468
5,915,0.006881394236
5,916,0.006874186583
5,917,0.006866986501
5,918,0.006859793983
5,919,0.006852609020
5,920,0.006845431604
5,921,0.006838261728
5,922,0.006831099384
5,923,0.006823944563
5,924,0.006816797258
5,925,0.006809657462
5,926,0.006802525165
5,927,0.006795400360
5,928,0.006788283040
5,929,0.006781173196
5,930,0.006774070820
5,931,0.006766975906
5,932,0.006759888444
5,933,0.006752808427
5,934,0.006745735848
5,935,0.006738670698
5,936,0.006731612969
5,937,0.006724562654
5,938,0.006717519746
5,939,0.006710484236
5,940,0.006703456116
5,941,0.006696435379
5,942,0.006689422016
5,943,0.006682416022
5,944,0.006675417386
5,945,0.006668426102
5,946,0.006661442163
5,947,0.006654465559
5,948,0.006647496285
5,949,0.006640534331
5,950,0.006633579690
5,951,0.006626632355
5,952,0.006619692318
5,953,0.006612759571
5,954,0.006605834106
5,955,0.006598915917
5,956,0.006592004994
5,957,0.006585101332
5,958,0.006578204921
5,959,0.006571315755
5,960,0.006564433825
5,961,0.006557559124
5,962,0.006550691646
5,963,0.006543831381
5,964,0.006536978322
5,965,0.006530132462
5,966,0.006523293794
5,967,0.006516462309
5,968,0.006509638001
5,969,0.006502820861
5,970,0.006496010882
5,971,0.006489208057
5,972,0.006482412378
5,973,0.006475623837
5,974,0.006468842427
5,975,0.006462068141
5,976,0.006455300971
5,977,0.006448540910
5,978,0.006441787950
5,979,0.006435042083
5,980,0.006428303303
5,981,0.006421571602
5,982,0.006414846972
5,983,0.006408129405
5,984,0.006401418896
5,985,0.006394715435
5,986,0.006388019016
5,987,0.006381329631
5,988,0.006374647274
5,989,0.006367971935
5,990,0.006361303609
5,991,0.006354642288
5,992,0.006347987964
5,993,0.006341340630
5,994,0.006334700279
5,995,0.006328066903
5,996,0.006321440496
5,997,0.006314821049
5,998,0.006308208555
5,999,0.006301603008
5,1000,0.006295004399
5,1001,0.006288412722
5,1002,0.006281827970
5,1003,0.006275250134
5,1004,0.006268679208
5,1005,0.006262115184
5,1006,0.006255558056
5,1007,0.006249007815
5,1008,0.006242464456
5,1009,0.006235927970
5,1010,0.006229398350
5,1011,0.006222875589
5,1012,0.006216359680
5,1013,0.006209850616
5,1014,0.006203348389
5,1015,0.006196852993
5,1016,0.006190364419
5,1017,0.006183882662
5,1018,0.006177407713
5,1019,0.006170939566
5,1020,0.006164478214
5,1021,0.006158023649
5,1022,0.006151575864
5,1023,0.006145134852
5,1024,0.006138700606
5,1025,0.006132273119
5,1026,0.006125852384
5,1027,0.006119438394
5,1028,0.006113031141
5,1029,0.006106630619
5,1030,0.006100236820
5,1031,0.006093849737
5,1032,0.006087469364
5,1033,0.006081095693
5,1034,0.006074728718
5,1035,0.006068368431
5,1036,0.006062014824
5,1037,0.006055667893
5,1038,0.006049327628
5,1039,0.006042994023
5,1040,0.006036667072
5,1041,0.006030346766
5,1042,0.006024033100
5,1043,0.006017726066
5,1044,0.006011425658
5,1045,0.006005131868
5,1046,0.005998844689
5,1047,0.005992564114
5,1048,0.005986290137
5,1049,0.005980022750
5,1050,0.005973761947
5,1051,0.005967507721
5,1052,0.005961260065
5,1053,0.005955018971
5,1054,0.005948784433
5,1055,0.005942556445
5,1056,0.005936334999
5,1057,0.005930120088
5,1058,0.005923911705
5,1059,0.005917709844
5,1060,0.005911514498
5,1061,0.005905325660
5,1062,0.005899143323
5,1063,0.005892967480
5,1064,0.005886798125
5,1065,0.005880635250
5,1066,0.005874478849
5,1067,0.005868328915
5,1068,0.005862185442
5,1069,0.005856048422
5,1070,0.005849917848
5,1071,0.005843793715
5,1072,0.005837676014
5,1073,0.005831564740
5,1074,0.005825459885
5,1075,0.005819361444
5,1076,0.005813269408
5,1077,0.005807183772
5,1078,0.005801104529
5,1079,0.005795031671
5,1080,0.005788965193
5,1081,0.005782905087
5,1082,0.005776851348
5,1083,0.005770803967
5,1084,0.005764762939
5,1085,0.005758728257
5,1086,0.005752699914
5,1087,0.005746677903
5,1088,0.005740662218
5,1089,0.005734652853
5,1090,0.005728649800
5,1091,0.005722653053
5,1092,0.005716662605
5,1093,0.005710678450
5,1094,0.005704700581
5,1095,0.005698728992
5,1096,0.005692763675
5,1097,0.005686804625
5,1098,0.005680851835
5,1099,0.005674905297
5,1100,0.005668965006
5,1101,0.005663030956
5,1102,0.005657103138
5,1103,0.005651181548
5,1104,0.005645266178
5,1105,0.005639357021
5,1106,0.005633454072
5,1107,0.005627557324
5,1108,0.005621666770
5,1109,0.005615782404
5,1110,0.005609904219
5,1111,0.005604032209
5,1112,0.005598166367
5,1113,0.005592306687
5,1114,0.005586453162
5,1115,0.005580605787
5,1116,0.005574764553
5,1117,0.005568929456
5,1118,0.005563100488
5,1119,0.005557277643
5,1120,0.005551460914
5,1121,0.005545650296
5,1122,0.005539845782
5,1123,0.005534047365
5,1124,0.005528255039
5,1125,0.005522468798
5,1126,0.005516688635
5,1127,0.005510914543
5,1128,0.005505146517
5,1129,0.005499384551
5,1130,0.005493628636
5,1131,0.005487878769
5,1132,0.005482134941
5,1133,0.005476397146
5,1134,0.005470665379
5,1135,0.005464939633
5,1136,0.005459219902
5,1137,0.005453506179
5,1138,0.005447798458
5,1139,0.005442096733
5,1140,0.005436400997
5,1141,0.005430711244
5,1142,0.005425027468
5,1143,0.005419349662
5,1144,0.005413677821
5,1145,0.005408011938
5,1146,0.005402352007
5,1147,0.005396698021
5,1148,0.005391049974
5,1149,0.005385407861
5,1150,0.005379771674
5,1151,0.005374141408
5,1152,0.005368517056
5,1153,0.005362898612
5,1154,0.005357286070
5,1155,0.005351679424
5,1156,0.005346078667
5,1157,0.005340483794
5,1158,0.005334894798
5,1159,0.005329311673
5,1160,0.005323734412
5,1161,0.005318163011
5,1162,0.005312597462
5,1163,0.005307037759
5,1164,0.005301483896
5,1165,0.005295935868
5,1166,0.005290393667
5,1167,0.005284857289
5,1168,0.005279326726
5,1169,0.005273801972
5,1170,0.005268283022
5,1171,0.005262769870
5,1172,0.005257262509
5,1173,0.005251760933
5,1174,0.005246265136
5,1175,0.005240775112
5,1176,0.005235290856
5,1177,0.005229812360
5,1178,0.005224339619
5,1179,0.005218872627
5,1180,0.005213411378
5,1181,0.005207955866
5,1182,0.005202506085
5,1183,0.005197062028
5,1184,0.005191623690
5,1185,0.005186191065
5,1186,0.005180764146
5,1187,0.005175342928
5,1188,0.005169927405
5,1189,0.005164517571
5,1190,0.005159113419
5,1191,0.005153714945
5,1192,0.005148322141
5,1193,0.005142935002
5,1194,0.005137553522
5,1195,0.005132177695
5,1196,0.005126807515
5,1197,0.005121442976
5,1198,0.005116084072
5,1199,0.005110730798
5,1200,0.005105383147
5,1201,0.005100041114
5,1202,0.005094704692
5,1203,0.005089373875
5,1204,0.005084048659
5,1205,0.005078729036
5,1206,0.005073415002
5,1207,0.005068106550
5,1208,0.005062803673
5,1209,0.005057506368
5,1210,0.005052214627
5,1211,0.005046928444
5,1212,0.005041647815
5,1213,0.005036372732
5,1214,0.005031103191
5,1215,0.005025839186
5,1216,0.005020580709
5,1217,0.005015327757
5,1218,0.005010080323
5,1219,0.005004838401
5,1220,0.004999601985
5,1221,0.004994371070
5,1222,0.004989145649
5,1223,0.004983925718
5,1224,0.004978711270
5,1225,0.004973502300
5,1226,0.004968298801
5,1227,0.004963100769
5,1228,0.004957908196
5,1229,0.004952721079
5,1230,0.004947539410
5,1231,0.004942363184
5,1232,0.004937192396
5,1233,0.004932027039
5,1234,0.004926867108
5,1235,0.004921712598
5,1236,0.004916563502
5,1237,0.004911419815
5,1238,0.004906281531
5,1239,0.004901148645
5,1240,0.004896021151
5,1241,0.004890899043
5,1242,0.004885782315
5,1243,0.004880670963
5,1244,0.004875564979
5,1245,0.004870464359
5,1246,0.004865369097
5,1247,0.004860279188
5,1248,0.004855194625
5,1249,0.004850115403
5,1250,0.004845041517
5,1251,0.004839972961
5,1252,0.004834909729
5,1253,0.004829851815
5,1254,0.004824799215
5,1255,0.004819751922
5,1256,0.004814709932
5,1257,0.004809673237
5,1258,0.004804641834
5,1259,0.004799615715
5,1260,0.004794594877
5,1261,0.004789579312
5,1262,0.004784569017
5,1263,0.004779563984
5,1264,0.004774564209
5,1265,0.004769569686
5,1266,0.004764580409
5,1267,0.004759596374
5,1268,0.004754617574
5,1269,0.004749644003
5,1270,0.004744675658
5,1271,0.004739712531
5,1272,0.004734754618
5,1273,0.004729801914
5,1274,0.004724854411
5,1275,0.004719912106
5,1276,0.004714974992
5,1277,0.004710043065
5,1278,0.004705116319
5,1279,0.004700194747
5,1280,0.004695278346
5,1281,0.004690367109
5,1282,0.004685461031
5,1283,0.004680560107
5,1284,0.004675664331
5,1285,0.004670773698
5,1286,0.004665888202
5,1287,0.004661007838
5,1288,0.004656132601
5,1289,0.004651262485
5,1290,0.004646397485
5,1291,0.004641537595
5,1292,0.004636682810
5,1293,0.004631833126
5,1294,0.004626988535
5,1295,0.004622149033
5,1296,0.004617314616
5,1297,0.004612485276
5,1298,0.004607661010
5,1299,0.004602841811
5,1300,0.004598027674
5,1301,0.004593218595
5,1302,0.004588414567
5,1303,0.004583615586
5,1304,0.004578821646
5,1305,0.004574032742
5,1306,0.004569248868
5,1307,0.004564470019
5,1308,0.004559696191
5,1309,0.004554927377
5,1310,0.004550163572
5,1311,0.004545404772
5,1312,0.004540650970
5,1313,0.004535902163
5,1314,0.004531158343
5,1315,0.004526419507
5,1316,0.004521685649
5,1317,0.004516956763
5,1318,0.004512232845
5,1319,0.004507513889
5,1320,0.004502799890
5,1321,0.004498090844
5,1322,0.004493386743
5,1323,0.004488687584
5,1324,0.004483993362
5,1325,0.004479304070
5,1326,0.004474619705
5,1327,0.004469940260
5,1328,0.004465265730
5,1329,0.004460596111
5,1330,0.004455931398
5,1331,0.004451271584
5,1332,0.004446616665
5,1333,0.004441966636
5,1334,0.004437321492
5,1335,0.004432681227
5,1336,0.004428045837
5,1337,0.004423415316
5,1338,0.004418789658
5,1339,0.004414168861
5,1340,0.004409552917
5,1341,0.004404941821
5,1342,0.004400335570
5,1343,0.004395734157
5,1344,0.004391137578
5,1345,0.004386545827
5,1346,0.004381958900
5,1347,0.004377376791
5,1348,0.004372799495
5,1349,0.004368227008
5,1350,0.004363659324
5,1351,0.004359096438
5,1352,0.004354538345
5,1353,0.004349985040
5,1354,0.004345436518
5,1355,0.004340892774
5,1356,0.004336353804
5,1357,0.004331819601
5,1358,0.004327290161
5,1359,0.004322765479
5,1360,0.004318245550
5,1361,0.004313730369
5,1362,0.004309219931
5,1363,0.004304714232
5,1364,0.004300213265
5,1365,0.004295717026
5,1366,0.004291225510
5,1367,0.004286738713
5,1368,0.004282256628
5,1369,0.004277779252
5,1370,0.004273306579
5,1371,0.004268838605
5,1372,0.004264375323
5,1373,0.004259916731
5,1374,0.004255462822
5,1375,0.004251013591
5,1376,0.004246569034
5,1377,0.004242129146
5,1378,0.004237693922
5,1379,0.004233263357
5,1380,0.004228837446
5,1381,0.004224416185
5,1382,0.004219999567
5,1383,0.004215587589
5,1384,0.004211180246
5,1385,0.004206777532
5,1386,0.004202379444
5,1387,0.004197985975
5,1388,0.004193597121
5,1389,0.004189212878
5,1390,0.004184833240
5,1391,0.004180458203
5,1392,0.004176087761
5,1393,0.004171721911
5,1394,0.004167360646
5,1395,0.004163003963
5,1396,0.004158651856
5,1397,0.004154304322
5,1398,0.004149961353
5,1399,0.004145622948
5,1400,0.004141289099
5,1401,0.004136959803
5,1402,0.004132635054
5,1403,0.004128314849
5,1404,0.004123999182
5,1405,0.004119688048
5,1406,0.004115381443
5,1407,0.004111079361
5,1408,0.004106781799
5,1409,0.004102488751
5,1410,0.004098200213
5,1411,0.004093916180
5,1412,0.004089636647
5,1413,0.004085361609
5,1414,0.004081091063
5,1415,0.004076825002
5,1416,0.004072563422
5,1417,0.004068306319
5,1418,0.004064053688
5,1419,0.004059805525
5,1420,0.004055561823
5,1421,0.004051322580
5,1422,0.004047087789
5,1423,0.004042857448
5,1424,0.004038631549
5,1425,0.004034410090
5,1426,0.004030193066
5,1427,0.004025980471
5,1428,0.004021772302
5,1429,0.004017568552
5,1430,0.004013369219
5,1431,0.004009174297
5,1432,0.004004983782
5,1433,0.004000797668
5,1434,0.003996615952
5,1435,0.003992438628
5,1436,0.003988265693
5,1437,0.003984097141
5,1438,0.003979932968
5,1439,0.003975773169
5,1440,0.003971617740
5,1441,0.003967466676
5,1442,0.003963319973
5,1443,0.003959177625
5,1444,0.003955039629
5,1445,0.003950905979
5,1446,0.003946776672
5,1447,0.003942651702
5,1448,0.003938531066
5,1449,0.003934414758
5,1450,0.003930302774
5,1451,0.003926195109
5,1452,0.003922091760
5,1453,0.003917992721
5,1454,0.003913897987
5,1455,0.003909807555
5,1456,0.003905721420
5,1457,0.003901639577
5,1458,0.003897562022
5,1459,0.003893488750
5,1460,0.003889419757
5,1461,0.003885355039
5,1462,0.003881294590
5,1463,0.003877238406
5,1464,0.003873186483
5,1465,0.003869138817
5,1466,0.003865095402
5,1467,0.003861056235
5,1468,0.003857021311
5,1469,0.003852990625
5,1470,0.003848964174
5,1471,0.003844941952
5,1472,0.003840923955
5,1473,0.003836910179
5,1474,0.003832900619
5,1475,0.003828895271
5,1476,0.003824894131
5,1477,0.003820897193
5,1478,0.003816904454
5,1479,0.003812915910
5,1480,0.003808931555
5,1481,0.003804951385
5,1482,0.003800975397
5,1483,0.003797003585
5,1484,0.003793035945
5,1485,0.003789072473
5,1486,0.003785113165
5,1487,0.003781158015
5,1488,0.003777207021
5,1489,0.003773260177
5,1490,0.003769317478
5,1491,0.003765378921
5,1492,0.003761444502
5,1493,0.003757514216
5,1494,0.003753588058
5,1495,0.003749666024
5,1496,0.003745748110
5,1497,0.003741834312
5,1498,0.003737924625
5,1499,0.003734019045
5,1500,0.003730117568
5,1501,0.003726220189
5,1502,0.003722326904
5,1503,0.003718437709
5,1504,0.003714552599
5,1505,0.003710671570
5,1506,0.003706794619
5,1507,0.003702921739
5,1508,0.003699052928
5,1509,0.003695188181
5,1510,0.003691327494
5,1511,0.003687470862
5,1512,0.003683618282
5,1513,0.003679769748
5,1514,0.003675925257
5,1515,0.003672084805
5,1516,0.003668248387
5,1517,0.003664415999
5,1518,0.003660587636
5,1519,0.003656763295
5,1520,0.003652942972
5,1521,0.003649126661
5,1522,0.003645314360
5,1523,0.003641506063
5,1524,0.003637701766
5,1525,0.003633901466
5,1526,0.003630105157
5,1527,0.003626312837
5,1528,0.003622524500
5,1529,0.003618740143
5,1530,0.003614959761
5,1531,0.003611183350
5,1532,0.003607410906
5,1533,0.003603642425
5,1534,0.003599877902
5,1535,0.003596117334
5,1536,0.003592360717
5,1537,0.003588608045
5,1538,0.003584859315
5,1539,0.003581114524
5,1540,0.003577373666
5,1541,0.003573636737
5,1542,0.003569903734
5,1543,0.003566174653
5,1544,0.003562449488
5,1545,0.003558728237
5,1546,0.003555010895
5,1547,0.003551297458
5,1548,0.003547587921
5,1549,0.003543882281
5,1550,0.003540180534
5,1551,0.003536482676
5,1552,0.003532788701
5,1553,0.003529098608
5,1554,0.003525412390
5,1555,0.003521730044
5,1556,0.003518051567
5,1557,0.003514376954
5,1558,0.003510706201
5,1559,0.003507039304
5,1560,0.003503376258
5,1561,0.003499717061
5,1562,0.003496061707
5,1563,0.003492410193
5,1564,0.003488762515
5,1565,0.003485118669
5,1566,0.003481478650
5,1567,0.003477842455
5,1568,0.003474210080
5,1569,0.003470581520
5,1570,0.003466956772
5,1571,0.003463335832
5,1572,0.003459718695
5,1573,0.003456105358
5,1574,0.003452495816
5,1575,0.003448890067
5,1576,0.003445288105
5,1577,0.003441689926
5,1578,0.003438095527
5,1579,0.003434504904
5,1580,0.003430918053
5,1581,0.003427334970
5,1582,0.003423755650
5,1583,0.003420180091
5,1584,0.003416608287
5,1585,0.003413040236
5,1586,0.003409475932
5,1587,0.003405915373
5,1588,0.003402358553
5,1589,0.003398805471
5,1590,0.003395256120
5,1591,0.003391710498
5,1592,0.003388168600
5,1593,0.003384630423
5,1594,0.003381095963
5,1595,0.003377565216
5,1596,0.003374038177
5,1597,0.003370514843
5,1598,0.003366995211
5,1599,0.003363479276
5,1600,0.003359967034
5,1601,0.003356458481
5,1602,0.003352953614
5,1603,0.003349452429
5,1604,0.003345954922
5,1605,0.003342461088
5,1606,0.003338970925
5,1607,0.003335484428
5,1608,0.003332001593
5,1609,0.003328522417
5,1610,0.003325046896
5,1611,0.003321575025
5,1612,0.003318106802
5,1613,0.003314642222
5,1614,0.003311181281
5,1615,0.003307723975
5,1616,0.003304270302
5,1617,0.003300820256
5,1618,0.003297373835
5,1619,0.003293931034
5,1620,0.003290491849
5,1621,0.003287056277
5,1622,0.003283624314
5,1623,0.003280195956
5,1624,0.003276771199
5,1625,0.003273350040
5,1626,0.003269932475
5,1627,0.003266518500
5,1628,0.003263108111
5,1629,0.003259701304
5,1630,0.003256298076
5,1631,0.003252898423
5,1632,0.003249502342
5,1633,0.003246109827
5,1634,0.003242720877
5,1635,0.003239335486
5,1636,0.003235953651
5,1637,0.003232575369
5,1638,0.003229200636
5,1639,0.003225829448
5,1640,0.003222461801
5,1641,0.003219097691
5,1642,0.003215737116
5,1643,0.003212380070
5,1644,0.003209026551
5,1645,0.003205676555
5,1646,0.003202330078
5,1647,0.003198987116
5,1648,0.003195647665
5,1649,0.003192311723
5,1650,0.003188979285
5,1651,0.003185650347
5,1652,0.003182324906
5,1653,0.003179002959
5,1654,0.003175684501
5,1655,0.003172369529
5,1656,0.003169058039
5,1657,0.003165750028
5,1658,0.003162445492
5,1659,0.003159144427
5,1660,0.003155846829
5,1661,0.003152552696
5,1662,0.003149262023
5,1663,0.003145974806
5,1664,0.003142691043
5,1665,0.003139410729
5,1666,0.003136133861
5,1667,0.003132860435
5,1668,0.003129590448
5,1669,0.003126323896
5,1670,0.003123060775
5,1671,0.003119801081
5,1672,0.003116544812
5,1673,0.003113291964
5,1674,0.003110042533
5,1675,0.003106796515
5,1676,0.003103553906
5,1677,0.003100314704
5,1678,0.003097078905
5,1679,0.003093846504
5,1680,0.003090617499
5,1681,0.003087391886
5,1682,0.003084169662
5,1683,0.003080950822
5,1684,0.003077735364
5,1685,0.003074523283
5,1686,0.003071314576
5,1687,0.003068109240
5,1688,0.003064907271
5,1689,0.003061708665
5,1690,0.003058513420
5,1691,0.003055321531
5,1692,0.003052132994
5,1693,0.003048947808
5,1694,0.003045765967
5,1695,0.003042587468
5,1696,0.003039412309
5,1697,0.003036240485
5,1698,0.003033071992
5,1699,0.003029906828
5,1700,0.003026744989
5,1701,0.003023586471
5,1702,0.003020431272
5,1703,0.003017279386
5,1704,0.003014130811
5,1705,0.003010985544
5,1706,0.003007843581
5,1707,0.003004704918
5,1708,0.003001569553
5,1709,0.002998437481
5,1710,0.002995308699
5,1711,0.002992183203
5,1712,0.002989060991
5,1713,0.002985942059
5,1714,0.002982826403
5,1715,0.002979714019
5,1716,0.002976604905
5,1717,0.002973499058
5,1718,0.002970396472
5,1719,0.002967297146
5,1720,0.002964201076
5,1721,0.002961108257
5,1722,0.002958018688
5,1723,0.002954932364
5,1724,0.002951849282
5,1725,0.002948769439
5,1726,0.002945692831
5,1727,0.002942619455
5,1728,0.002939549307
5,1729,0.002936482385
5,1730,0.002933418684
5,1731,0.002930358201
5,1732,0.002927300933
5,1733,0.002924246877
5,1734,0.002921196029
5,1735,0.002918148385
5,1736,0.002915103943
5,1737,0.002912062700
5,1738,0.002909024650
5,1739,0.002905989793
5,1740,0.002902958123
5,1741,0.002899929637
5,1742,0.002896904333
5,1743,0.002893882207
5,1744,0.002890863256
5,1745,0.002887847476
5,1746,0.002884834864
5,1747,0.002881825416
5,1748,0.002878819130
5,1749,0.002875816002
5,1750,0.002872816028
5,1751,0.002869819206
5,1752,0.002866825531
5,1753,0.002863835002
5,1754,0.002860847613
5,1755,0.002857863363
5,1756,0.002854882248
5,1757,0.002851904264
5,1758,0.002848929409
5,1759,0.002845957678
5,1760,0.002842989070
5,1761,0.002840023579
5,1762,0.002837061204
5,1763,0.002834101940
5,1764,0.002831145785
5,1765,0.002828192736
5,1766,0.002825242788
5,1767,0.002822295939
5,1768,0.002819352186
5,1769,0.002816411525
5,1770,0.002813473953
5,1771,0.002810539467
5,1772,0.002807608063
5,1773,0.002804679739
5,1774,0.002801754491
5,1775,0.002798832316
5,1776,0.002795913210
5,1777,0.002792997170
5,1778,0.002790084194
5,1779,0.002787174278
5,1780,0.002784267418
5,1781,0.002781363612
5,1782,0.002778462857
5,1783,0.002775565148
5,1784,0.002772670483
5,1785,0.002769778859
5,1786,0.002766890273
5,1787,0.002764004721
5,1788,0.002761122200
5,1789,0.002758242707
5,1790,0.002755366239
5,1791,0.002752492792
5,1792,0.002749622364
5,1793,0.002746754951
5,1794,0.002743890550
5,1795,0.002741029158
5,1796,0.002738170772
5,1797,0.002735315388
5,1798,0.002732463004
5,1799,0.002729613617
5,1800,0.002726767222
5,1801,0.002723923817
5,1802,0.002721083399
5,1803,0.002718245965
5,1804,0.002715411512
5,1805,0.002712580036
5,1806,0.002709751534
5,1807,0.002706926004
5,1808,0.002704103442
5,1809,0.002701283844
5,1810,0.002698467209
5,1811,0.002695653532
5,1812,0.002692842811
5,1813,0.002690035042
5,1814,0.002687230223
5,1815,0.002684428350
5,1816,0.002681629421
5,1817,0.002678833431
5,1818,0.002676040379
5,1819,0.002673250261
5,1820,0.002670463073
5,1821,0.002667678813
5,1822,0.002664897478
5,1823,0.002662119065
5,1824,0.002659343571
5,1825,0.002656570991
5,1826,0.002653801325
5,1827,0.002651034567
5,1828,0.002648270717
5,1829,0.002645509769
5,1830,0.002642751722
5,1831,0.002639996571
5,1832,0.002637244315
5,1833,0.002634494951
5,1834,0.002631748474
5,1835,0.002629004882
5,1836,0.002626264172
5,1837,0.002623526342
5,1838,0.002620791387
5,1839,0.002618059305
5,1840,0.002615330093
5,1841,0.002612603748
5,1842,0.002609880267
5,1843,0.002607159647
5,1844,0.002604441885
5,1845,0.002601726977
5,1846,0.002599014922
5,1847,0.002596305715
5,1848,0.002593599355
5,1849,0.002590895837
5,1850,0.002588195159
5,1851,0.002585497318
5,1852,0.002582802311
5,1853,0.002580110135
5,1854,0.002577420787
5,1855,0.002574734264
5,1856,0.002572050563
5,1857,0.002569369681
5,1858,0.002566691616
5,1859,0.002564016363
5,1860,0.002561343921
5,1861,0.002558674286
5,1862,0.002556007456
5,1863,0.002553343426
5,1864,0.002550682196
5,1865,0.002548023760
5,1866,0.002545368118
5,1867,0.002542715265
5,1868,0.002540065198
5,1869,0.002537417916
5,1870,0.002534773414
5,1871,0.002532131690
5,1872,0.002529492741
5,1873,0.002526856565
5,1874,0.002524223157
5,1875,0.002521592516
5,1876,0.002518964638
5,1877,0.002516339521
5,1878,0.002513717161
5,1879,0.002511097556
5,1880,0.002508480702
5,1881,0.002505866598
5,1882,0.002503255239
5,1883,0.002500646624
5,1884,0.002498040749
5,1885,0.002495437611
5,1886,0.002492837208
5,1887,0.002490239536
5,1888,0.002487644593
5,1889,0.002485052376
5,1890,0.002482462882
5,1891,0.002479876108
5,1892,0.002477292051
5,1893,0.002474710709
5,1894,0.002472132078
5,1895,0.002469556156
5,1896,0.002466982940
5,1897,0.002464412427
5,1898,0.002461844615
5,1899,0.002459279499
5,1900,0.002456717079
5,1901,0.002454157349
5,1902,0.002451600309
5,1903,0.002449045955
5,1904,0.002446494284
5,1905,0.002443945293
5,1906,0.002441398980
5,1907,0.002438855342
5,1908,0.002436314376
5,1909,0.002433776079
5,1910,0.002431240448
5,1911,0.002428707481
5,1912,0.002426177175
5,1913,0.002423649527
5,1914,0.002421124533
5,1915,0.002418602193
5,1916,0.002416082502
5,1917,0.002413565457
5,1918,0.002411051057
5,1919,0.002408539298
5,1920,0.002406030177
5,1921,0.002403523692
5,1922,0.002401019841
5,1923,0.002398518619
5,1924,0.002396020025
5,1925,0.002393524055
5,1926,0.002391030707
5,1927,0.002388539979
5,1928,0.002386051867
5,1929,0.002383566368
5,1930,0.002381083480
5,1931,0.002378603201
5,1932,0.002376125527
5,1933,0.002373650456
5,1934,0.002371177984
5,1935,0.002368708110
5,1936,0.002366240830
5,1937,0.002363776142
5,1938,0.002361314044
5,1939,0.002358854531
5,1940,0.002356397602
5,1941,0.002353943254
5,1942,0.002351491484
5,1943,0.002349042290
5,1944,0.002346595668
5,1945,0.002344151617
5,1946,0.002341710132
5,1947,0.002339271213
5,1948,0.002336834855
5,1949,0.002334401057
5,1950,0.002331969815
5,1951,0.002329541128
5,1952,0.002327114991
5,1953,0.002324691403
5,1954,0.002322270361
5,1955,0.002319851862
5,1956,0.002317435904
5,1957,0.002315022483
5,1958,0.002312611598
5,1959,0.002310203245
5,1960,0.002307797422
5,1961,0.002305394126
5,1962,0.002302993355
5,1963,0.002300595106
5,1964,0.002298199376
5,1965,0.002295806162
5,1966,0.002293415463
5,1967,0.002291027275
5,1968,0.002288641595
5,1969,0.002286258422
5,1970,0.002283877752
5,1971,0.002281499582
5,1972,0.002279123911
5,1973,0.002276750736
5,1974,0.002274380053
5,1975,0.002272011861
5,1976,0.002269646156
5,1977,0.002267282937
5,1978,0.002264922200
5,1979,0.002262563942
5,1980,0.002260208162
5,1981,0.002257854857
5,1982,0.002255504024
5,1983,0.002253155660
5,1984,0.002250809763
5,1985,0.002248466330
5,1986,0.002246125359
5,1987,0.002243786847
5,1988,0.002241450791
5,1989,0.002239117190
5,1990,0.002236786039
5,1991,0.002234457338
5,1992,0.002232131083
5,1993,0.002229807271
5,1994,0.002227485900
5,1995,0.002225166968
5,1996,0.002222850472
5,1997,0.002220536409
5,1998,0.002218224777
5,1999,0.002215915574
5,2000,0.002213608796
5,2001,0.002211304441
5,2002,0.002209002506
5,2003,0.002206702990
5,2004,0.002204405890
5,2005,0.002202111202
5,2006,0.002199818925
5,2007,0.002197529056
5,2008,0.002195241592
5,2009,0.002192956531
5,2010,0.002190673870
5,2011,0.002188393608
5,2012,0.002186115740
5,2013,0.002183840266
5,2014,0.002181567181
5,2015,0.002179296485
5,2016,0.002177028173
5,2017,0.002174762245
5,2018,0.002172498697
5,2019,0.002170237526
5,2020,0.002167978731
5,2021,0.002165722308
5,2022,0.002163468256
5,2023,0.002161216572
5,2024,0.002158967252
5,2025,0.002156720296
5,2026,0.002154475700
5,2027,0.002152233462
5,2028,0.002149993579
5,2029,0.002147756049
5,2030,0.002145520870
5,2031,0.002143288038
5,2032,0.002141057552
5,2033,0.002138829409
5,2034,0.002136603606
5,2035,0.002134380142
5,2036,0.002132159013
5,2037,0.002129940218
5,2038,0.002127723753
5,2039,0.002125509617
5,2040,0.002123297806
5,2041,0.002121088319
5,2042,0.002118881153
5,2043,0.002116676305
5,2044,0.002114473773
5,2045,0.002112273555
5,2046,0.002110075648
5,2047,0.002107880051
5,2048,0.002105686759
5,2049,0.002103495771
5,2050,0.002101307085
5,2051,0.002099120698
5,2052,0.002096936608
5,2053,0.002094754812
5,2054,0.002092575308
5,2055,0.002090398093
5,2056,0.002088223166
5,2057,0.002086050523
5,2058,0.002083880162
5,2059,0.002081712082
5,2060,0.002079546278
5,2061,0.002077382750
5,2062,0.002075221495
5,2063,0.002073062509
5,2064,0.002070905792
5,2065,0.002068751340
5,2066,0.002066599152
5,2067,0.002064449224
5,2068,0.002062301554
5,2069,0.002060156141
5,2070,0.002058012981
5,2071,0.002055872073
5,2072,0.002053733413
5,2073,0.002051597000
5,2074,0.002049462831
5,2075,0.002047330905
5,2076,0.002045201217
5,2077,0.002043073767
5,2078,0.002040948551
5,2079,0.002038825568
5,2080,0.002036704815
5,2081,0.002034586290
5,2082,0.002032469990
5,2083,0.002030355914
5,2084,0.002028244058
5,2085,0.002026134420
5,2086,0.002024026999
5,2087,0.002021921791
5,2088,0.002019818795
5,2089,0.002017718008
5,2090,0.002015619427
5,2091,0.002013523051
5,2092,0.002011428878
5,2093,0.002009336904
5,2094,0.002007247127
5,2095,0.002005159546
5,2096,0.002003074158
5,2097,0.002000990960
5,2098,0.001998909951
5,2099,0.001996831127
5,2100,0.001994754488
5,2101,0.001992680029
5,2102,0.001990607750
5,2103,0.001988537648
5,2104,0.001986469720
5,2105,0.001984403965
5,2106,0.001982340379
5,2107,0.001980278961
5,2108,0.001978219709
5,2109,0.001976162620
5,2110,0.001974107691
5,2111,0.001972054922
5,2112,0.001970004308
5,2113,0.001967955849
5,2114,0.001965909541
5,2115,0.001963865384
5,2116,0.001961823373
5,2117,0.001959783507
5,2118,0.001957745784
5,2119,0.001955710202
5,2120,0.001953676758
5,2121,0.001951645450
5,2122,0.001949616276
5,2123,0.001947589234
5,2124,0.001945564320
5,2125,0.001943541534
5,2126,0.001941520873
5,2127,0.001939502334
5,2128,0.001937485916
5,2129,0.001935471615
5,2130,0.001933459431
5,2131,0.001931449361
5,2132,0.001929441401
5,2133,0.001927435552
5,2134,0.001925431809
5,2135,0.001923430171
5,2136,0.001921430636
5,2137,0.001919433201
5,2138,0.001917437864
5,2139,0.001915444624
5,2140,0.001913453477
5,2141,0.001911464422
5,2142,0.001909477456
5,2143,0.001907492577
5,2144,0.001905509784
5,2145,0.001903529073
5,2146,0.001901550443
5,2147,0.001899573891
5,2148,0.001897599416
5,2149,0.001895627015
5,2150,0.001893656685
5,2151,0.001891688426
5,2152,0.001889722234
5,2153,0.001887758107
5,2154,0.001885796044
5,2155,0.001883836042
5,2156,0.001881878098
5,2157,0.001879922211
5,2158,0.001877968379
5,2159,0.001876016600
5,2160,0.001874066870
5,2161,0.001872119189
5,2162,0.001870173553
5,2163,0.001868229962
5,2164,0.001866288412
5,2165,0.001864348901
5,2166,0.001862411428
5,2167,0.001860475990
5,2168,0.001858542586
5,2169,0.001856611212
5,2170,0.001854681867
5,2171,0.001852754549
5,2172,0.001850829255
5,2173,0.001848905984
5,2174,0.001846984733
5,2175,0.001845065500
5,2176,0.001843148283
5,2177,0.001841233080
5,2178,0.001839319889
5,2179,0.001837408708
5,2180,0.001835499535
5,2181,0.001833592367
5,2182,0.001831687202
5,2183,0.001829784038
5,2184,0.001827882874
5,2185,0.001825983707
5,2186,0.001824086535
5,2187,0.001822191356
5,2188,0.001820298167
5,2189,0.001818406967
5,2190,0.001816517754
5,2191,0.001814630526
5,2192,0.001812745280
5,2193,0.001810862014
5,2194,0.001808980726
5,2195,0.001807101415
5,2196,0.001805224078
5,2197,0.001803348713
5,2198,0.001801475318
5,2199,0.001799603890
5,2200,0.001797734429
5,2201,0.001795866931
5,2202,0.001794001396
5,2203,0.001792137819
5,2204,0.001790276201
5,2205,0.001788416538
5,2206,0.001786558828
5,2207,0.001784703070
5,2208,0.001782849262
5,2209,0.001780997400
5,2210,0.001779147484
5,2211,0.001777299511
5,2212,0.001775453480
5,2213,0.001773609387
5,2214,0.001771767232
5,2215,0.001769927012
5,2216,0.001768088725
5,2217,0.001766252369
5,2218,0.001764417941
5,2219,0.001762585441
5,2220,0.001760754866
5,2221,0.001758926214
5,2222,0.001757099483
5,2223,0.001755274670
5,2224,0.001753451775
5,2225,0.001751630794
5,2226,0.001749811726
5,2227,0.001747994570
5,2228,0.001746179321
5,2229,0.001744365980
5,2230,0.001742554544
5,2231,0.001740745010
5,2232,0.001738937377
5,2233,0.001737131644
5,2234,0.001735327806
5,2235,0.001733525864
5,2236,0.001731725815
5,2237,0.001729927656
5,2238,0.001728131387
5,2239,0.001726337004
5,2240,0.001724544506
5,2241,0.001722753891
5,2242,0.001720965158
5,2243,0.001719178303
5,2244,0.001717393325
5,2245,0.001715610222
5,2246,0.001713828992
5,2247,0.001712049633
5,2248,0.001710272144
5,2249,0.001708496522
5,2250,0.001706722764
5,2251,0.001704950870
5,2252,0.001703180838
5,2253,0.001701412665
5,2254,0.001699646349
5,2255,0.001697881888
5,2256,0.001696119281
5,2257,0.001694358526
5,2258,0.001692599620
5,2259,0.001690842562
5,2260,0.001689087349
5,2261,0.001687333981
5,2262,0.001685582454
5,2263,0.001683832767
5,2264,0.001682084918
5,2265,0.001680338905
5,2266,0.001678594726
5,2267,0.001676852379
5,2268,0.001675111863
5,2269,0.001673373175
5,2270,0.001671636313
5,2271,0.001669901276
5,2272,0.001668168061
5,2273,0.001666436667
5,2274,0.001664707092
5,2275,0.001662979334
5,2276,0.001661253391
5,2277,0.001659529260
5,2278,0.001657806941
5,2279,0.001656086431
5,2280,0.001654367728
5,2281,0.001652650831
5,2282,0.001650935737
5,2283,0.001649222445
5,2284,0.001647510952
5,2285,0.001645801258
5,2286,0.001644093359
5,2287,0.001642387255
5,2288,0.001640682942
5,2289,0.001638980420
5,2290,0.001637279687
5,2291,0.001635580740
5,2292,0.001633883577
5,2293,0.001632188198
5,2294,0.001630494599
5,2295,0.001628802779
5,2296,0.001627112737
5,2297,0.001625424470
5,2298,0.001623737976
5,2299,0.001622053254
5,2300,0.001620370301
5,2301,0.001618689117
5,2302,0.001617009698
5,2303,0.001615332044
5,2304,0.001613656152
5,2305,0.001611982020
5,2306,0.001610309647
5,2307,0.001608639031
5,2308,0.001606970169
5,2309,0.001605303061
5,2310,0.001603637704
5,2311,0.001601974096
5,2312,0.001600312236
5,2313,0.001598652122
5,2314,0.001596993751
5,2315,0.001595337123
5,2316,0.001593682234
5,2317,0.001592029084
5,2318,0.001590377671
5,2319,0.001588727992
5,2320,0.001587080047
5,2321,0.001585433832
5,2322,0.001583789347
5,2323,0.001582146589
5,2324,0.001580505557
5,2325,0.001578866248
5,2326,0.001577228662
5,2327,0.001575592796
5,2328,0.001573958648
5,2329,0.001572326217
5,2330,0.001570695500
5,2331,0.001569066497
5,2332,0.001567439205
5,2333,0.001565813622
5,2334,0.001564189747
5,2335,0.001562567577
5,2336,0.001560947112
5,2337,0.001559328349
5,2338,0.001557711286
5,2339,0.001556095922
5,2340,0.001554482255
5,2341,0.001552870283
5,2342,0.001551260004
5,2343,0.001549651416
5,2344,0.001548044519
5,2345,0.001546439309
5,2346,0.001544835786
5,2347,0.001543233947
5,2348,0.001541633791
5,2349,0.001540035315
5,2350,0.001538438519
5,2351,0.001536843400
5,2352,0.001535249957
5,2353,0.001533658187
5,2354,0.001532068090
5,2355,0.001530479663
5,2356,0.001528892905
5,2357,0.001527307813
5,2358,0.001525724386
5,2359,0.001524142623
5,2360,0.001522562521
5,2361,0.001520984079
5,2362,0.001519407296
5,2363,0.001517832168
5,2364,0.001516258695
5,2365,0.001514686875
5,2366,0.001513116707
5,2367,0.001511548187
5,2368,0.001509981315
5,2369,0.001508416089
5,2370,0.001506852508
5,2371,0.001505290568
5,2372,0.001503730270
5,2373,0.001502171611
5,2374,0.001500614588
5,2375,0.001499059202
5,2376,0.001497505449
5,2377,0.001495953329
5,2378,0.001494402838
5,2379,0.001492853977
5,2380,0.001491306743
5,2381,0.001489761134
5,2382,0.001488217148
5,2383,0.001486674785
5,2384,0.001485134041
5,2385,0.001483594916
5,2386,0.001482057408
5,2387,0.001480521515
5,2388,0.001478987235
5,2389,0.001477454567
5,2390,0.001475923509
5,2391,0.001474394060
5,2392,0.001472866216
5,2393,0.001471339978
5,2394,0.001469815343
5,2395,0.001468292310
5,2396,0.001466770877
5,2397,0.001465251041
5,2398,0.001463732803
5,2399,0.001462216159
5,2400,0.001460701108
5,2401,0.001459187649
5,2402,0.001457675779
5,2403,0.001456165498
5,2404,0.001454656803
5,2405,0.001453149693
5,2406,0.001451644166
5,2407,0.001450140221
5,2408,0.001448637856
5,2409,0.001447137068
5,2410,0.001445637857
5,2411,0.001444140221
5,2412,0.001442644159
5,2413,0.001441149667
5,2414,0.001439656746
5,2415,0.001438165393
5,2416,0.001436675606
5,2417,0.001435187385
5,2418,0.001433700727
5,2419,0.001432215630
5,2420,0.001430732094
5,2421,0.001429250115
5,2422,0.001427769694
5,2423,0.001426290828
5,2424,0.001424813515
5,2425,0.001423337754
5,2426,0.001421863543
5,2427,0.001420390881
5,2428,0.001418919766
5,2429,0.001417450196
5,2430,0.001415982170
5,2431,0.001414515686
5,2432,0.001413050742
5,2433,0.001411587338
5,2434,0.001410125470
5,2435,0.001408665138
5,2436,0.001407206341
5,2437,0.001405749075
5,2438,0.001404293341
5,2439,0.001402839135
5,2440,0.001401386457
5,2441,0.001399935305
5,2442,0.001398485678
5,2443,0.001397037573
5,2444,0.001395590990
5,2445,0.001394145926
5,2446,0.001392702380
5,2447,0.001391260350
5,2448,0.001389819835
5,2449,0.001388380833
5,2450,0.001386943343
5,2451,0.001385507363
5,2452,0.001384072892
5,2453,0.001382639927
5,2454,0.001381208467
5,2455,0.001379778512
5,2456,0.001378350058
5,2457,0.001376923105
5,2458,0.001375497651
5,2459,0.001374073694
5,2460,0.001372651233
5,2461,0.001371230266
5,2462,0.001369810792
5,2463,0.001368392809
5,2464,0.001366976315
5,2465,0.001365561309
5,2466,0.001364147790
5,2467,0.001362735756
5,2468,0.001361325205
5,2469,0.001359916136
5,2470,0.001358508546
5,2471,0.001357102436
5,2472,0.001355697802
5,2473,0.001354294644
5,2474,0.001352892960
5,2475,0.001351492749
5,2476,0.001350094008
5,2477,0.001348696736
5,2478,0.001347300933
5,2479,0.001345906595
5,2480,0.001344513722
5,2481,0.001343122313
5,2482,0.001341732365
5,2483,0.001340343877
5,2484,0.001338956847
5,2485,0.001337571275
5,2486,0.001336187158
5,2487,0.001334804495
5,2488,0.001333423285
5,2489,0.001332043525
5,2490,0.001330665215
5,2491,0.001329288352
5,2492,0.001327912936
5,2493,0.001326538965
5,2494,0.001325166437
5,2495,0.001323795351
5,2496,0.001322425705
5,2497,0.001321057498
5,2498,0.001319690728
5,2499,0.001318325394
5,2500,0.001316961494
5,2501,0.001315599026
5,2502,0.001314237990
5,2503,0.001312878384
5,2504,0.001311520206
5,2505,0.001310163454
5,2506,0.001308808128
5,2507,0.001307454226
5,2508,0.001306101745
5,2509,0.001304750686
5,2510,0.001303401045
5,2511,0.001302052823
5,2512,0.001300706016
5,2513,0.001299360625
5,2514,0.001298016646
5,2515,0.001296674080
5,2516,0.001295332924
5,2517,0.001293993176
5,2518,0.001292654836
5,2519,0.001291317902
5,2520,0.001289982372
5,2521,0.001288648245
5,2522,0.001287315520
5,2523,0.001285984194
5,2524,0.001284654267
5,2525,0.001283325737
5,2526,0.001281998603
5,2527,0.001280672863
5,2528,0.001279348515
5,2529,0.001278025558
5,2530,0.001276703992
5,2531,0.001275383813
5,2532,0.001274065021
5,2533,0.001272747615
5,2534,0.001271431592
5,2535,0.001270116952
5,2536,0.001268803693
5,2537,0.001267491813
5,2538,0.001266181312
5,2539,0.001264872187
5,2540,0.001263564437
5,2541,0.001262258061
5,2542,0.001260953057
5,2543,0.001259649424
5,2544,0.001258347161
5,2545,0.001257046265
5,2546,0.001255746736
5,2547,0.001254448572
5,2548,0.001253151772
5,2549,0.001251856334
5,2550,0.001250562257
5,2551,0.001249269539
5,2552,0.001247978179
5,2553,0.001246688175
5,2554,0.001245399527
5,2555,0.001244112232
5,2556,0.001242826290
5,2557,0.001241541698
5,2558,0.001240258456
5,2559,0.001238976562
5,2560,0.001237696015
5,2561,0.001236416812
5,2562,0.001235138953
5,2563,0.001233862437
5,2564,0.001232587262
5,2565,0.001231313426
5,2566,0.001230040928
5,2567,0.001228769767
5,2568,0.001227499941
5,2569,0.001226231449
5,2570,0.001224964289
5,2571,0.001223698461
5,2572,0.001222433963
5,2573,0.001221170792
5,2574,0.001219908949
5,2575,0.001218648431
5,2576,0.001217389237
5,2577,0.001216131366
5,2578,0.001214874816
5,2579,0.001213619586
5,2580,0.001212365675
5,2581,0.001211113081
5,2582,0.001209861803
5,2583,0.001208611839
5,2584,0.001207363188
5,2585,0.001206115849
5,2586,0.001204869820
5,2587,0.001203625100
5,2588,0.001202381687
5,2589,0.001201139581
5,2590,0.001199898780
5,2591,0.001198659281
5,2592,0.001197421085
5,2593,0.001196184190
5,2594,0.001194948594
5,2595,0.001193714295
5,2596,0.001192481294
5,2597,0.001191249587
5,2598,0.001190019175
5,2599,0.001188790055
5,2600,0.001187562226
5,2601,0.001186335687
5,2602,0.001185110436
5,2603,0.001183886472
5,2604,0.001182663794
5,2605,0.001181442401
5,2606,0.001180222290
5,2607,0.001179003461
5,2608,0.001177785913
5,2609,0.001176569643
5,2610,0.001175354651
5,2611,0.001174140936
5,2612,0.001172928495
5,2613,0.001171717328
5,2614,0.001170507433
5,2615,0.001169298809
5,2616,0.001168091455
5,2617,0.001166885369
5,2618,0.001165680550
5,2619,0.001164476996
5,2620,0.001163274707
5,2621,0.001162073681
5,2622,0.001160873916
5,2623,0.001159675412
5,2624,0.001158478167
5,2625,0.001157282179
5,2626,0.001156087448
5,2627,0.001154893971
5,2628,0.001153701749
5,2629,0.001152510778
5,2630,0.001151321059
5,2631,0.001150132590
5,2632,0.001148945369
5,2633,0.001147759395
5,2634,0.001146574667
5,2635,0.001145391183
5,2636,0.001144208943
5,2637,0.001143027944
5,2638,0.001141848187
5,2639,0.001140669668
5,2640,0.001139492387
5,2641,0.001138316343
5,2642,0.001137141535
5,2643,0.001135967960
5,2644,0.001134795618
5,2645,0.001133624508
5,2646,0.001132454628
5,2647,0.001131285977
5,2648,0.001130118554
5,2649,0.001128952356
5,2650,0.001127787384
5,2651,0.001126623636
5,2652,0.001125461110
5,2653,0.001124299805
5,2654,0.001123139720
5,2655,0.001121980854
5,2656,0.001120823205
5,2657,0.001119666773
5,2658,0.001118511554
5,2659,0.001117357550
5,2660,0.001116204758
5,2661,0.001115053176
5,2662,0.001113902805
5,2663,0.001112753641
5,2664,0.001111605685
5,2665,0.001110458935
5,2666,0.001109313389
5,2667,0.001108169047
5,2668,0.001107025907
5,2669,0.001105883967
5,2670,0.001104743228
5,2671,0.001103603686
5,2672,0.001102465342
5,2673,0.001101328193
5,2674,0.001100192239
5,2675,0.001099057478
5,2676,0.001097923909
5,2677,0.001096791531
5,2678,0.001095660342
5,2679,0.001094530342
5,2680,0.001093401528
5,2681,0.001092273901
5,2682,0.001091147458
5,2683,0.001090022198
5,2684,0.001088898120
5,2685,0.001087775223
5,2686,0.001086653506
5,2687,0.001085532967
5,2688,0.001084413605
5,2689,0.001083295418
5,2690,0.001082178407
5,2691,0.001081062569
5,2692,0.001079947903
5,2693,0.001078834407
5,2694,0.001077722082
5,2695,0.001076610925
5,2696,0.001075500935
5,2697,0.001074392111
5,2698,0.001073284452
5,2699,0.001072177957
5,2700,0.001071072623
5,2701,0.001069968451
5,2702,0.001068865439
5,2703,0.001067763586
5,2704,0.001066662890
5,2705,0.001065563350
5,2706,0.001064464965
5,2707,0.001063367734
5,2708,0.001062271655
5,2709,0.001061176728
5,2710,0.001060082951
5,2711,0.001058990324
5,2712,0.001057898843
5,2713,0.001056808510
5,2714,0.001055719321
5,2715,0.001054631277
5,2716,0.001053544376
5,2717,0.001052458617
5,2718,0.001051373998
5,2719,0.001050290518
5,2720,0.001049208177
5,2721,0.001048126972
5,2722,0.001047046904
5,2723,0.001045967969
5,2724,0.001044890169
5,2725,0.001043813500
5,2726,0.001042737962
5,2727,0.001041663555
5,2728,0.001040590276
5,2729,0.001039518124
5,2730,0.001038447098
5,2731,0.001037377198
5,2732,0.001036308421
5,2733,0.001035240767
5,2734,0.001034174235
5,2735,0.001033108823
5,2736,0.001032044530
5,2737,0.001030981355
5,2738,0.001029919297
5,2739,0.001028858355
5,2740,0.001027798527
5,2741,0.001026739813
5,2742,0.001025682210
5,2743,0.001024625719
5,2744,0.001023570337
5,2745,0.001022516064
5,2746,0.001021462898
5,2747,0.001020410839
5,2748,0.001019359885
5,2749,0.001018310035
5,2750,0.001017261287
5,2751,0.001016213641
5,2752,0.001015167096
5,2753,0.001014121650
5,2754,0.001013077303
5,2755,0.001012034052
5,2756,0.001010991897
5,2757,0.001009950837
5,2758,0.001008910871
5,2759,0.001007871997
5,2760,0.001006834214
5,2761,0.001005797522
5,2762,0.001004761918
5,2763,0.001003727403
5,2764,0.001002693974
5,2765,0.001001661630
5,2766,0.001000630371
5,2767,0.000999600196
5,2768,0.000998571102
5,2769,0.000997543090
5,2770,0.000996516157
5,2771,0.000995490303
5,2772,0.000994465527
5,2773,0.000993441827
5,2774,0.000992419203
5,2775,0.000991397652
5,2776,0.000990377175
5,2777,0.000989357770
5,2778,0.000988339436
5,2779,0.000987322171
5,2780,0.000986305975
5,2781,0.000985290847
5,2782,0.000984276785
5,2783,0.000983263788
5,2784,0.000982251855
5,2785,0.000981240985
5,2786,0.000980231177
5,2787,0.000979222430
5,2788,0.000978214742
5,2789,0.000977208113
5,2790,0.000976202541
5,2791,0.000975198026
5,2792,0.000974194566
5,2793,0.000973192160
5,2794,0.000972190807
5,2795,0.000971190506
5,2796,0.000970191255
5,2797,0.000969193054
5,2798,0.000968195902
5,2799,0.000967199797
5,2800,0.000966204739
5,2801,0.000965210726
5,2802,0.000964217757
5,2803,0.000963225831
5,2804,0.000962234947
5,2805,0.000961245104
5,2806,0.000960256301
5,2807,0.000959268537
5,2808,0.000958281810
5,2809,0.000957296119
5,2810,0.000956311464
5,2811,0.000955327844
5,2812,0.000954345256
5,2813,0.000953363701
5,2814,0.000952383177
5,2815,0.000951403683
5,2816,0.000950425217
5,2817,0.000949447780
5,2818,0.000948471369
5,2819,0.000947495984
5,2820,0.000946521624
5,2821,0.000945548287
5,2822,0.000944575973
5,2823,0.000943604680
5,2824,0.000942634407
5,2825,0.000941665153
5,2826,0.000940696918
5,2827,0.000939729700
5,2828,0.000938763497
5,2829,0.000937798310
5,2830,0.000936834137
5,2831,0.000935870976
5,2832,0.000934908827
5,2833,0.000933947689
5,2834,0.000932987560
5,2835,0.000932028441
5,2836,0.000931070328
5,2837,0.000930113222
5,2838,0.000929157122
5,2839,0.000928202025
5,2840,0.000927247932
5,2841,0.000926294842
5,2842,0.000925342752
5,2843,0.000924391663
5,2844,0.000923441572
5,2845,0.000922492480
5,2846,0.000921544385
5,2847,0.000920597285
5,2848,0.000919651181
5,2849,0.000918706070
5,2850,0.000917761952
5,2851,0.000916818826
5,2852,0.000915876691
5,2853,0.000914935545
5,2854,0.000913995388
5,2855,0.000913056218
5,2856,0.000912118035
5,2857,0.000911180838
5,2858,0.000910244625
5,2859,0.000909309395
5,2860,0.000908375148
5,2861,0.000907441882
5,2862,0.000906509597
5,2863,0.000905578291
5,2864,0.000904647963
5,2865,0.000903718613
5,2866,0.000902790239
5,2867,0.000901862840
5,2868,0.000900936415
5,2869,0.000900010963
5,2870,0.000899086484
5,2871,0.000898162975
5,2872,0.000897240437
5,2873,0.000896318868
5,2874,0.000895398267
5,2875,0.000894478632
5,2876,0.000893559964
5,2877,0.000892642261
5,2878,0.000891725522
5,2879,0.000890809746
5,2880,0.000889894932
5,2881,0.000888981079
5,2882,0.000888068186
5,2883,0.000887156252
5,2884,0.000886245276
5,2885,0.000885335256
5,2886,0.000884426193
5,2887,0.000883518085
5,2888,0.000882610930
5,2889,0.000881704729
5,2890,0.000880799479
5,2891,0.000879895180
5,2892,0.000878991831
5,2893,0.000878089431
5,2894,0.000877187980
5,2895,0.000876287475
5,2896,0.000875387915
5,2897,0.000874489301
5,2898,0.000873591631
5,2899,0.000872694904
5,2900,0.000871799119
5,2901,0.000870904275
5,2902,0.000870010370
5,2903,0.000869117405
5,2904,0.000868225378
5,2905,0.000867334288
5,2906,0.000866444133
5,2907,0.000865554914
5,2908,0.000864666629
5,2909,0.000863779277
5,2910,0.000862892858
5,2911,0.000862007369
5,2912,0.000861122811
5,2913,0.000860239181
5,2914,0.000859356480
5,2915,0.000858474707
5,2916,0.000857593859
5,2917,0.000856713937
5,2918,0.000855834939
5,2919,0.000854956864
5,2920,0.000854079712
5,2921,0.000853203481
5,2922,0.000852328171
5,2923,0.000851453780
5,2924,0.000850580307
5,2925,0.000849707753
5,2926,0.000848836114
5,2927,0.000847965392
5,2928,0.000847095584
5,2929,0.000846226689
5,2930,0.000845358708
5,2931,0.000844491638
5,2932,0.000843625479
5,2933,0.000842760230
5,2934,0.000841895890
5,2935,0.000841032458
5,2936,0.000840169932
5,2937,0.000839308313
5,2938,0.000838447599
5,2939,0.000837587789
5,2940,0.000836728882
5,2941,0.000835870878
5,2942,0.000835013774
5,2943,0.000834157572
5,2944,0.000833302268
5,2945,0.000832447863
5,2946,0.000831594355
5,2947,0.000830741744
5,2948,0.000829890029
5,2949,0.000829039209
5,2950,0.000828189282
5,2951,0.000827340248
5,2952,0.000826492105
5,2953,0.000825644854
5,2954,0.000824798493
5,2955,0.000823953021
5,2956,0.000823108437
5,2957,0.000822264740
5,2958,0.000821421929
5,2959,0.000820580004
5,2960,0.000819738963
5,2961,0.000818898805
5,2962,0.000818059531
5,2963,0.000817221137
5,2964,0.000816383625
5,2965,0.000815546992
5,2966,0.000814711238
5,2967,0.000813876362
5,2968,0.000813042363
5,2969,0.000812209240
5,2970,0.000811376992
5,2971,0.000810545619
5,2972,0.000809715119
5,2973,0.000808885491
5,2974,0.000808056735
5,2975,0.000807228849
5,2976,0.000806401833
5,2977,0.000805575685
5,2978,0.000804750406
5,2979,0.000803925993
5,2980,0.000803102447
5,2981,0.000802279765
5,2982,0.000801457948
5,2983,0.000800636994
5,2984,0.000799816902
5,2985,0.000798997672
5,2986,0.000798179303
5,2987,0.000797361793
5,2988,0.000796545141
5,2989,0.000795729348
5,2990,0.000794914412
5,2991,0.000794100331
5,2992,0.000793287106
5,2993,0.000792474735
5,2994,0.000791663218
5,2995,0.000790852553
5,2996,0.000790042739
5,2997,0.000789233776
5,2998,0.000788425663
5,2999,0.000787618399
5,3000,0.000786811983
5,3001,0.000786006414
5,3002,0.000785201691
5,3003,0.000784397813
5,3004,0.000783594780
5,3005,0.000782792591
5,3006,0.000781991244
5,3007,0.000781190739
5,3008,0.000780391074
5,3009,0.000779592250
5,3010,0.000778794265
5,3011,0.000777997118
5,3012,0.000777200809
5,3013,0.000776405336
5,3014,0.000775610698
5,3015,0.000774816896
5,3016,0.000774023927
5,3017,0.000773231791
5,3018,0.000772440487
5,3019,0.000771650015
5,3020,0.000770860373
5,3021,0.000770071560
5,3022,0.000769283576
5,3023,0.000768496420
5,3024,0.000767710090
5,3025,0.000766924587
5,3026,0.000766139909
5,3027,0.000765356055
5,3028,0.000764573024
5,3029,0.000763790816
5,3030,0.000763009430
5,3031,0.000762228864
5,3032,0.000761449118
5,3033,0.000760670192
5,3034,0.000759892084
5,3035,0.000759114793
5,3036,0.000758338318
5,3037,0.000757562659
5,3038,0.000756787815
5,3039,0.000756013785
5,3040,0.000755240568
5,3041,0.000754468164
5,3042,0.000753696570
5,3043,0.000752925787
5,3044,0.000752155814
5,3045,0.000751386650
5,3046,0.000750618293
5,3047,0.000749850744
5,3048,0.000749084001
5,3049,0.000748318064
5,3050,0.000747552931
5,3051,0.000746788602
5,3052,0.000746025075
5,3053,0.000745262351
5,3054,0.000744500428
5,3055,0.000743739305
5,3056,0.000742978982
5,3057,0.000742219457
5,3058,0.000741460731
5,3059,0.000740702801
5,3060,0.000739945668
5,3061,0.000739189330
5,3062,0.000738433786
5,3063,0.000737679036
5,3064,0.000736925079
5,3065,0.000736171914
5,3066,0.000735419540
5,3067,0.000734667956
5,3068,0.000733917162
5,3069,0.000733167156
5,3070,0.000732417939
5,3071,0.000731669508
5,3072,0.000730921864
5,3073,0.000730175005
5,3074,0.000729428930
5,3075,0.000728683639
5,3076,0.000727939132
5,3077,0.000727195406
5,3078,0.000726452461
5,3079,0.000725710297
5,3080,0.000724968913
5,3081,0.000724228307
5,3082,0.000723488479
5,3083,0.000722749428
5,3084,0.000722011154
5,3085,0.000721273655
5,3086,0.000720536931
5,3087,0.000719800981
5,3088,0.000719065804
5,3089,0.000718331399
5,3090,0.000717597766
5,3091,0.000716864903
5,3092,0.000716132811
5,3093,0.000715401487
5,3094,0.000714670931
5,3095,0.000713941143
5,3096,0.000713212121
5,3097,0.000712483866
5,3098,0.000711756375
5,3099,0.000711029648
5,3100,0.000710303685
5,3101,0.000709578485
5,3102,0.000708854046
5,3103,0.000708130368
5,3104,0.000707407450
5,3105,0.000706685292
5,3106,0.000705963893
5,3107,0.000705243251
5,3108,0.000704523366
5,3109,0.000703804237
5,3110,0.000703085864
5,3111,0.000702368246
5,3112,0.000701651381
5,3113,0.000700935269
5,3114,0.000700219910
5,3115,0.000699505302
5,3116,0.000698791444
5,3117,0.000698078337
5,3118,0.000697365978
5,3119,0.000696654368
5,3120,0.000695943506
5,3121,0.000695233390
5,3122,0.000694524020
5,3123,0.000693815395
5,3124,0.000693107515
5,3125,0.000692400378
5,3126,0.000691693984
5,3127,0.000690988332
5,3128,0.000690283422
5,3129,0.000689579251
5,3130,0.000688875821
5,3131,0.000688173129
5,3132,0.000687471176
5,3133,0.000686769960
5,3134,0.000686069480
5,3135,0.000685369737
5,3136,0.000684670728
5,3137,0.000683972454
5,3138,0.000683274913
5,3139,0.000682578105
5,3140,0.000681882029
5,3141,0.000681186684
5,3142,0.000680492070
5,3143,0.000679798185
5,3144,0.000679105029
5,3145,0.000678412601
5,3146,0.000677720901
5,3147,0.000677029927
5,3148,0.000676339679
5,3149,0.000675650156
5,3150,0.000674961357
5,3151,0.000674273282
5,3152,0.000673585930
5,3153,0.000672899300
5,3154,0.000672213391
5,3155,0.000671528202
5,3156,0.000670843734
5,3157,0.000670159984
5,3158,0.000669476953
5,3159,0.000668794639
5,3160,0.000668113041
5,3161,0.000667432160
5,3162,0.000666751994
5,3163,0.000666072543
5,3164,0.000665393805
5,3165,0.000664715780
5,3166,0.000664038468
5,3167,0.000663361867
5,3168,0.000662685976
5,3169,0.000662010796
5,3170,0.000661336325
5,3171,0.000660662562
5,3172,0.000659989508
5,3173,0.000659317160
5,3174,0.000658645518
5,3175,0.000657974582
5,3176,0.000657304351
5,3177,0.000656634824
5,3178,0.000655966000
5,3179,0.000655297879
5,3180,0.000654630459
5,3181,0.000653963741
5,3182,0.000653297723
5,3183,0.000652632405
5,3184,0.000651967785
5,3185,0.000651303864
5,3186,0.000650640640
5,3187,0.000649978113
5,3188,0.000649316281
5,3189,0.000648655145
5,3190,0.000647994704
5,3191,0.000647334956
5,3192,0.000646675901
5,3193,0.000646017539
5,3194,0.000645359868
5,3195,0.000644702888
5,3196,0.000644046598
5,3197,0.000643390998
5,3198,0.000642736086
5,3199,0.000642081862
5,3200,0.000641428325
5,3201,0.000640775475
5,3202,0.000640123311
5,3203,0.000639471832
5,3204,0.000638821037
5,3205,0.000638170925
5,3206,0.000637521497
5,3207,0.000636872751
5,3208,0.000636224686
5,3209,0.000635577302
5,3210,0.000634930598
5,3211,0.000634284574
5,3212,0.000633639228
5,3213,0.000632994560
5,3214,0.000632350569
5,3215,0.000631707255
5,3216,0.000631064616
5,3217,0.000630422653
5,3218,0.000629781364
5,3219,0.000629140748
5,3220,0.000628500805
5,3221,0.000627861535
5,3222,0.000627222936
5,3223,0.000626585008
5,3224,0.000625947750
5,3225,0.000625311162
5,3226,0.000624675242
5,3227,0.000624039990
5,3228,0.000623405406
5,3229,0.000622771488
5,3230,0.000622138236
5,3231,0.000621505650
5,3232,0.000620873727
5,3233,0.000620242469
5,3234,0.000619611874
5,3235,0.000618981941
5,3236,0.000618352669
5,3237,0.000617724059
5,3238,0.000617096109
5,3239,0.000616468819
5,3240,0.000615842188
5,3241,0.000615216215
5,3242,0.000614590899
5,3243,0.000613966241
5,3244,0.000613342238
5,3245,0.000612718891
5,3246,0.000612096199
5,3247,0.000611474161
5,3248,0.000610852777
5,3249,0.000610232045
5,3250,0.000609611965
5,3251,0.000608992536
5,3252,0.000608373759
5,3253,0.000607755631
5,3254,0.000607138152
5,3255,0.000606521323
5,3256,0.000605905141
5,3257,0.000605289606
5,3258,0.000604674718
5,3259,0.000604060476
5,3260,0.000603446879
5,3261,0.000602833927
5,3262,0.000602221618
5,3263,0.000601609953
5,3264,0.000600998930
5,3265,0.000600388550
5,3266,0.000599778810
5,3267,0.000599169711
5,3268,0.000598561251
5,3269,0.000597953431
5,3270,0.000597346250
5,3271,0.000596739706
5,3272,0.000596133799
5,3273,0.000595528529
5,3274,0.000594923894
5,3275,0.000594319895
5,3276,0.000593716530
5,3277,0.000593113799
5,3278,0.000592511701
5,3279,0.000591910236
5,3280,0.000591309402
5,3281,0.000590709200
5,3282,0.000590109628
5,3283,0.000589510686
5,3284,0.000588912373
5,3285,0.000588314688
5,3286,0.000587717632
5,3287,0.000587121202
5,3288,0.000586525399
5,3289,0.000585930222
5,3290,0.000585335670
5,3291,0.000584741743
5,3292,0.000584148440
5,3293,0.000583555759
5,3294,0.000582963702
5,3295,0.000582372266
5,3296,0.000581781452
5,3297,0.000581191258
5,3298,0.000580601684
5,3299,0.000580012730
5,3300,0.000579424394
5,3301,0.000578836676
5,3302,0.000578249576
5,3303,0.000577663092
5,3304,0.000577077225
5,3305,0.000576491972
5,3306,0.000575907335
5,3307,0.000575323312
5,3308,0.000574739902
5,3309,0.000574157105
5,3310,0.000573574920
5,3311,0.000572993347
5,3312,0.000572412385
5,3313,0.000571832033
5,3314,0.000571252291
5,3315,0.000570673157
5,3316,0.000570094632
5,3317,0.000569516715
5,3318,0.000568939405
5,3319,0.000568362701
5,3320,0.000567786603
5,3321,0.000567211110
5,3322,0.000566636222
5,3323,0.000566061938
5,3324,0.000565488256
5,3325,0.000564915178
5,3326,0.000564342701
5,3327,0.000563770826
5,3328,0.000563199552
5,3329,0.000562628878
5,3330,0.000562058803
5,3331,0.000561489327
5,3332,0.000560920449
5,3333,0.000560352169
5,3334,0.000559784485
5,3335,0.000559217399
5,3336,0.000558650907
5,3337,0.000558085011
5,3338,0.000557519709
5,3339,0.000556955002
5,3340,0.000556390887
5,3341,0.000555827365
5,3342,0.000555264435
5,3343,0.000554702096
5,3344,0.000554140348
5,3345,0.000553579190
5,3346,0.000553018621
5,3347,0.000552458641
5,3348,0.000551899250
5,3349,0.000551340446
5,3350,0.000550782229
5,3351,0.000550224599
5,3352,0.000549667554
5,3353,0.000549111094
5,3354,0.000548555219
5,3355,0.000547999928
5,3356,0.000547445221
5,3357,0.000546891095
5,3358,0.000546337552
5,3359,0.000545784591
5,3360,0.000545232210
5,3361,0.000544680410
5,3362,0.000544129189
5,3363,0.000543578547
5,3364,0.000543028484
5,3365,0.000542478998
5,3366,0.000541930090
5,3367,0.000541381758
5,3368,0.000540834003
5,3369,0.000540286822
5,3370,0.000539740217
5,3371,0.000539194186
5,3372,0.000538648728
5,3373,0.000538103843
5,3374,0.000537559531
5,3375,0.000537015790
5,3376,0.000536472621
5,3377,0.000535930022
5,3378,0.000535387993
5,3379,0.000534846533
5,3380,0.000534305643
5,3381,0.000533765320
5,3382,0.000533225565
5,3383,0.000532686377
5,3384,0.000532147755
5,3385,0.000531609700
5,3386,0.000531072209
5,3387,0.000530535283
5,3388,0.000529998921
5,3389,0.000529463123
5,3390,0.000528927887
5,3391,0.000528393213
5,3392,0.000527859102
5,3393,0.000527325551
5,3394,0.000526792560
5,3395,0.000526260130
5,3396,0.000525728259
5,3397,0.000525196947
5,3398,0.000524666192
5,3399,0.000524135996
5,3400,0.000523606356
5,3401,0.000523077272
5,3402,0.000522548745
5,3403,0.000522020772
5,3404,0.000521493354
5,3405,0.000520966490
5,3406,0.000520440180
5,3407,0.000519914423
5,3408,0.000519389217
5,3409,0.000518864564
5,3410,0.000518340461
5,3411,0.000517816910
5,3412,0.000517293908
5,3413,0.000516771455
5,3414,0.000516249551
5,3415,0.000515728196
5,3416,0.000515207388
5,3417,0.000514687128
5,3418,0.000514167413
5,3419,0.000513648245
5,3420,0.000513129622
5,3421,0.000512611544
5,3422,0.000512094010
5,3423,0.000511577020
5,3424,0.000511060573
5,3425,0.000510544668
5,3426,0.000510029305
5,3427,0.000509514484
5,3428,0.000509000203
5,3429,0.000508486463
5,3430,0.000507973262
5,3431,0.000507460601
5,3432,0.000506948478
5,3433,0.000506436893
5,3434,0.000505925845
5,3435,0.000505415334
5,3436,0.000504905360
5,3437,0.000504395921
5,3438,0.000503887017
5,3439,0.000503378648
5,3440,0.000502870813
5,3441,0.000502363511
5,3442,0.000501856742
5,3443,0.000501350506
5,3444,0.000500844801
5,3445,0.000500339628
5,3446,0.000499834985
5,3447,0.000499330872
5,3448,0.000498827289
5,3449,0.000498324235
5,3450,0.000497821709
5,3451,0.000497319711
5,3452,0.000496818241
5,3453,0.000496317297
5,3454,0.000495816880
5,3455,0.000495316988
5,3456,0.000494817621
5,3457,0.000494318779
5,3458,0.000493820461
5,3459,0.000493322666
5,3460,0.000492825394
5,3461,0.000492328645
5,3462,0.000491832417
5,3463,0.000491336711
5,3464,0.000490841525
5,3465,0.000490346860
5,3466,0.000489852714
5,3467,0.000489359087
5,3468,0.000488865979
5,3469,0.000488373389
5,3470,0.000487881316
5,3471,0.000487389760
5,3472,0.000486898720
5,3473,0.000486408197
5,3474,0.000485918188
5,3475,0.000485428694
5,3476,0.000484939715
5,3477,0.000484451249
5,3478,0.000483963296
5,3479,0.000483475856
5,3480,0.000482988928
5,3481,0.000482502511
5,3482,0.000482016606
5,3483,0.000481531210
5,3484,0.000481046325
5,3485,0.000480561949
5,3486,0.000480078082
5,3487,0.000479594723
5,3488,0.000479111871
5,3489,0.000478629527
5,3490,0.000478147690
5,3491,0.000477666359
5,3492,0.000477185533
5,3493,0.000476705213
5,3494,0.000476225397
5,3495,0.000475746085
5,3496,0.000475267277
5,3497,0.000474788971
5,3498,0.000474311168
5,3499,0.000473833867
5,3500,0.000473357068
5,3501,0.000472880769
5,3502,0.000472404970
5,3503,0.000471929672
5,3504,0.000471454872
5,3505,0.000470980572
5,3506,0.000470506769
5,3507,0.000470033464
5,3508,0.000469560657
5,3509,0.000469088346
5,3510,0.000468616531
5,3511,0.000468145212
5,3512,0.000467674388
5,3513,0.000467204059
5,3514,0.000466734223
5,3515,0.000466264882
5,3516,0.000465796033
5,3517,0.000465327676
5,3518,0.000464859812
5,3519,0.000464392439
5,3520,0.000463925557
5,3521,0.000463459166
5,3522,0.000462993264
5,3523,0.000462527852
5,3524,0.000462062929
5,3525,0.000461598494
5,3526,0.000461134547
5,3527,0.000460671088
5,3528,0.000460208115
5,3529,0.000459745628
5,3530,0.000459283628
5,3531,0.000458822112
5,3532,0.000458361082
5,3533,0.000457900536
5,3534,0.000457440473
5,3535,0.000456980894
5,3536,0.000456521798
5,3537,0.000456063184
5,3538,0.000455605051
5,3539,0.000455147400
5,3540,0.000454690230
5,3541,0.000454233539
5,3542,0.000453777329
5,3543,0.000453321598
5,3544,0.000452866345
5,3545,0.000452411571
5,3546,0.000451957275
5,3547,0.000451503455
5,3548,0.000451050113
5,3549,0.000450597246
5,3550,0.000450144856
5,3551,0.000449692940
5,3552,0.000449241499
5,3553,0.000448790533
5,3554,0.000448340040
5,3555,0.000447890021
5,3556,0.000447440474
5,3557,0.000446991399
5,3558,0.000446542796
5,3559,0.000446094665
5,3560,0.000445647004
5,3561,0.000445199813
5,3562,0.000444753092
5,3563,0.000444306841
5,3564,0.000443861058
5,3565,0.000443415743
5,3566,0.000442970896
5,3567,0.000442526517
5,3568,0.000442082604
5,3569,0.000441639158
5,3570,0.000441196177
5,3571,0.000440753662
5,3572,0.000440311611
5,3573,0.000439870025
5,3574,0.000439428903
5,3575,0.000438988244
5,3576,0.000438548048
5,3577,0.000438108315
5,3578,0.000437669043
5,3579,0.000437230233
5,3580,0.000436791884
5,3581,0.000436353995
5,3582,0.000435916566
5,3583,0.000435479597
5,3584,0.000435043087
5,3585,0.000434607035
5,3586,0.000434171441
5,3587,0.000433736305
5,3588,0.000433301626
5,3589,0.000432867404
5,3590,0.000432433638
5,3591,0.000432000327
5,3592,0.000431567472
5,3593,0.000431135071
5,3594,0.000430703124
5,3595,0.000430271632
5,3596,0.000429840592
5,3597,0.000429410005
5,3598,0.000428979871
5,3599,0.000428550188
5,3600,0.000428120957
5,3601,0.000427692177
5,3602,0.000427263847
5,3603,0.000426835967
5,3604,0.000426408536
5,3605,0.000425981555
5,3606,0.000425555022
5,3607,0.000425128937
5,3608,0.000424703300
5,3609,0.000424278109
5,3610,0.000423853366
5,3611,0.000423429068
5,3612,0.000423005217
5,3613,0.000422581810
5,3614,0.000422158848
5,3615,0.000421736331
5,3616,0.000421314257
5,3617,0.000420892627
5,3618,0.000420471440
5,3619,0.000420050695
5,3620,0.000419630392
5,3621,0.000419210531
5,3622,0.000418791110
5,3623,0.000418372131
5,3624,0.000417953591
5,3625,0.000417535491
5,3626,0.000417117830
5,3627,0.000416700608
5,3628,0.000416283824
5,3629,0.000415867479
5,3630,0.000415451570
5,3631,0.000415036098
5,3632,0.000414621063
5,3633,0.000414206464
5,3634,0.000413792300
5,3635,0.000413378571
5,3636,0.000412965277
5,3637,0.000412552417
5,3638,0.000412139991
5,3639,0.000411727998
5,3640,0.000411316437
5,3641,0.000410905309
5,3642,0.000410494613
5,3643,0.000410084349
5,3644,0.000409674515
5,3645,0.000409265112
5,3646,0.000408856139
5,3647,0.000408447595
5,3648,0.000408039481
5,3649,0.000407631795
5,3650,0.000407224538
5,3651,0.000406817708
5,3652,0.000406411306
5,3653,0.000406005331
5,3654,0.000405599782
5,3655,0.000405194659
5,3656,0.000404789962
5,3657,0.000404385690
5,3658,0.000403981842
5,3659,0.000403578419
5,3660,0.000403175419
5,3661,0.000402772843
5,3662,0.000402370690
5,3663,0.000401968959
5,3664,0.000401567650
5,3665,0.000401166763
5,3666,0.000400766297
5,3667,0.000400366251
5,3668,0.000399966626
5,3669,0.000399567420
5,3670,0.000399168634
5,3671,0.000398770267
5,3672,0.000398372318
5,3673,0.000397974788
5,3674,0.000397577674
5,3675,0.000397180978
5,3676,0.000396784699
5,3677,0.000396388836
5,3678,0.000395993389
5,3679,0.000395598357
5,3680,0.000395203740
5,3681,0.000394809538
5,3682,0.000394415750
5,3683,0.000394022375
5,3684,0.000393629414
5,3685,0.000393236866
5,3686,0.000392844729
5,3687,0.000392453005
5,3688,0.000392061692
5,3689,0.000391670791
5,3690,0.000391280300
5,3691,0.000390890219
5,3692,0.000390500548
5,3693,0.000390111286
5,3694,0.000389722433
5,3695,0.000389333989
5,3696,0.000388945952
5,3697,0.000388558323
5,3698,0.000388171102
5,3699,0.000387784287
5,3700,0.000387397879
5,3701,0.000387011876
5,3702,0.000386626279
5,3703,0.000386241087
5,3704,0.000385856299
5,3705,0.000385471916
5,3706,0.000385087937
5,3707,0.000384704361
5,3708,0.000384321188
5,3709,0.000383938417
5,3710,0.000383556048
5,3711,0.000383174081
5,3712,0.000382792516
5,3713,0.000382411351
5,3714,0.000382030586
5,3715,0.000381650222
5,3716,0.000381270257
5,3717,0.000380890691
5,3718,0.000380511524
5,3719,0.000380132755
5,3720,0.000379754385
5,3721,0.000379376411
5,3722,0.000378998835
5,3723,0.000378621655
5,3724,0.000378244871
5,3725,0.000377868484
5,3726,0.000377492491
5,3727,0.000377116894
5,3728,0.000376741691
5,3729,0.000376366882
5,3730,0.000375992467
5,3731,0.000375618446
5,3732,0.000375244817
5,3733,0.000374871580
5,3734,0.000374498736
5,3735,0.000374126284
5,3736,0.000373754222
5,3737,0.000373382552
5,3738,0.000373011272
5,3739,0.000372640382
5,3740,0.000372269881
5,3741,0.000371899770
5,3742,0.000371530047
5,3743,0.000371160713
5,3744,0.000370791767
5,3745,0.000370423208
5,3746,0.000370055037
5,3747,0.000369687252
5,3748,0.000369319854
5,3749,0.000368952841
5,3750,0.000368586215
5,3751,0.000368219973
5,3752,0.000367854116
5,3753,0.000367488643
5,3754,0.000367123554
5,3755,0.000366758849
5,3756,0.000366394527
5,3757,0.000366030587
5,3758,0.000365667030
5,3759,0.000365303855
5,3760,0.000364941061
5,3761,0.000364578648
5,3762,0.000364216616
5,3763,0.000363854964
5,3764,0.000363493693
5,3765,0.000363132800
5,3766,0.000362772287
5,3767,0.000362412153
5,3768,0.000362052396
5,3769,0.000361693018
5,3770,0.000361334017
5,3771,0.000360975394
5,3772,0.000360617147
5,3773,0.000360259276
5,3774,0.000359901781
5,3775,0.000359544662
5,3776,0.000359187918
5,3777,0.000358831549
5,3778,0.000358475554
5,3779,0.000358119933
5,3780,0.000357764686
5,3781,0.000357409811
5,3782,0.000357055310
5,3783,0.000356701181
5,3784,0.000356347424
5,3785,0.000355994038
5,3786,0.000355641024
5,3787,0.000355288381
5,3788,0.000354936108
5,3789,0.000354584205
5,3790,0.000354232671
5,3791,0.000353881507
5,3792,0.000353530712
5,3793,0.000353180286
5,3794,0.000352830227
5,3795,0.000352480536
5,3796,0.000352131213
5,3797,0.000351782256
5,3798,0.000351433666
5,3799,0.000351085442
5,3800,0.000350737584
5,3801,0.000350390092
5,3802,0.000350042964
5,3803,0.000349696201
5,3804,0.000349349803
5,3805,0.000349003768
5,3806,0.000348658097
5,3807,0.000348312789
5,3808,0.000347967843
5,3809,0.000347623260
5,3810,0.000347279039
5,3811,0.000346935179
5,3812,0.000346591681
5,3813,0.000346248543
5,3814,0.000345905766
5,3815,0.000345563349
5,3816,0.000345221292
5,3817,0.000344879594
5,3818,0.000344538255
5,3819,0.000344197275
5,3820,0.000343856652
5,3821,0.000343516388
5,3822,0.000343176481
5,3823,0.000342836931
5,3824,0.000342497738
5,3825,0.000342158901
5,3826,0.000341820419
5,3827,0.000341482294
5,3828,0.000341144524
5,3829,0.000340807108
5,3830,0.000340470047
5,3831,0.000340133340
5,3832,0.000339796987
5,3833,0.000339460987
5,3834,0.000339125340
5,3835,0.000338790045
5,3836,0.000338455103
5,3837,0.000338120513
5,3838,0.000337786274
5,3839,0.000337452386
5,3840,0.000337118849
5,3841,0.000336785662
5,3842,0.000336452825
5,3843,0.000336120338
5,3844,0.000335788200
5,3845,0.000335456412
5,3846,0.000335124971
5,3847,0.000334793879
5,3848,0.000334463134
5,3849,0.000334132737
5,3850,0.000333802688
5,3851,0.000333472984
5,3852,0.000333143627
5,3853,0.000332814616
5,3854,0.000332485951
5,3855,0.000332157631
5,3856,0.000331829656
5,3857,0.000331502025
5,3858,0.000331174739
5,3859,0.000330847796
5,3860,0.000330521197
5,3861,0.000330194941
5,3862,0.000329869027
5,3863,0.000329543456
5,3864,0.000329218227
5,3865,0.000328893339
5,3866,0.000328568793
5,3867,0.000328244588
5,3868,0.000327920723
5,3869,0.000327597199
5,3870,0.000327274014
5,3871,0.000326951169
5,3872,0.000326628663
5,3873,0.000326306496
5,3874,0.000325984667
5,3875,0.000325663176
5,3876,0.000325342023
5,3877,0.000325021207
5,3878,0.000324700729
5,3879,0.000324380587
5,3880,0.000324060781
5,3881,0.000323741311
5,3882,0.000323422177
5,3883,0.000323103378
5,3884,0.000322784914
5,3885,0.000322466784
5,3886,0.000322148989
5,3887,0.000321831527
5,3888,0.000321514399
5,3889,0.000321197604
5,3890,0.000320881142
5,3891,0.000320565012
5,3892,0.000320249215
5,3893,0.000319933749
5,3894,0.000319618614
5,3895,0.000319303811
5,3896,0.000318989338
5,3897,0.000318675195
5,3898,0.000318361383
5,3899,0.000318047900
5,3900,0.000317734746
5,3901,0.000317421922
5,3902,0.000317109426
5,3903,0.000316797258
5,3904,0.000316485418
5,3905,0.000316173906
5,3906,0.000315862721
5,3907,0.000315551863
5,3908,0.000315241331
5,3909,0.000314931126
5,3910,0.000314621247
5,3911,0.000314311693
5,3912,0.000314002464
5,3913,0.000313693560
5,3914,0.000313384980
5,3915,0.000313076725
5,3916,0.000312768793
5,3917,0.000312461185
5,3918,0.000312153900
5,3919,0.000311846938
5,3920,0.000311540298
5,3921,0.000311233981
5,3922,0.000310927985
5,3923,0.000310622311
5,3924,0.000310316957
5,3925,0.000310011925
5,3926,0.000309707213
5,3927,0.000309402821
5,3928,0.000309098748
5,3929,0.000308794995
5,3930,0.000308491562
5,3931,0.000308188447
5,3932,0.000307885650
5,3933,0.000307583171
5,3934,0.000307281011
5,3935,0.000306979167
5,3936,0.000306677641
5,3937,0.000306376431
5,3938,0.000306075538
5,3939,0.000305774961
5,3940,0.000305474699
5,3941,0.000305174753
5,3942,0.000304875123
5,3943,0.000304575806
5,3944,0.000304276805
5,3945,0.000303978117
5,3946,0.000303679743
5,3947,0.000303381683
5,3948,0.000303083935
5,3949,0.000302786501
5,3950,0.000302489379
5,3951,0.000302192569
5,3952,0.000301896070
5,3953,0.000301599884
5,3954,0.000301304008
5,3955,0.000301008443
5,3956,0.000300713189
5,3957,0.000300418245
5,3958,0.000300123610
5,3959,0.000299829285
5,3960,0.000299535270
5,3961,0.000299241563
5,3962,0.000298948164
5,3963,0.000298655074
5,3964,0.000298362292
5,3965,0.000298069817
5,3966,0.000297777650
5,3967,0.000297485789
5,3968,0.000297194235
5,3969,0.000296902988
5,3970,0.000296612046
5,3971,0.000296321410
5,3972,0.000296031079
5,3973,0.000295741053
5,3974,0.000295451332
5,3975,0.000295161915
5,3976,0.000294872802
5,3977,0.000294583993
5,3978,0.000294295487
5,3979,0.000294007284
5,3980,0.000293719384
5,3981,0.000293431787
5,3982,0.000293144492
5,3983,0.000292857498
5,3984,0.000292570806
5,3985,0.000292284415
5,3986,0.000291998325
5,3987,0.000291712535
5,3988,0.000291427045
5,3989,0.000291141856
5,3990,0.000290856966
5,3991,0.000290572375
5,3992,0.000290288084
5,3993,0.000290004090
5,3994,0.000289720396
5,3995,0.000289436999
5,3996,0.000289153900
5,3997,0.000288871098
5,3998,0.000288588593
5,3999,0.000288306386
5,4000,0.000288024474
5,4001,0.000287742859
5,4002,0.000287461539
5,4003,0.000287180515
5,4004,0.000286899787
5,4005,0.000286619353
5,4006,0.000286339214
5,4007,0.000286059369
5,4008,0.000285779817
5,4009,0.000285500560
5,4010,0.000285221596
5,4011,0.000284942925
5,4012,0.000284664547
5,4013,0.000284386461
5,4014,0.000284108667
5,4015,0.000283831165
5,4016,0.000283553955
5,4017,0.000283277036
5,4018,0.000283000407
5,4019,0.000282724070
5,4020,0.000282448022
5,4021,0.000282172265
5,4022,0.000281896797
5,4023,0.000281621618
5,4024,0.000281346729
5,4025,0.000281072128
5,4026,0.000280797816
5,4027,0.000280523792
5,4028,0.000280250056
5,4029,0.000279976608
5,4030,0.000279703446
5,4031,0.000279430572
5,4032,0.000279157984
5,4033,0.000278885682
5,4034,0.000278613667
5,4035,0.000278341937
5,4036,0.000278070493
5,4037,0.000277799334
5,4038,0.000277528460
5,4039,0.000277257870
5,4040,0.000276987565
5,4041,0.000276717543
5,4042,0.000276447805
5,4043,0.000276178351
5,4044,0.000275909179
5,4045,0.000275640291
5,4046,0.000275371684
5,4047,0.000275103360
5,4048,0.000274835318
5,4049,0.000274567557
5,4050,0.000274300078
5,4051,0.000274032879
5,4052,0.000273765962
5,4053,0.000273499324
5,4054,0.000273232967
5,4055,0.000272966890
5,4056,0.000272701092
5,4057,0.000272435573
5,4058,0.000272170333
5,4059,0.000271905372
5,4060,0.000271640689
5,4061,0.000271376284
5,4062,0.000271112157
5,4063,0.000270848307
5,4064,0.000270584735
5,4065,0.000270321439
5,4066,0.000270058420
5,4067,0.000269795677
5,4068,0.000269533211
5,4069,0.000269271019
5,4070,0.000269009104
5,4071,0.000268747463
5,4072,0.000268486098
5,4073,0.000268225007
5,4074,0.000267964190
5,4075,0.000267703647
5,4076,0.000267443378
5,4077,0.000267183382
5,4078,0.000266923659
5,4079,0.000266664209
5,4080,0.000266405032
5,4081,0.000266146127
5,4082,0.000265887494
5,4083,0.000265629133
5,4084,0.000265371043
5,4085,0.000265113224
5,4086,0.000264855676
5,4087,0.000264598398
5,4088,0.000264341391
5,4089,0.000264084654
5,4090,0.000263828186
5,4091,0.000263571988
5,4092,0.000263316059
5,4093,0.000263060399
5,4094,0.000262805007
5,4095,0.000262549884
5,4096,0.000262295028
5,4097,0.000262040441
5,4098,0.000261786120
5,4099,0.000261532067
5,4100,0.000261278281
5,4101,0.000261024761
5,4102,0.000260771508
5,4103,0.000260518521
5,4104,0.000260265799
5,4105,0.000260013343
5,4106,0.000259761152
5,4107,0.000259509226
5,4108,0.000259257565
5,4109,0.000259006168
5,4110,0.000258755035
5,4111,0.000258504166
5,4112,0.000258253561
5,4113,0.000258003218
5,4114,0.000257753139
5,4115,0.000257503322
5,4116,0.000257253768
5,4117,0.000257004476
5,4118,0.000256755446
5,4119,0.000256506677
5,4120,0.000256258170
5,4121,0.000256009924
5,4122,0.000255761938
5,4123,0.000255514214
5,4124,0.000255266749
5,4125,0.000255019544
5,4126,0.000254772599
5,4127,0.000254525913
5,4128,0.000254279487
5,4129,0.000254033319
5,4130,0.000253787410
5,4131,0.000253541759
5,4132,0.000253296366
5,4133,0.000253051231
5,4134,0.000252806354
5,4135,0.000252561734
5,4136,0.000252317370
5,4137,0.000252073264
5,4138,0.000251829414
5,4139,0.000251585820
5,4140,0.000251342481
5,4141,0.000251099399
5,4142,0.000250856572
5,4143,0.000250614000
5,4144,0.000250371682
5,4145,0.000250129620
5,4146,0.000249887811
5,4147,0.000249646257
5,4148,0.000249404956
5,4149,0.000249163909
5,4150,0.000248923115
5,4151,0.000248682574
5,4152,0.000248442285
5,4153,0.000248202249
5,4154,0.000247962466
5,4155,0.000247722934
5,4156,0.000247483653
5,4157,0.000247244624
5,4158,0.000247005846
5,4159,0.000246767319
5,4160,0.000246529043
5,4161,0.000246291017
5,4162,0.000246053240
5,4163,0.000245815714
5,4164,0.000245578437
5,4165,0.000245341409
5,4166,0.000245104631
5,4167,0.000244868101
5,4168,0.000244631819
5,4169,0.000244395786
5,4170,0.000244160001
5,4171,0.000243924463
5,4172,0.000243689173
5,4173,0.000243454130
5,4174,0.000243219334
5,4175,0.000242984784
5,4176,0.000242750481
5,4177,0.000242516424
5,4178,0.000242282613
5,4179,0.000242049047
5,4180,0.000241815727
5,4181,0.000241582652
5,4182,0.000241349822
5,4183,0.000241117236
5,4184,0.000240884895
5,4185,0.000240652798
5,4186,0.000240420944
5,4187,0.000240189334
5,4188,0.000239957968
5,4189,0.000239726844
5,4190,0.000239495963
5,4191,0.000239265325
5,4192,0.000239034929
5,4193,0.000238804775
5,4194,0.000238574863
5,4195,0.000238345192
5,4196,0.000238115763
5,4197,0.000237886574
5,4198,0.000237657626
5,4199,0.000237428919
5,4200,0.000237200452
5,4201,0.000236972225
5,4202,0.000236744238
5,4203,0.000236516490
5,4204,0.000236288982
5,4205,0.000236061712
5,4206,0.000235834682
5,4207,0.000235607889
5,4208,0.000235381335
5,4209,0.000235155019
5,4210,0.000234928941
5,4211,0.000234703100
5,4212,0.000234477497
5,4213,0.000234252130
5,4214,0.000234027000
5,4215,0.000233802107
5,4216,0.000233577450
5,4217,0.000233353029
5,4218,0.000233128843
5,4219,0.000232904893
5,4220,0.000232681179
5,4221,0.000232457699
5,4222,0.000232234454
5,4223,0.000232011444
5,4224,0.000231788667
5,4225,0.000231566125
5,4226,0.000231343817
5,4227,0.000231121742
5,4228,0.000230899901
5,4229,0.000230678292
5,4230,0.000230456916
5,4231,0.000230235773
5,4232,0.000230014862
5,4233,0.000229794184
5,4234,0.000229573737
5,4235,0.000229353521
5,4236,0.000229133537
5,4237,0.000228913784
5,4238,0.000228694262
5,4239,0.000228474970
5,4240,0.000228255909
5,4241,0.000228037078
5,4242,0.000227818477
5,4243,0.000227600105
5,4244,0.000227381963
5,4245,0.000227164050
5,4246,0.000226946366
5,4247,0.000226728910
5,4248,0.000226511683
5,4249,0.000226294684
5,4250,0.000226077913
5,4251,0.000225861370
5,4252,0.000225645054
5,4253,0.000225428966
5,4254,0.000225213104
5,4255,0.000224997470
5,4256,0.000224782061
5,4257,0.000224566879
5,4258,0.000224351923
5,4259,0.000224137193
5,4260,0.000223922689
5,4261,0.000223708409
5,4262,0.000223494355
5,4263,0.000223280526
5,4264,0.000223066921
5,4265,0.000222853541
5,4266,0.000222640385
5,4267,0.000222427453
5,4268,0.000222214744
5,4269,0.000222002259
5,4270,0.000221789997
5,4271,0.000221577958
5,4272,0.000221366142
5,4273,0.000221154548
5,4274,0.000220943177
5,4275,0.000220732027
5,4276,0.000220521100
5,4277,0.000220310393
5,4278,0.000220099909
5,4279,0.000219889645
5,4280,0.000219679602
5,4281,0.000219469780
5,4282,0.000219260179
5,4283,0.000219050797
5,4284,0.000218841636
5,4285,0.000218632694
5,4286,0.000218423971
5,4287,0.000218215468
5,4288,0.000218007184
5,4289,0.000217799119
5,4290,0.000217591272
5,4291,0.000217383644
5,4292,0.000217176234
5,4293,0.000216969041
5,4294,0.000216762066
5,4295,0.000216555309
5,4296,0.000216348769
5,4297,0.000216142446
5,4298,0.000215936339
5,4299,0.000215730449
5,4300,0.000215524776
5,4301,0.000215319318
5,4302,0.000215114076
5,4303,0.000214909050
5,4304,0.000214704239
5,4305,0.000214499643
5,4306,0.000214295263
5,4307,0.000214091097
5,4308,0.000213887145
5,4309,0.000213683408
5,4310,0.000213479884
5,4311,0.000213276575
5,4312,0.000213073479
5,4313,0.000212870596
5,4314,0.000212667927
5,4315,0.000212465470
5,4316,0.000212263226
5,4317,0.000212061194
5,4318,0.000211859375
5,4319,0.000211657768
5,4320,0.000211456372
5,4321,0.000211255188
5,4322,0.000211054216
5,4323,0.000210853454
5,4324,0.000210652904
5,4325,0.000210452564
5,4326,0.000210252434
5,4327,0.000210052515
5,4328,0.000209852806
5,4329,0.000209653306
5,4330,0.000209454016
5,4331,0.000209254936
5,4332,0.000209056064
5,4333,0.000208857402
5,4334,0.000208658948
5,4335,0.000208460703
5,4336,0.000208262665
5,4337,0.000208064836
5,4338,0.000207867215
5,4339,0.000207669801
5,4340,0.000207472595
5,4341,0.000207275596
5,4342,0.000207078804
5,4343,0.000206882218
5,4344,0.000206685839
5,4345,0.000206489666
5,4346,0.000206293700
5,4347,0.000206097939
5,4348,0.000205902384
5,4349,0.000205707034
5,4350,0.000205511889
5,4351,0.000205316950
5,4352,0.000205122215
5,4353,0.000204927685
5,4354,0.000204733359
5,4355,0.000204539237
5,4356,0.000204345320
5,4357,0.000204151605
5,4358,0.000203958095
5,4359,0.000203764788
5,4360,0.000203571683
5,4361,0.000203378782
5,4362,0.000203186083
5,4363,0.000202993587
5,4364,0.000202801292
5,4365,0.000202609200
5,4366,0.000202417310
5,4367,0.000202225621
5,4368,0.000202034134
5,4369,0.000201842847
5,4370,0.000201651762
5,4371,0.000201460877
5,4372,0.000201270193
5,4373,0.000201079709
5,4374,0.000200889426
5,4375,0.000200699342
5,4376,0.000200509457
5,4377,0.000200319773
5,4378,0.000200130287
5,4379,0.000199941001
5,4380,0.000199751913
5,4381,0.000199563024
5,4382,0.000199374334
5,4383,0.000199185842
5,4384,0.000198997547
5,4385,0.000198809451
5,4386,0.000198621552
5,4387,0.000198433850
5,4388,0.000198246346
5,4389,0.000198059038
5,4390,0.000197871928
5,4391,0.000197685014
5,4392,0.000197498296
5,4393,0.000197311774
5,4394,0.000197125449
5,4395,0.000196939319
5,4396,0.000196753384
5,4397,0.000196567645
5,4398,0.000196382101
5,4399,0.000196196752
5,4400,0.000196011598
5,4401,0.000195826638
5,4402,0.000195641872
5,4403,0.000195457301
5,4404,0.000195272923
5,4405,0.000195088739
5,4406,0.000194904748
5,4407,0.000194720951
5,4408,0.000194537347
5,4409,0.000194353936
5,4410,0.000194170717
5,4411,0.000193987691
5,4412,0.000193804857
5,4413,0.000193622215
5,4414,0.000193439765
5,4415,0.000193257507
5,4416,0.000193075440
5,4417,0.000192893565
5,4418,0.000192711880
5,4419,0.000192530386
5,4420,0.000192349083
5,4421,0.000192167971
5,4422,0.000191987048
5,4423,0.000191806316
5,4424,0.000191625774
5,4425,0.000191445421
5,4426,0.000191265257
5,4427,0.000191085283
5,4428,0.000190905498
5,4429,0.000190725902
5,4430,0.000190546495
5,4431,0.000190367275
5,4432,0.000190188245
5,4433,0.000190009402
5,4434,0.000189830747
5,4435,0.000189652280
5,4436,0.000189474000
5,4437,0.000189295908
5,4438,0.000189118002
5,4439,0.000188940284
5,4440,0.000188762752
5,4441,0.000188585407
5,4442,0.000188408248
5,4443,0.000188231275
5,4444,0.000188054488
5,4445,0.000187877886
5,4446,0.000187701470
5,4447,0.000187525240
5,4448,0.000187349195
5,4449,0.000187173334
5,4450,0.000186997658
5,4451,0.000186822167
5,4452,0.000186646860
5,4453,0.000186471738
5,4454,0.000186296799
5,4455,0.000186122044
5,4456,0.000185947473
5,4457,0.000185773085
5,4458,0.000185598880
5,4459,0.000185424858
5,4460,0.000185251019
5,4461,0.000185077363
5,4462,0.000184903889
5,4463,0.000184730597
5,4464,0.000184557487
5,4465,0.000184384559
5,4466,0.000184211813
5,4467,0.000184039248
5,4468,0.000183866865
5,4469,0.000183694662
5,4470,0.000183522641
5,4471,0.000183350800
5,4472,0.000183179140
5,4473,0.000183007660
5,4474,0.000182836360
5,4475,0.000182665240
5,4476,0.000182494300
5,4477,0.000182323539
5,4478,0.000182152958
5,4479,0.000181982556
5,4480,0.000181812333
5,4481,0.000181642289
5,4482,0.000181472423
5,4483,0.000181302736
5,4484,0.000181133227
5,4485,0.000180963896
5,4486,0.000180794743
5,4487,0.000180625768
5,4488,0.000180456970
5,4489,0.000180288350
5,4490,0.000180119906
5,4491,0.000179951640
5,4492,0.000179783550
5,4493,0.000179615637
5,4494,0.000179447900
5,4495,0.000179280340
5,4496,0.000179112955
5,4497,0.000178945747
5,4498,0.000178778714
5,4499,0.000178611856
5,4500,0.000178445174
5,4501,0.000178278667
5,4502,0.000178112335
5,4503,0.000177946177
5,4504,0.000177780194
5,4505,0.000177614385
5,4506,0.000177448751
5,4507,0.000177283290
5,4508,0.000177118004
5,4509,0.000176952891
5,4510,0.000176787951
5,4511,0.000176623185
5,4512,0.000176458591
5,4513,0.000176294171
5,4514,0.000176129923
5,4515,0.000175965848
5,4516,0.000175801946
5,4517,0.000175638215
5,4518,0.000175474656
5,4519,0.000175311270
5,4520,0.000175148055
5,4521,0.000174985011
5,4522,0.000174822138
5,4523,0.000174659437
5,4524,0.000174496907
5,4525,0.000174334547
5,4526,0.000174172358
5,4527,0.000174010339
5,4528,0.000173848490
5,4529,0.000173686812
5,4530,0.000173525303
5,4531,0.000173363964
5,4532,0.000173202794
5,4533,0.000173041794
5,4534,0.000172880963
5,4535,0.000172720301
5,4536,0.000172559807
5,4537,0.000172399482
5,4538,0.000172239326
5,4539,0.000172079338
5,4540,0.000171919518
5,4541,0.000171759865
5,4542,0.000171600381
5,4543,0.000171441064
5,4544,0.000171281914
5,4545,0.000171122932
5,4546,0.000170964116
5,4547,0.000170805468
5,4548,0.000170646985
5,4549,0.000170488670
5,4550,0.000170330521
5,4551,0.000170172538
5,4552,0.000170014721
5,4553,0.000169857069
5,4554,0.000169699583
5,4555,0.000169542263
5,4556,0.000169385108
5,4557,0.000169228118
5,4558,0.000169071293
5,4559,0.000168914633
5,4560,0.000168758137
5,4561,0.000168601805
5,4562,0.000168445638
5,4563,0.000168289635
5,4564,0.000168133796
5,4565,0.000167978120
5,4566,0.000167822608
5,4567,0.000167667260
5,4568,0.000167512074
5,4569,0.000167357052
5,4570,0.000167202192
5,4571,0.000167047495
5,4572,0.000166892961
5,4573,0.000166738589
5,4574,0.000166584379
5,4575,0.000166430331
5,4576,0.000166276445
5,4577,0.000166122720
5,4578,0.000165969157
5,4579,0.000165815756
5,4580,0.000165662515
5,4581,0.000165509436
5,4582,0.000165356517
5,4583,0.000165203759
5,4584,0.000165051161
5,4585,0.000164898724
5,4586,0.000164746446
5,4587,0.000164594329
5,4588,0.000164442372
5,4589,0.000164290574
5,4590,0.000164138935
5,4591,0.000163987456
5,4592,0.000163836136
5,4593,0.000163684975
5,4594,0.000163533973
5,4595,0.000163383129
5,4596,0.000163232444
5,4597,0.000163081917
5,4598,0.000162931548
5,4599,0.000162781338
5,4600,0.000162631285
5,4601,0.000162481389
5,4602,0.000162331651
5,4603,0.000162182071
5,4604,0.000162032647
5,4605,0.000161883381
5,4606,0.000161734271
5,4607,0.000161585318
5,4608,0.000161436521
5,4609,0.000161287881
5,4610,0.000161139396
5,4611,0.000160991068
5,4612,0.000160842896
5,4613,0.000160694879
5,4614,0.000160547018
5,4615,0.000160399312
5,4616,0.000160251761
5,4617,0.000160104365
5,4618,0.000159957124
5,4619,0.000159810038
5,4620,0.000159663106
5,4621,0.000159516329
5,4622,0.000159369705
5,4623,0.000159223236
5,4624,0.000159076921
5,4625,0.000158930759
5,4626,0.000158784751
5,4627,0.000158638896
5,4628,0.000158493194
5,4629,0.000158347646
5,4630,0.000158202250
5,4631,0.000158057007
5,4632,0.000157911917
5,4633,0.000157766979
5,4634,0.000157622194
5,4635,0.000157477560
5,4636,0.000157333078
5,4637,0.000157188748
5,4638,0.000157044570
5,4639,0.000156900543
5,4640,0.000156756668
5,4641,0.000156612944
5,4642,0.000156469370
5,4643,0.000156325948
5,4644,0.000156182676
5,4645,0.000156039554
5,4646,0.000155896583
5,4647,0.000155753762
5,4648,0.000155611091
5,4649,0.000155468570
5,4650,0.000155326199
5,4651,0.000155183977
5,4652,0.000155041905
5,4653,0.000154899982
5,4654,0.000154758208
5,4655,0.000154616583
5,4656,0.000154475106
5,4657,0.000154333779
5,4658,0.000154192600
5,4659,0.000154051569
5,4660,0.000153910686
5,4661,0.000153769951
5,4662,0.000153629364
5,4663,0.000153488925
5,4664,0.000153348633
5,4665,0.000153208489
5,4666,0.000153068491
5,4667,0.000152928641
5,4668,0.000152788938
5,4669,0.000152649382
5,4670,0.000152509972
5,4671,0.000152370708
5,4672,0.000152231591
5,4673,0.000152092620
5,4674,0.000151953795
5,4675,0.000151815116
5,4676,0.000151676583
5,4677,0.000151538195
5,4678,0.000151399952
5,4679,0.000151261855
5,4680,0.000151123902
5,4681,0.000150986095
5,4682,0.000150848432
5,4683,0.000150710914
5,4684,0.000150573541
5,4685,0.000150436311
5,4686,0.000150299226
5,4687,0.000150162285
5,4688,0.000150025488
5,4689,0.000149888834
5,4690,0.000149752324
5,4691,0.000149615958
5,4692,0.000149479734
5,4693,0.000149343654
5,4694,0.000149207717
5,4695,0.000149071922
5,4696,0.000148936270
5,4697,0.000148800761
5,4698,0.000148665394
5,4699,0.000148530169
5,4700,0.000148395086
5,4701,0.000148260145
5,4702,0.000148125346
5,4703,0.000147990688
5,4704,0.000147856172
5,4705,0.000147721797
5,4706,0.000147587564
5,4707,0.000147453471
5,4708,0.000147319519
5,4709,0.000147185708
5,4710,0.000147052038
5,4711,0.000146918508
5,4712,0.000146785118
5,4713,0.000146651868
5,4714,0.000146518758
5,4715,0.000146385788
5,4716,0.000146252958
5,4717,0.000146120268
5,4718,0.000145987716
5,4719,0.000145855304
5,4720,0.000145723031
5,4721,0.000145590897
5,4722,0.000145458902
5,4723,0.000145327045
5,4724,0.000145195327
5,4725,0.000145063748
5,4726,0.000144932306
5,4727,0.000144801003
5,4728,0.000144669837
5,4729,0.000144538809
5,4730,0.000144407919
5,4731,0.000144277167
5,4732,0.000144146552
5,4733,0.000144016074
5,4734,0.000143885733
5,4735,0.000143755529
5,4736,0.000143625461
5,4737,0.000143495531
5,4738,0.000143365736
5,4739,0.000143236079
5,4740,0.000143106557
5,4741,0.000142977172
5,4742,0.000142847922
5,4743,0.000142718808
5,4744,0.000142589830
5,4745,0.000142460987
5,4746,0.000142332280
5,4747,0.000142203707
5,4748,0.000142075270
5,4749,0.000141946968
5,4750,0.000141818801
5,4751,0.000141690768
5,4752,0.000141562869
5,4753,0.000141435105
5,4754,0.000141307476
5,4755,0.000141179980
5,4756,0.000141052618
5,4757,0.000140925390
5,4758,0.000140798296
5,4759,0.000140671335
5,4760,0.000140544508
5,4761,0.000140417813
5,4762,0.000140291252
5,4763,0.000140164824
5,4764,0.000140038529
5,4765,0.000139912366
5,4766,0.000139786336
5,4767,0.000139660438
5,4768,0.000139534672
5,4769,0.000139409039
5,4770,0.000139283537
5,4771,0.000139158168
5,4772,0.000139032930
5,4773,0.000138907823
5,4774,0.000138782849
5,4775,0.000138658005
5,4776,0.000138533292
5,4777,0.000138408711
5,4778,0.000138284260
5,4779,0.000138159940
5,4780,0.000138035751
5,4781,0.000137911692
5,4782,0.000137787763
5,4783,0.000137663965
5,4784,0.000137540297
5,4785,0.000137416758
5,4786,0.000137293349
5,4787,0.000137170070
5,4788,0.000137046921
5,4789,0.000136923901
5,4790,0.000136801010
5,4791,0.000136678248
5,4792,0.000136555615
5,4793,0.000136433111
5,4794,0.000136310735
5,4795,0.000136188489
5,4796,0.000136066370
5,4797,0.000135944380
5,4798,0.000135822518
5,4799,0.000135700784
5,4800,0.000135579178
5,4801,0.000135457700
5,4802,0.000135336349
5,4803,0.000135215126
5,4804,0.000135094030
5,4805,0.000134973061
5,4806,0.000134852219
5,4807,0.000134731504
5,4808,0.000134610916
5,4809,0.000134490455
5,4810,0.000134370120
5,4811,0.000134249912
5,4812,0.000134129830
5,4813,0.000134009874
5,4814,0.000133890044
5,4815,0.000133770340
5,4816,0.000133650762
5,4817,0.000133531309
5,4818,0.000133411982
5,4819,0.000133292780
5,4820,0.000133173704
5,4821,0.000133054752
5,4822,0.000132935926
5,4823,0.000132817224
5,4824,0.000132698647
5,4825,0.000132580194
5,4826,0.000132461866
5,4827,0.000132343662
5,4828,0.000132225583
5,4829,0.000132107627
5,4830,0.000131989796
5,4831,0.000131872088
5,4832,0.000131754503
5,4833,0.000131637043
5,4834,0.000131519705
5,4835,0.000131402491
5,4836,0.000131285400
5,4837,0.000131168432
5,4838,0.000131051587
5,4839,0.000130934865
5,4840,0.000130818265
5,4841,0.000130701788
5,4842,0.000130585433
5,4843,0.000130469200
5,4844,0.000130353090
5,4845,0.000130237101
5,4846,0.000130121234
5,4847,0.000130005489
5,4848,0.000129889866
5,4849,0.000129774364
5,4850,0.000129658983
5,4851,0.000129543724
5,4852,0.000129428585
5,4853,0.000129313568
5,4854,0.000129198671
5,4855,0.000129083895
5,4856,0.000128969240
5,4857,0.000128854705
5,4858,0.000128740290
5,4859,0.000128625996
5,4860,0.000128511821
5,4861,0.000128397767
5,4862,0.000128283832
5,4863,0.000128170017
5,4864,0.000128056322
5,4865,0.000127942746
5,4866,0.000127829289
5,4867,0.000127715952
5,4868,0.000127602734
5,4869,0.000127489634
5,4870,0.000127376653
5,4871,0.000127263791
5,4872,0.000127151048
5,4873,0.000127038423
5,4874,0.000126925916
5,4875,0.000126813528
5,4876,0.000126701257
5,4877,0.000126589105
5,4878,0.000126477070
5,4879,0.000126365153
5,4880,0.000126253354
5,4881,0.000126141672
5,4882,0.000126030107
5,4883,0.000125918659
5,4884,0.000125807329
5,4885,0.000125696115
5,4886,0.000125585019
5,4887,0.000125474039
5,4888,0.000125363175
5,4889,0.000125252429
5,4890,0.000125141798
5,4891,0.000125031284
5,4892,0.000124920885
5,4893,0.000124810603
5,4894,0.000124700436
5,4895,0.000124590386
5,4896,0.000124480451
5,4897,0.000124370631
5,4898,0.000124260927
5,4899,0.000124151338
5,4900,0.000124041864
5,4901,0.000123932505
5,4902,0.000123823261
5,4903,0.000123714131
5,4904,0.000123605117
5,4905,0.000123496216
5,4906,0.000123387431
5,4907,0.000123278759
5,4908,0.000123170202
5,4909,0.000123061758
5,4910,0.000122953429
5,4911,0.000122845213
5,4912,0.000122737112
5,4913,0.000122629123
5,4914,0.000122521248
5,4915,0.000122413487
5,4916,0.000122305838
5,4917,0.000122198303
5,4918,0.000122090881
5,4919,0.000121983571
5,4920,0.000121876374
5,4921,0.000121769290
5,4922,0.000121662318
5,4923,0.000121555459
5,4924,0.000121448712
5,4925,0.000121342077
5,4926,0.000121235554
5,4927,0.000121129143
5,4928,0.000121022844
5,4929,0.000120916656
5,4930,0.000120810580
5,4931,0.000120704615
5,4932,0.000120598762
5,4933,0.000120493020
5,4934,0.000120387389
5,4935,0.000120281869
5,4936,0.000120176460
5,4937,0.000120071161
5,4938,0.000119965973
5,4939,0.000119860896
5,4940,0.000119755929
5,4941,0.000119651072
5,4942,0.000119546325
5,4943,0.000119441689
5,4944,0.000119337162
5,4945,0.000119232745
5,4946,0.000119128438
5,4947,0.000119024240
5,4948,0.000118920152
5,4949,0.000118816173
5,4950,0.000118712304
5,4951,0.000118608543
5,4952,0.000118504892
5,4953,0.000118401349
5,4954,0.000118297915
5,4955,0.000118194590
5,4956,0.000118091373
5,4957,0.000117988265
5,4958,0.000117885265
5,4959,0.000117782374
5,4960,0.000117679590
5,4961,0.000117576914
5,4962,0.000117474347
5,4963,0.000117371886
5,4964,0.000117269534
5,4965,0.000117167289
5,4966,0.000117065152
5,4967,0.000116963121
5,4968,0.000116861198
5,4969,0.000116759382
5,4970,0.000116657673
5,4971,0.000116556071
5,4972,0.000116454576
5,4973,0.000116353187
5,4974,0.000116251904
5,4975,0.000116150728
5,4976,0.000116049659
5,4977,0.000115948695
5,4978,0.000115847838
5,4979,0.000115747086
5,4980,0.000115646441
5,4981,0.000115545901
5,4982,0.000115445466
5,4983,0.000115345138
5,4984,0.000115244914
5,4985,0.000115144796
5,4986,0.000115044783
5,4987,0.000114944875
5,4988,0.000114845072
5,4989,0.000114745374
5,4990,0.000114645781
5,4991,0.000114546292
5,4992,0.000114446908
5,4993,0.000114347628
5,4994,0.000114248452
5,4995,0.000114149381
5,4996,0.000114050413
5,4997,0.000113951550
5,4998,0.000113852790
5,4999,0.000113754135
5,5000,0.000113655583
5,5001,0.000113557134
5,5002,0.000113458789
5,5003,0.000113360547
5,5004,0.000113262408
5,5005,0.000113164372
5,5006,0.000113066440
5,5007,0.000112968610
5,5008,0.000112870883
5,5009,0.000112773259
5,5010,0.000112675737
5,5011,0.000112578318
5,5012,0.000112481001
5,5013,0.000112383786
5,5014,0.000112286673
5,5015,0.000112189662
5,5016,0.000112092754
5,5017,0.000111995947
5,5018,0.000111899242
5,5019,0.000111802638
5,5020,0.000111706136
5,5021,0.000111609735
5,5022,0.000111513435
5,5023,0.000111417237
5,5024,0.000111321140
5,5025,0.000111225143
5,5026,0.000111129248
5,5027,0.000111033453
5,5028,0.000110937759
5,5029,0.000110842165
5,5030,0.000110746672
5,5031,0.000110651279
5,5032,0.000110555986
5,5033,0.000110460793
5,5034,0.000110365701
5,5035,0.000110270708
5,5036,0.000110175815
5,5037,0.000110081022
5,5038,0.000109986328
5,5039,0.000109891734
5,5040,0.000109797239
5,5041,0.000109702843
5,5042,0.000109608547
5,5043,0.000109514349
5,5044,0.000109420251
5,5045,0.000109326251
5,5046,0.000109232350
5,5047,0.000109138548
5,5048,0.000109044844
5,5049,0.000108951239
5,5050,0.000108857732
5,5051,0.000108764324
5,5052,0.000108671013
5,5053,0.000108577800
5,5054,0.000108484686
5,5055,0.000108391669
5,5056,0.000108298750
5,5057,0.000108205928
5,5058,0.000108113204
5,5059,0.000108020578
5,5060,0.000107928048
5,5061,0.000107835616
5,5062,0.000107743281
5,5063,0.000107651043
5,5064,0.000107558902
5,5065,0.000107466858
5,5066,0.000107374910
5,5067,0.000107283059
5,5068,0.000107191304
5,5069,0.000107099646
5,5070,0.000107008084
5,5071,0.000106916619
5,5072,0.000106825249
5,5073,0.000106733975
5,5074,0.000106642798
5,5075,0.000106551716
5,5076,0.000106460729
5,5077,0.000106369838
5,5078,0.000106279043
5,5079,0.000106188343
5,5080,0.000106097739
5,5081,0.000106007229
5,5082,0.000105916815
5,5083,0.000105826495
5,5084,0.000105736271
5,5085,0.000105646141
5,5086,0.000105556106
5,5087,0.000105466166
5,5088,0.000105376320
5,5089,0.000105286568
5,5090,0.000105196911
5,5091,0.000105107347
5,5092,0.000105017878
5,5093,0.000104928503
5,5094,0.000104839222
5,5095,0.000104750034
5,5096,0.000104660941
5,5097,0.000104571941
5,5098,0.000104483034
5,5099,0.000104394221
5,5100,0.000104305501
5,5101,0.000104216874
5,5102,0.000104128340
5,5103,0.000104039899
5,5104,0.000103951552
5,5105,0.000103863297
5,5106,0.000103775134
5,5107,0.000103687065
5,5108,0.000103599088
5,5109,0.000103511203
5,5110,0.000103423410
5,5111,0.000103335710
5,5112,0.000103248102
5,5113,0.000103160586
5,5114,0.000103073162
5,5115,0.000102985830
5,5116,0.000102898589
5,5117,0.000102811440
5,5118,0.000102724383
5,5119,0.000102637417
5,5120,0.000102550543
5,5121,0.000102463759
5,5122,0.000102377067
5,5123,0.000102290466
5,5124,0.000102203956
5,5125,0.000102117537
5,5126,0.000102031208
5,5127,0.000101944971
5,5128,0.000101858823
5,5129,0.000101772767
5,5130,0.000101686801
5,5131,0.000101600925
5,5132,0.000101515139
5,5133,0.000101429443
5,5134,0.000101343838
5,5135,0.000101258322
5,5136,0.000101172896
5,5137,0.000101087560
5,5138,0.000101002313
5,5139,0.000100917156
5,5140,0.000100832089
5,5141,0.000100747111
5,5142,0.000100662222
5,5143,0.000100577422
5,5144,0.000100492712
5,5145,0.000100408090
5,5146,0.000100323557
5,5147,0.000100239113
5,5148,0.000100154758
5,5149,0.000100070492
5,5150,0.000099986313
5,5151,0.000099902224
5,5152,0.000099818222
5,5153,0.000099734309
5,5154,0.000099650484
5,5155,0.000099566747
5,5156,0.000099483098
5,5157,0.000099399537
5,5158,0.000099316064
5,5159,0.000099232679
5,5160,0.000099149380
5,5161,0.000099066170
5,5162,0.000098983047
5,5163,0.000098900011
5,5164,0.000098817063
5,5165,0.000098734201
5,5166,0.000098651427
5,5167,0.000098568739
5,5168,0.000098486139
5,5169,0.000098403625
5,5170,0.000098321198
5,5171,0.000098238857
5,5172,0.000098156603
5,5173,0.000098074435
5,5174,0.000097992354
5,5175,0.000097910359
5,5176,0.000097828450
5,5177,0.000097746627
5,5178,0.000097664890
5,5179,0.000097583239
5,5180,0.000097501674
5,5181,0.000097420194
5,5182,0.000097338800
5,5183,0.000097257491
5,5184,0.000097176268
5,5185,0.000097095130
5,5186,0.000097014078
5,5187,0.000096933110
5,5188,0.000096852228
5,5189,0.000096771430
5,5190,0.000096690718
5,5191,0.000096610090
5,5192,0.000096529547
5,5193,0.000096449088
5,5194,0.000096368714
5,5195,0.000096288425
5,5196,0.000096208220
5,5197,0.000096128099
5,5198,0.000096048062
5,5199,0.000095968109
5,5200,0.000095888240
5,5201,0.000095808455
5,5202,0.000095728754
5,5203,0.000095649137
5,5204,0.000095569603
5,5205,0.000095490153
5,5206,0.000095410787
5,5207,0.000095331503
5,5208,0.000095252303
5,5209,0.000095173187
5,5210,0.000095094153
5,5211,0.000095015202
5,5212,0.000094936334
5,5213,0.000094857550
5,5214,0.000094778847
5,5215,0.000094700228
5,5216,0.000094621691
5,5217,0.000094543237
5,5218,0.000094464865
5,5219,0.000094386575
5,5220,0.000094308368
5,5221,0.000094230242
5,5222,0.000094152199
5,5223,0.000094074238
5,5224,0.000093996359
5,5225,0.000093918561
5,5226,0.000093840845
5,5227,0.000093763211
5,5228,0.000093685659
5,5229,0.000093608188
5,5230,0.000093530798
5,5231,0.000093453489
5,5232,0.000093376262
5,5233,0.000093299116
5,5234,0.000093222051
5,5235,0.000093145067
5,5236,0.000093068164
5,5237,0.000092991341
5,5238,0.000092914599
5,5239,0.000092837938
5,5240,0.000092761358
5,5241,0.000092684857
5,5242,0.000092608438
5,5243,0.000092532098
5,5244,0.000092455839
5,5245,0.000092379659
5,5246,0.000092303560
5,5247,0.000092227541
5,5248,0.000092151601
5,5249,0.000092075742
5,5250,0.000091999962
5,5251,0.000091924261
5,5252,0.000091848641
5,5253,0.000091773099
5,5254,0.000091697637
5,5255,0.000091622254
5,5256,0.000091546951
5,5257,0.000091471726
5,5258,0.000091396581
5,5259,0.000091321514
5,5260,0.000091246526
5,5261,0.000091171617
5,5262,0.000091096787
5,5263,0.000091022036
5,5264,0.000090947362
5,5265,0.000090872768
5,5266,0.000090798252
5,5267,0.000090723813
5,5268,0.000090649454
5,5269,0.000090575172
5,5270,0.000090500968
5,5271,0.000090426842
5,5272,0.000090352795
5,5273,0.000090278824
5,5274,0.000090204932
5,5275,0.000090131117
5,5276,0.000090057380
5,5277,0.000089983720
5,5278,0.000089910138
5,5279,0.000089836633
5,5280,0.000089763205
5,5281,0.000089689854
5,5282,0.000089616580
5,5283,0.000089543384
5,5284,0.000089470264
5,5285,0.000089397221
5,5286,0.000089324254
5,5287,0.000089251365
5,5288,0.000089178552
5,5289,0.000089105815
5,5290,0.000089033155
5,5291,0.000088960571
5,5292,0.000088888063
5,5293,0.000088815632
5,5294,0.000088743277
5,5295,0.000088670997
5,5296,0.000088598794
5,5297,0.000088526666
5,5298,0.000088454614
5,5299,0.000088382638
5,5300,0.000088310738
5,5301,0.000088238913
5,5302,0.000088167163
5,5303,0.000088095489
5,5304,0.000088023890
5,5305,0.000087952366
5,5306,0.000087880918
5,5307,0.000087809544
5,5308,0.000087738246
5,5309,0.000087667022
5,5310,0.000087595873
5,5311,0.000087524799
5,5312,0.000087453800
5,5313,0.000087382875
5,5314,0.000087312025
5,5315,0.000087241249
5,5316,0.000087170547
5,5317,0.000087099920
5,5318,0.000087029367
5,5319,0.000086958888
5,5320,0.000086888483
5,5321,0.000086818152
5,5322,0.000086747895
5,5323,0.000086677711
5,5324,0.000086607602
5,5325,0.000086537566
5,5326,0.000086467603
5,5327,0.000086397714
5,5328,0.000086327899
5,5329,0.000086258157
5,5330,0.000086188488
5,5331,0.000086118892
5,5332,0.000086049370
5,5333,0.000085979920
5,5334,0.000085910544
5,5335,0.000085841240
5,5336,0.000085772009
5,5337,0.000085702851
5,5338,0.000085633765
5,5339,0.000085564752
5,5340,0.000085495812
5,5341,0.000085426944
5,5342,0.000085358148
5,5343,0.000085289425
5,5344,0.000085220773
5,5345,0.000085152194
5,5346,0.000085083687
5,5347,0.000085015252
5,5348,0.000084946889
5,5349,0.000084878597
5,5350,0.000084810378
5,5351,0.000084742230
5,5352,0.000084674153
5,5353,0.000084606148
5,5354,0.000084538215
5,5355,0.000084470352
5,5356,0.000084402562
5,5357,0.000084334842
5,5358,0.000084267193
5,5359,0.000084199616
5,5360,0.000084132110
5,5361,0.000084064674
5,5362,0.000083997309
5,5363,0.000083930015
5,5364,0.000083862792
5,5365,0.000083795639
5,5366,0.000083728557
5,5367,0.000083661546
5,5368,0.000083594604
5,5369,0.000083527733
5,5370,0.000083460933
5,5371,0.000083394202
5,5372,0.000083327542
5,5373,0.000083260952
5,5374,0.000083194431
5,5375,0.000083127981
5,5376,0.000083061600
5,5377,0.000082995289
5,5378,0.000082929047
5,5379,0.000082862876
5,5380,0.000082796773
5,5381,0.000082730740
5,5382,0.000082664777
5,5383,0.000082598883
5,5384,0.000082533058
5,5385,0.000082467302
5,5386,0.000082401615
5,5387,0.000082335998
5,5388,0.000082270449
5,5389,0.000082204969
5,5390,0.000082139558
5,5391,0.000082074215
5,5392,0.000082008941
5,5393,0.000081943736
5,5394,0.000081878599
5,5395,0.000081813531
5,5396,0.000081748531
5,5397,0.000081683599
5,5398,0.000081618736
5,5399,0.000081553940
5,5400,0.000081489213
5,5401,0.000081424554
5,5402,0.000081359962
5,5403,0.000081295439
5,5404,0.000081230983
5,5405,0.000081166595
5,5406,0.000081102275
5,5407,0.000081038022
5,5408,0.000080973836
5,5409,0.000080909718
5,5410,0.000080845668
5,5411,0.000080781685
5,5412,0.000080717769
5,5413,0.000080653920
5,5414,0.000080590138
5,5415,0.000080526423
5,5416,0.000080462775
5,5417,0.000080399194
5,5418,0.000080335680
5,5419,0.000080272232
5,5420,0.000080208851
5,5421,0.000080145537
5,5422,0.000080082289
5,5423,0.000080019107
5,5424,0.000079955992
5,5425,0.000079892944
5,5426,0.000079829961
5,5427,0.000079767045
5,5428,0.000079704195
5,5429,0.000079641410
5,5430,0.000079578692
5,5431,0.000079516040
5,5432,0.000079453453
5,5433,0.000079390932
5,5434,0.000079328477
5,5435,0.000079266088
5,5436,0.000079203764
5,5437,0.000079141505
5,5438,0.000079079312
5,5439,0.000079017184
5,5440,0.000078955122
5,5441,0.000078893124
5,5442,0.000078831192
5,5443,0.000078769325
5,5444,0.000078707523
5,5445,0.000078645785
5,5446,0.000078584113
5,5447,0.000078522505
5,5448,0.000078460962
5,5449,0.000078399484
5,5450,0.000078338070
5,5451,0.000078276721
5,5452,0.000078215437
5,5453,0.000078154216
5,5454,0.000078093060
5,5455,0.000078031968
5,5456,0.000077970941
5,5457,0.000077909977
5,5458,0.000077849078
5,5459,0.000077788242
5,5460,0.000077727471
5,5461,0.000077666763
5,5462,0.000077606119
5,5463,0.000077545539
5,5464,0.000077485022
5,5465,0.000077424569
5,5466,0.000077364179
5,5467,0.000077303853
5,5468,0.000077243590
5,5469,0.000077183391
5,5470,0.000077123255
5,5471,0.000077063182
5,5472,0.000077003172
5,5473,0.000076943225
5,5474,0.000076883341
5,5475,0.000076823520
5,5476,0.000076763761
5,5477,0.000076704066
5,5478,0.000076644433
5,5479,0.000076584863
5,5480,0.000076525356
5,5481,0.000076465911
5,5482,0.000076406528
5,5483,0.000076347208
5,5484,0.000076287950
5,5485,0.000076228754
5,5486,0.000076169621
5,5487,0.000076110550
5,5488,0.000076051540
5,5489,0.000075992593
5,5490,0.000075933708
5,5491,0.000075874884
5,5492,0.000075816123
5,5493,0.000075757423
5,5494,0.000075698784
5,5495,0.000075640208
5,5496,0.000075581692
5,5497,0.000075523239
5,5498,0.000075464846
5,5499,0.000075406515
5,5500,0.000075348246
5,5501,0.000075290037
5,5502,0.000075231890
5,5503,0.000075173804
5,5504,0.000075115778
5,5505,0.000075057814
5,5506,0.000074999911
5,5507,0.000074942068
5,5508,0.000074884286
5,5509,0.000074826565
5,5510,0.000074768905
5,5511,0.000074711305
5,5512,0.000074653765
5,5513,0.000074596286
5,5514,0.000074538868
5,5515,0.000074481509
5,5516,0.000074424211
5,5517,0.000074366973
5,5518,0.000074309796
5,5519,0.000074252678
5,5520,0.000074195620
5,5521,0.000074138623
5,5522,0.000074081685
5,5523,0.000074024807
5,5524,0.000073967989
5,5525,0.000073911230
5,5526,0.000073854531
5,5527,0.000073797892
5,5528,0.000073741312
5,5529,0.000073684791
5,5530,0.000073628330
5,5531,0.000073571928
5,5532,0.000073515586
5,5533,0.000073459302
5,5534,0.000073403078
5,5535,0.000073346913
5,5536,0.000073290807
5,5537,0.000073234759
5,5538,0.000073178771
5,5539,0.000073122842
5,5540,0.000073066971
5,5541,0.000073011159
5,5542,0.000072955405
5,5543,0.000072899710
5,5544,0.000072844074
5,5545,0.000072788496
5,5546,0.000072732976
5,5547,0.000072677515
5,5548,0.000072622112
5,5549,0.000072566767
5,5550,0.000072511480
5,5551,0.000072456252
5,5552,0.000072401081
5,5553,0.000072345969
5,5554,0.000072290914
5,5555,0.000072235917
5,5556,0.000072180978
5,5557,0.000072126096
5,5558,0.000072071273
5,5559,0.000072016506
5,5560,0.000071961798
5,5561,0.000071907147
5,5562,0.000071852553
5,5563,0.000071798016
5,5564,0.000071743537
5,5565,0.000071689115
5,5566,0.000071634751
5,5567,0.000071580443
5,5568,0.000071526192
5,5569,0.000071471999
5,5570,0.000071417862
5,5571,0.000071363782
5,5572,0.000071309759
5,5573,0.000071255793
5,5574,0.000071201883
5,5575,0.000071148030
5,5576,0.000071094234
5,5577,0.000071040494
5,5578,0.000070986811
5,5579,0.000070933184
5,5580,0.000070879613
5,5581,0.000070826099
5,5582,0.000070772641
5,5583,0.000070719239
5,5584,0.000070665893
5,5585,0.000070612603
5,5586,0.000070559369
5,5587,0.000070506191
5,5588,0.000070453069
5,5589,0.000070400002
5,5590,0.000070346992
5,5591,0.000070294037
5,5592,0.000070241138
5,5593,0.000070188294
5,5594,0.000070135506
5,5595,0.000070082773
5,5596,0.000070030096
5,5597,0.000069977474
5,5598,0.000069924907
5,5599,0.000069872395
5,5600,0.000069819939
5,5601,0.000069767538
5,5602,0.000069715191
5,5603,0.000069662900
5,5604,0.000069610664
5,5605,0.000069558482
5,5606,0.000069506356
5,5607,0.000069454284
5,5608,0.000069402267
5,5609,0.000069350304
5,5610,0.000069298396
5,5611,0.000069246543
5,5612,0.000069194744
5,5613,0.000069143000
5,5614,0.000069091309
5,5615,0.000069039674
5,5616,0.000068988092
5,5617,0.000068936564
5,5618,0.000068885091
5,5619,0.000068833672
5,5620,0.000068782307
5,5621,0.000068730995
5,5622,0.000068679738
5,5623,0.000068628534
5,5624,0.000068577385
5,5625,0.000068526289
5,5626,0.000068475246
5,5627,0.000068424258
5,5628,0.000068373323
5,5629,0.000068322441
5,5630,0.000068271613
5,5631,0.000068220838
5,5632,0.000068170116
5,5633,0.000068119448
5,5634,0.000068068833
5,5635,0.000068018271
5,5636,0.000067967763
5,5637,0.000067917307
5,5638,0.000067866904
5,5639,0.000067816555
5,5640,0.000067766258
5,5641,0.000067716014
5,5642,0.000067665823
5,5643,0.000067615684
5,5644,0.000067565599
5,5645,0.000067515565
5,5646,0.000067465585
5,5647,0.000067415657
5,5648,0.000067365781
5,5649,0.000067315958
5,5650,0.000067266187
5,5651,0.000067216468
5,5652,0.000067166802
5,5653,0.000067117187
5,5654,0.000067067625
5,5655,0.000067018115
5,5656,0.000066968657
5,5657,0.000066919251
5,5658,0.000066869897
5,5659,0.000066820594
5,5660,0.000066771344
5,5661,0.000066722145
5,5662,0.000066672998
5,5663,0.000066623902
5,5664,0.000066574858
5,5665,0.000066525866
5,5666,0.000066476925
5,5667,0.000066428035
5,5668,0.000066379197
5,5669,0.000066330410
5,5670,0.000066281674
5,5671,0.000066232990
5,5672,0.000066184357
5,5673,0.000066135774
5,5674,0.000066087243
5,5675,0.000066038763
5,5676,0.000065990334
5,5677,0.000065941955
5,5678,0.000065893628
5,5679,0.000065845351
5,5680,0.000065797125
5,5681,0.000065748949
5,5682,0.000065700824
5,5683,0.000065652750
5,5684,0.000065604726
5,5685,0.000065556753
5,5686,0.000065508830
5,5687,0.000065460957
5,5688,0.000065413135
5,5689,0.000065365363
5,5690,0.000065317641
5,5691,0.000065269969
5,5692,0.000065222347
5,5693,0.000065174776
5,5694,0.000065127254
5,5695,0.000065079782
5,5696,0.000065032360
5,5697,0.000064984988
5,5698,0.000064937666
5,5699,0.000064890393
5,5700,0.000064843170
5,5701,0.000064795997
5,5702,0.000064748873
5,5703,0.000064701798
5,5704,0.000064654774
5,5705,0.000064607798
5,5706,0.000064560872
5,5707,0.000064513995
5,5708,0.000064467167
5,5709,0.000064420389
5,5710,0.000064373660
5,5711,0.000064326980
5,5712,0.000064280348
5,5713,0.000064233766
5,5714,0.000064187233
5,5715,0.000064140749
5,5716,0.000064094313
5,5717,0.000064047926
5,5718,0.000064001588
5,5719,0.000063955299
5,5720,0.000063909058
5,5721,0.000063862866
5,5722,0.000063816723
5,5723,0.000063770627
5,5724,0.000063724581
5,5725,0.000063678582
5,5726,0.000063632632
5,5727,0.000063586730
5,5728,0.000063540877
5,5729,0.000063495072
5,5730,0.000063449314
5,5731,0.000063403605
5,5732,0.000063357944
5,5733,0.000063312331
5,5734,0.000063266765
5,5735,0.000063221248
5,5736,0.000063175778
5,5737,0.000063130356
5,5738,0.000063084982
5,5739,0.000063039656
5,5740,0.000062994377
5,5741,0.000062949146
5,5742,0.000062903962
5,5743,0.000062858825
5,5744,0.000062813736
5,5745,0.000062768695
5,5746,0.000062723701
5,5747,0.000062678754
5,5748,0.000062633854
5,5749,0.000062589001
5,5750,0.000062544196
5,5751,0.000062499437
5,5752,0.000062454726
5,5753,0.000062410062
5,5754,0.000062365444
5,5755,0.000062320873
5,5756,0.000062276350
5,5757,0.000062231872
5,5758,0.000062187442
5,5759,0.000062143058
5,5760,0.000062098721
5,5761,0.000062054431
5,5762,0.000062010187
5,5763,0.000061965990
5,5764,0.000061921839
5,5765,0.000061877734
5,5766,0.000061833676
5,5767,0.000061789663
5,5768,0.000061745698
5,5769,0.000061701778
5,5770,0.000061657905
5,5771,0.000061614077
5,5772,0.000061570296
5,5773,0.000061526560
5,5774,0.000061482871
5,5775,0.000061439227
5,5776,0.000061395630
5,5777,0.000061352078
5,5778,0.000061308572
5,5779,0.000061265111
5,5780,0.000061221696
5,5781,0.000061178327
5,5782,0.000061135004
5,5783,0.000061091725
5,5784,0.000061048493
5,5785,0.000061005305
5,5786,0.000060962164
5,5787,0.000060919067
5,5788,0.000060876016
5,5789,0.000060833010
5,5790,0.000060790049
5,5791,0.000060747133
5,5792,0.000060704262
5,5793,0.000060661437
5,5794,0.000060618656
5,5795,0.000060575920
5,5796,0.000060533229
5,5797,0.000060490583
5,5798,0.000060447982
5,5799,0.000060405426
5,5800,0.000060362914
5,5801,0.000060320447
5,5802,0.000060278025
5,5803,0.000060235647
5,5804,0.000060193313
5,5805,0.000060151024
5,5806,0.000060108780
5,5807,0.000060066580
5,5808,0.000060024424
5,5809,0.000059982312
5,5810,0.000059940245
5,5811,0.000059898222
5,5812,0.000059856243
5,5813,0.000059814308
5,5814,0.000059772417
5,5815,0.000059730571
5,5816,0.000059688768
5,5817,0.000059647009
5,5818,0.000059605294
5,5819,0.000059563623
5,5820,0.000059521995
5,5821,0.000059480411
5,5822,0.000059438871
5,5823,0.000059397375
5,5824,0.000059355922
5,5825,0.000059314513
5,5826,0.000059273147
5,5827,0.000059231825
5,5828,0.000059190546
5,5829,0.000059149310
5,5830,0.000059108118
5,5831,0.000059066969
5,5832,0.000059025863
5,5833,0.000058984801
5,5834,0.000058943781
5,5835,0.000058902805
5,5836,0.000058861872
5,5837,0.000058820981
5,5838,0.000058780134
5,5839,0.000058739329
5,5840,0.000058698568
5,5841,0.000058657849
5,5842,0.000058617173
5,5843,0.000058576540
5,5844,0.000058535949
5,5845,0.000058495401
5,5846,0.000058454896
5,5847,0.000058414433
5,5848,0.000058374013
5,5849,0.000058333635
5,5850,0.000058293300
5,5851,0.000058253007
5,5852,0.000058212756
5,5853,0.000058172547
5,5854,0.000058132381
5,5855,0.000058092257
5,5856,0.000058052175
5,5857,0.000058012136
5,5858,0.000057972138
5,5859,0.000057932182
5,5860,0.000057892269
5,5861,0.000057852397
5,5862,0.000057812567
5,5863,0.000057772779
5,5864,0.000057733033
5,5865,0.000057693328
5,5866,0.000057653665
5,5867,0.000057614044
5,5868,0.000057574465
5,5869,0.000057534927
5,5870,0.000057495430
5,5871,0.000057455975
5,5872,0.000057416562
5,5873,0.000057377190
5,5874,0.000057337859
5,5875,0.000057298570
5,5876,0.000057259322
5,5877,0.000057220115
5,5878,0.000057180949
5,5879,0.000057141824
5,5880,0.000057102741
5,5881,0.000057063698
5,5882,0.000057024697
5,5883,0.000056985737
5,5884,0.000056946817
5,5885,0.000056907939
5,5886,0.000056869101
5,5887,0.000056830304
5,5888,0.000056791548
5,5889,0.000056752832
5,5890,0.000056714157
5,5891,0.000056675523
5,5892,0.000056636929
5,5893,0.000056598376
5,5894,0.000056559864
5,5895,0.000056521391
5,5896,0.000056482960
5,5897,0.000056444568
5,5898,0.000056406217
5,5899,0.000056367907
5,5900,0.000056329636
5,5901,0.000056291406
5,5902,0.000056253216
5,5903,0.000056215066
5,5904,0.000056176956
5,5905,0.000056138886
5,5906,0.000056100856
5,5907,0.000056062866
5,5908,0.000056024916
5,5909,0.000055987005
5,5910,0.000055949135
5,5911,0.000055911304
5,5912,0.000055873514
5,5913,0.000055835762
5,5914,0.000055798051
5,5915,0.000055760379
5,5916,0.000055722747
5,5917,0.000055685154
5,5918,0.000055647601
5,5919,0.000055610087
5,5920,0.000055572612
5,5921,0.000055535177
5,5922,0.000055497781
5,5923,0.000055460425
5,5924,0.000055423108
5,5925,0.000055385830
5,5926,0.000055348591
5,5927,0.000055311391
5,5928,0.000055274230
5,5929,0.000055237109
5,5930,0.000055200026
5,5931,0.000055162982
5,5932,0.000055125978
5,5933,0.000055089012
5,5934,0.000055052085
5,5935,0.000055015196
5,5936,0.000054978347
5,5937,0.000054941536
5,5938,0.000054904764
5,5939,0.000054868030
5,5940,0.000054831335
5,5941,0.000054794679
5,5942,0.000054758061
5,5943,0.000054721481
5,5944,0.000054684940
5,5945,0.000054648438
5,5946,0.000054611974
5,5947,0.000054575548
5,5948,0.000054539160
5,5949,0.000054502810
5,5950,0.000054466499
5,5951,0.000054430226
5,5952,0.000054393991
5,5953,0.000054357794
5,5954,0.000054321635
5,5955,0.000054285514
5,5956,0.000054249431
5,5957,0.000054213386
5,5958,0.000054177378
5,5959,0.000054141409
5,5960,0.000054105477
5,5961,0.000054069583
5,5962,0.000054033727
5,5963,0.000053997909
5,5964,0.000053962128
5,5965,0.000053926384
5,5966,0.000053890678
5,5967,0.000053855010
5,5968,0.000053819379
5,5969,0.000053783786
5,5970,0.000053748230
5,5971,0.000053712711
5,5972,0.000053677230
5,5973,0.000053641786
5,5974,0.000053606379
5,5975,0.000053571009
5,5976,0.000053535677
5,5977,0.000053500382
5,5978,0.000053465123
5,5979,0.000053429902
5,5980,0.000053394718
5,5981,0.000053359570
5,5982,0.000053324460
5,5983,0.000053289387
5,5984,0.000053254350
5,5985,0.000053219350
5,5986,0.000053184387
5,5987,0.000053149461
5,5988,0.000053114571
5,5989,0.000053079718
5,5990,0.000053044901
5,5991,0.000053010122
5,5992,0.000052975378
5,5993,0.000052940672
5,5994,0.000052906001
5,5995,0.000052871367
5,5996,0.000052836770
5,5997,0.000052802208
5,5998,0.000052767684
5,5999,0.000052733195
5,6000,0.000052698743
5,6001,0.000052664326
5,6002,0.000052629946
5,6003,0.000052595602
5,6004,0.000052561294
5,6005,0.000052527023
5,6006,0.000052492787
5,6007,0.000052458587
5,6008,0.000052424423
5,6009,0.000052390295
5,6010,0.000052356203
5,6011,0.000052322146
5,6012,0.000052288126
5,6013,0.000052254141
5,6014,0.000052220192
5,6015,0.000052186278
5,6016,0.000052152400
5,6017,0.000052118558
5,6018,0.000052084751
5,6019,0.000052050980
5,6020,0.000052017244
5,6021,0.000051983544
5,6022,0.000051949879
5,6023,0.000051916249
5,6024,0.000051882655
5,6025,0.000051849096
5,6026,0.000051815572
5,6027,0.000051782084
5,6028,0.000051748631
5,6029,0.000051715212
5,6030,0.000051681829
5,6031,0.000051648481
5,6032,0.000051615168
5,6033,0.000051581890
5,6034,0.000051548647
5,6035,0.000051515439
5,6036,0.000051482266
5,6037,0.000051449128
5,6038,0.000051416024
5,6039,0.000051382955
5,6040,0.000051349921
5,6041,0.000051316922
5,6042,0.000051283957
5,6043,0.000051251027
5,6044,0.000051218132
5,6045,0.000051185271
5,6046,0.000051152445
5,6047,0.000051119653
5,6048,0.000051086895
5,6049,0.000051054172
5,6050,0.000051021484
5,6051,0.000050988829
5,6052,0.000050956209
5,6053,0.000050923623
5,6054,0.000050891072
5,6055,0.000050858555
5,6056,0.000050826071
5,6057,0.000050793622
5,6058,0.000050761207
5,6059,0.000050728826
5,6060,0.000050696480
5,6061,0.000050664167
5,6062,0.000050631888
5,6063,0.000050599643
5,6064,0.000050567431
5,6065,0.000050535254
5,6066,0.000050503110
5,6067,0.000050471001
5,6068,0.000050438925
5,6069,0.000050406882
5,6070,0.000050374873
5,6071,0.000050342898
5,6072,0.000050310957
5,6073,0.000050279049
5,6074,0.000050247174
5,6075,0.000050215333
5,6076,0.000050183526
5,6077,0.000050151752
5,6078,0.000050120011
5,6079,0.000050088304
5,6080,0.000050056630
5,6081,0.000050024989
5,6082,0.000049993381
5,6083,0.000049961807
5,6084,0.000049930266
5,6085,0.000049898758
5,6086,0.000049867283
5,6087,0.000049835841
5,6088,0.000049804432
5,6089,0.000049773056
5,6090,0.000049741713
5,6091,0.000049710403
5,6092,0.000049679126
5,6093,0.000049647882
5,6094,0.000049616671
5,6095,0.000049585492
5,6096,0.000049554346
5,6097,0.000049523233
5,6098,0.000049492152
5,6099,0.000049461104
5,6100,0.000049430089
5,6101,0.000049399107
5,6102,0.000049368157
5,6103,0.000049337239
5,6104,0.000049306354
5,6105,0.000049275501
5,6106,0.000049244681
5,6107,0.000049213893
5,6108,0.000049183138
5,6109,0.000049152414
5,6110,0.000049121723
5,6111,0.000049091065
5,6112,0.000049060438
5,6113,0.000049029844
5,6114,0.000048999282
5,6115,0.000048968751
5,6116,0.000048938253
5,6117,0.000048907787
5,6118,0.000048877353
5,6119,0.000048846951
5,6120,0.000048816581
5,6121,0.000048786243
5,6122,0.000048755937
5,6123,0.000048725662
5,6124,0.000048695420
5,6125,0.000048665209
5,6126,0.000048635030
5,6127,0.000048604882
5,6128,0.000048574766
5,6129,0.000048544682
5,6130,0.000048514630
5,6131,0.000048484609
5,6132,0.000048454619
5,6133,0.000048424661
5,6134,0.000048394735
5,6135,0.000048364840
5,6136,0.000048334976
5,6137,0.000048305144
5,6138,0.000048275343
5,6139,0.000048245573
5,6140,0.000048215835
5,6141,0.000048186128
5,6142,0.000048156452
5,6143,0.000048126807
5,6144,0.000048097193
5,6145,0.000048067611
5,6146,0.000048038060
5,6147,0.000048008539
5,6148,0.000047979050
5,6149,0.000047949591
5,6150,0.000047920164
5,6151,0.000047890767
5,6152,0.000047861402
5,6153,0.000047832067
5,6154,0.000047802763
5,6155,0.000047773490
5,6156,0.000047744247
5,6157,0.000047715036
5,6158,0.000047685854
5,6159,0.000047656704
5,6160,0.000047627584
5,6161,0.000047598495
5,6162,0.000047569436
5,6163,0.000047540408
5,6164,0.000047511411
5,6165,0.000047482444
5,6166,0.000047453507
5,6167,0.000047424601
5,6168,0.000047395725
5,6169,0.000047366879
5,6170,0.000047338064
5,6171,0.000047309279
5,6172,0.000047280524
5,6173,0.000047251799
5,6174,0.000047223105
5,6175,0.000047194440
5,6176,0.000047165806
5,6177,0.000047137202
5,6178,0.000047108628
5,6179,0.000047080084
5,6180,0.000047051570
5,6181,0.000047023086
5,6182,0.000046994632
5,6183,0.000046966207
5,6184,0.000046937813
5,6185,0.000046909448
5,6186,0.000046881113
5,6187,0.000046852808
5,6188,0.000046824533
5,6189,0.000046796287
5,6190,0.000046768071
5,6191,0.000046739885
5,6192,0.000046711728
5,6193,0.000046683601
5,6194,0.000046655504
5,6195,0.000046627436
5,6196,0.000046599397
5,6197,0.000046571388
5,6198,0.000046543408
5,6199,0.000046515458
5,6200,0.000046487537
5,6201,0.000046459645
5,6202,0.000046431783
5,6203,0.000046403950
5,6204,0.000046376146
5,6205,0.000046348371
5,6206,0.000046320626
5,6207,0.000046292910
5,6208,0.000046265223
5,6209,0.000046237564
5,6210,0.000046209935
5,6211,0.000046182335
5,6212,0.000046154764
5,6213,0.000046127222
5,6214,0.000046099709
5,6215,0.000046072225
5,6216,0.000046044770
5,6217,0.000046017343
5,6218,0.000045989945
5,6219,0.000045962576
5,6220,0.000045935236
5,6221,0.000045907925
5,6222,0.000045880642
5,6223,0.000045853388
5,6224,0.000045826163
5,6225,0.000045798966
5,6226,0.000045771797
5,6227,0.000045744658
5,6228,0.000045717546
5,6229,0.000045690463
5,6230,0.000045663409
5,6231,0.000045636383
5,6232,0.000045609386
5,6233,0.000045582417
5,6234,0.000045555476
5,6235,0.000045528563
5,6236,0.000045501679
5,6237,0.000045474823
5,6238,0.000045447995
5,6239,0.000045421195
5,6240,0.000045394424
5,6241,0.000045367681
5,6242,0.000045340965
5,6243,0.000045314278
5,6244,0.000045287619
5,6245,0.000045260988
5,6246,0.000045234385
5,6247,0.000045207809
5,6248,0.000045181262
5,6249,0.000045154743
5,6250,0.000045128251
5,6251,0.000045101787
5,6252,0.000045075351
5,6253,0.000045048943
5,6254,0.000045022563
5,6255,0.000044996210
5,6256,0.000044969885
5,6257,0.000044943588
5,6258,0.000044917318
5,6259,0.000044891076
5,6260,0.000044864861
5,6261,0.000044838674
5,6262,0.000044812514
5,6263,0.000044786382
5,6264,0.000044760278
5,6265,0.000044734200
5,6266,0.000044708151
5,6267,0.000044682128
5,6268,0.000044656133
5,6269,0.000044630165
5,6270,0.000044604225
5,6271,0.000044578311
5,6272,0.000044552425
5,6273,0.000044526566
5,6274,0.000044500735
5,6275,0.000044474930
5,6276,0.000044449153
5,6277,0.000044423402
5,6278,0.000044397679
5,6279,0.000044371983
5,6280,0.000044346313
5,6281,0.000044320671
5,6282,0.000044295055
5,6283,0.000044269467
5,6284,0.000044243905
5,6285,0.000044218370
5,6286,0.000044192863
5,6287,0.000044167381
5,6288,0.000044141927
5,6289,0.000044116499
5,6290,0.000044091098
5,6291,0.000044065724
5,6292,0.000044040376
5,6293,0.000044015055
5,6294,0.000043989761
5,6295,0.000043964493
5,6296,0.000043939252
5,6297,0.000043914037
5,6298,0.000043888849
5,6299,0.000043863687
5,6300,0.000043838552
5,6301,0.000043813443
5,6302,0.000043788360
5,6303,0.000043763304
5,6304,0.000043738274
5,6305,0.000043713270
5,6306,0.000043688293
5,6307,0.000043663342
5,6308,0.000043638417
5,6309,0.000043613518
5,6310,0.000043588645
5,6311,0.000043563799
5,6312,0.000043538979
5,6313,0.000043514184
5,6314,0.000043489416
5,6315,0.000043464674
5,6316,0.000043439958
5,6317,0.000043415267
5,6318,0.000043390603
5,6319,0.000043365965
5,6320,0.000043341352
5,6321,0.000043316765
5,6322,0.000043292204
5,6323,0.000043267669
5,6324,0.000043243160
5,6325,0.000043218676
5,6326,0.000043194219
5,6327,0.000043169787
5,6328,0.000043145380
5,6329,0.000043120999
5,6330,0.000043096644
5,6331,0.000043072314
5,6332,0.000043048010
5,6333,0.000043023732
5,6334,0.000042999479
5,6335,0.000042975251
5,6336,0.000042951049
5,6337,0.000042926872
5,6338,0.000042902721
5,6339,0.000042878595
5,6340,0.000042854494
5,6341,0.000042830419
5,6342,0.000042806369
5,6343,0.000042782344
5,6344,0.000042758345
5,6345,0.000042734371
5,6346,0.000042710422
5,6347,0.000042686498
5,6348,0.000042662599
5,6349,0.000042638725
5,6350,0.000042614876
5,6351,0.000042591053
5,6352,0.000042567254
5,6353,0.000042543481
5,6354,0.000042519732
5,6355,0.000042496009
5,6356,0.000042472310
5,6357,0.000042448636
5,6358,0.000042424987
5,6359,0.000042401363
5,6360,0.000042377764
5,6361,0.000042354189
5,6362,0.000042330640
5,6363,0.000042307115
5,6364,0.000042283614
5,6365,0.000042260139
5,6366,0.000042236688
5,6367,0.000042213261
5,6368,0.000042189860
5,6369,0.000042166483
5,6370,0.000042143130
5,6371,0.000042119802
5,6372,0.000042096499
5,6373,0.000042073220
5,6374,0.000042049965
5,6375,0.000042026735
5,6376,0.000042003529
5,6377,0.000041980348
5,6378,0.000041957191
5,6379,0.000041934058
5,6380,0.000041910950
5,6381,0.000041887865
5,6382,0.000041864806
5,6383,0.000041841770
5,6384,0.000041818758
5,6385,0.000041795771
5,6386,0.000041772808
5,6387,0.000041749869
5,6388,0.000041726954
5,6389,0.000041704063
5,6390,0.000041681196
5,6391,0.000041658354
5,6392,0.000041635535
5,6393,0.000041612740
5,6394,0.000041589969
5,6395,0.000041567222
5,6396,0.000041544499
5,6397,0.000041521800
5,6398,0.000041499125
5,6399,0.000041476473
5,6400,0.000041453845
5,6401,0.000041431242
5,6402,0.000041408661
5,6403,0.000041386105
5,6404,0.000041363572
5,6405,0.000041341063
5,6406,0.000041318577
5,6407,0.000041296116
5,6408,0.000041273677
5,6409,0.000041251263
5,6410,0.000041228871
5,6411,0.000041206504
5,6412,0.000041184160
5,6413,0.000041161839
5,6414,0.000041139542
5,6415,0.000041117268
5,6416,0.000041095018
5,6417,0.000041072791
5,6418,0.000041050587
5,6419,0.000041028406
5,6420,0.000041006249
5,6421,0.000040984116
5,6422,0.000040962005
5,6423,0.000040939918
5,6424,0.000040917854
5,6425,0.000040895813
5,6426,0.000040873795
5,6427,0.000040851800
5,6428,0.000040829829
5,6429,0.000040807880
5,6430,0.000040785955
5,6431,0.000040764053
5,6432,0.000040742173
5,6433,0.000040720317
5,6434,0.000040698483
5,6435,0.000040676673
5,6436,0.000040654885
5,6437,0.000040633121
5,6438,0.000040611379
5,6439,0.000040589660
5,6440,0.000040567964
5,6441,0.000040546290
5,6442,0.000040524640
5,6443,0.000040503012
5,6444,0.000040481407
5,6445,0.000040459824
5,6446,0.000040438265
5,6447,0.000040416727
5,6448,0.000040395213
5,6449,0.000040373721
5,6450,0.000040352252
5,6451,0.000040330805
5,6452,0.000040309381
5,6453,0.000040287979
5,6454,0.000040266600
5,6455,0.000040245243
5,6456,0.000040223908
5,6457,0.000040202596
5,6458,0.000040181307
5,6459,0.000040160040
5,6460,0.000040138795
5,6461,0.000040117572
5,6462,0.000040096372
5,6463,0.000040075194
5,6464,0.000040054038
5,6465,0.000040032905
5,6466,0.000040011793
5,6467,0.000039990704
5,6468,0.000039969637
5,6469,0.000039948592
5,6470,0.000039927570
5,6471,0.000039906569
5,6472,0.000039885590
5,6473,0.000039864634
5,6474,0.000039843699
5,6475,0.000039822787
5,6476,0.000039801896
5,6477,0.000039781027
5,6478,0.000039760181
5,6479,0.000039739356
5,6480,0.000039718553
5,6481,0.000039697772
5,6482,0.000039677012
5,6483,0.000039656275
5,6484,0.000039635559
5,6485,0.000039614865
5,6486,0.000039594193
5,6487,0.000039573543
5,6488,0.000039552914
5,6489,0.000039532307
5,6490,0.000039511721
5,6491,0.000039491157
5,6492,0.000039470615
5,6493,0.000039450095
5,6494,0.000039429595
5,6495,0.000039409118
5,6496,0.000039388662
5,6497,0.000039368227
5,6498,0.000039347814
5,6499,0.000039327422
5,6500,0.000039307052
5,6501,0.000039286703
5,6502,0.000039266376
5,6503,0.000039246070
5,6504,0.000039225785
5,6505,0.000039205521
5,6506,0.000039185279
5,6507,0.000039165058
5,6508,0.000039144859
5,6509,0.000039124680
5,6510,0.000039104523
5,6511,0.000039084387
5,6512,0.000039064272
5,6513,0.000039044178
5,6514,0.000039024105
5,6515,0.000039004054
5,6516,0.000038984023
5,6517,0.000038964014
5,6518,0.000038944025
5,6519,0.000038924058
5,6520,0.000038904111
5,6521,0.000038884186
5,6522,0.000038864281
5,6523,0.000038844397
5,6524,0.000038824534
5,6525,0.000038804692
5,6526,0.000038784871
5,6527,0.000038765071
5,6528,0.000038745291
5,6529,0.000038725533
5,6530,0.000038705795
5,6531,0.000038686077
5,6532,0.000038666381
5,6533,0.000038646705
5,6534,0.000038627050
5,6535,0.000038607415
5,6536,0.000038587801
5,6537,0.000038568208
5,6538,0.000038548635
5,6539,0.000038529083
5,6540,0.000038509551
5,6541,0.000038490040
5,6542,0.000038470550
5,6543,0.000038451080
5,6544,0.000038431630
5,6545,0.000038412201
5,6546,0.000038392792
5,6547,0.000038373403
5,6548,0.000038354035
5,6549,0.000038334688
5,6550,0.000038315360
5,6551,0.000038296053
5,6552,0.000038276766
5,6553,0.000038257500
5,6554,0.000038238253
5,6555,0.000038219027
5,6556,0.000038199821
5,6557,0.000038180635
5,6558,0.000038161470
5,6559,0.000038142324
5,6560,0.000038123199
5,6561,0.000038104094
5,6562,0.000038085009
5,6563,0.000038065943
5,6564,0.000038046898
5,6565,0.000038027873
5,6566,0.000038008868
5,6567,0.000037989883
5,6568,0.000037970918
5,6569,0.000037951972
5,6570,0.000037933047
5,6571,0.000037914141
5,6572,0.000037895256
5,6573,0.000037876390
5,6574,0.000037857544
5,6575,0.000037838718
5,6576,0.000037819911
5,6577,0.000037801125
5,6578,0.000037782358
5,6579,0.000037763610
5,6580,0.000037744883
5,6581,0.000037726175
5,6582,0.000037707487
5,6583,0.000037688818
5,6584,0.000037670169
5,6585,0.000037651540
5,6586,0.000037632930
5,6587,0.000037614340
5,6588,0.000037595769
5,6589,0.000037577218
5,6590,0.000037558686
5,6591,0.000037540174
5,6592,0.000037521681
5,6593,0.000037503208
5,6594,0.000037484754
5,6595,0.000037466319
5,6596,0.000037447904
5,6597,0.000037429508
5,6598,0.000037411131
5,6599,0.000037392774
5,6600,0.000037374436
5,6601,0.000037356117
5,6602,0.000037337818
5,6603,0.000037319538
5,6604,0.000037301277
5,6605,0.000037283035
5,6606,0.000037264812
5,6607,0.000037246609
5,6608,0.000037228424
5,6609,0.000037210259
5,6610,0.000037192112
5,6611,0.000037173985
5,6612,0.000037155877
5,6613,0.000037137788
5,6614,0.000037119718
5,6615,0.000037101667
5,6616,0.000037083634
5,6617,0.000037065621
5,6618,0.000037047627
5,6619,0.000037029652
5,6620,0.000037011695
5,6621,0.000036993757
5,6622,0.000036975838
5,6623,0.000036957938
5,6624,0.000036940057
5,6625,0.000036922195
5,6626,0.000036904351
5,6627,0.000036886526
5,6628,0.000036868720
5,6629,0.000036850933
5,6630,0.000036833164
5,6631,0.000036815414
5,6632,0.000036797682
5,6633,0.000036779969
5,6634,0.000036762275
5,6635,0.000036744599
5,6636,0.000036726942
5,6637,0.000036709304
5,6638,0.000036691684
5,6639,0.000036674082
5,6640,0.000036656499
5,6641,0.000036638934
5,6642,0.000036621388
5,6643,0.000036603861
5,6644,0.000036586351
5,6645,0.000036568861
5,6646,0.000036551388
5,6647,0.000036533934
5,6648,0.000036516498
5,6649,0.000036499081
5,6650,0.000036481681
5,6651,0.000036464300
5,6652,0.000036446938
5,6653,0.000036429593
5,6654,0.000036412267
5,6655,0.000036394959
5,6656,0.000036377669
5,6657,0.000036360398
5,6658,0.000036343144
5,6659,0.000036325909
5,6660,0.000036308691
5,6661,0.000036291492
5,6662,0.000036274311
5,6663,0.000036257148
5,6664,0.000036240003
5,6665,0.000036222876
5,6666,0.000036205767
5,6667,0.000036188676
5,6668,0.000036171603
5,6669,0.000036154547
5,6670,0.000036137510
5,6671,0.000036120491
5,6672,0.000036103489
5,6673,0.000036086506
5,6674,0.000036069540
5,6675,0.000036052592
5,6676,0.000036035662
5,6677,0.000036018749
5,6678,0.000036001855
5,6679,0.000035984978
5,6680,0.000035968119
5,6681,0.000035951277
5,6682,0.000035934453
5,6683,0.000035917647
5,6684,0.000035900859
5,6685,0.000035884088
5,6686,0.000035867335
5,6687,0.000035850599
5,6688,0.000035833881
5,6689,0.000035817181
5,6690,0.000035800498
5,6691,0.000035783833
5,6692,0.000035767185
5,6693,0.000035750554
5,6694,0.000035733941
5,6695,0.000035717346
5,6696,0.000035700768
5,6697,0.000035684207
5,6698,0.000035667664
5,6699,0.000035651138
5,6700,0.000035634630
5,6701,0.000035618139
5,6702,0.000035601665
5,6703,0.000035585208
5,6704,0.000035568769
5,6705,0.000035552347
5,6706,0.000035535942
5,6707,0.000035519555
5,6708,0.000035503185
5,6709,0.000035486832
5,6710,0.000035470496
5,6711,0.000035454177
5,6712,0.000035437876
5,6713,0.000035421591
5,6714,0.000035405324
5,6715,0.000035389073
5,6716,0.000035372840
5,6717,0.000035356624
5,6718,0.000035340425
5,6719,0.000035324243
5,6720,0.000035308078
5,6721,0.000035291930
5,6722,0.000035275799
5,6723,0.000035259684
5,6724,0.000035243587
5,6725,0.000035227507
5,6726,0.000035211443
5,6727,0.000035195397
5,6728,0.000035179367
5,6729,0.000035163354
5,6730,0.000035147358
5,6731,0.000035131379
5,6732,0.000035115416
5,6733,0.000035099471
5,6734,0.000035083542
5,6735,0.000035067629
5,6736,0.000035051734
5,6737,0.000035035855
5,6738,0.000035019993
5,6739,0.000035004147
5,6740,0.000034988318
5,6741,0.000034972506
5,6742,0.000034956711
5,6743,0.000034940932
5,6744,0.000034925169
5,6745,0.000034909423
5,6746,0.000034893694
5,6747,0.000034877981
5,6748,0.000034862285
5,6749,0.000034846605
5,6750,0.000034830942
5,6751,0.000034815295
5,6752,0.000034799664
5,6753,0.000034784050
5,6754,0.000034768453
5,6755,0.000034752871
5,6756,0.000034737307
5,6757,0.000034721758
5,6758,0.000034706226
5,6759,0.000034690710
5,6760,0.000034675210
5,6761,0.000034659727
5,6762,0.000034644260
5,6763,0.000034628809
5,6764,0.000034613375
5,6765,0.000034597956
5,6766,0.000034582554
5,6767,0.000034567168
5,6768,0.000034551798
5,6769,0.000034536445
5,6770,0.000034521107
5,6771,0.000034505786
5,6772,0.000034490480
5,6773,0.000034475191
5,6774,0.000034459918
5,6775,0.000034444661
5,6776,0.000034429420
5,6777,0.000034414195
5,6778,0.000034398985
5,6779,0.000034383792
5,6780,0.000034368615
5,6781,0.000034353454
5,6782,0.000034338309
5,6783,0.000034323179
5,6784,0.000034308066
5,6785,0.000034292968
5,6786,0.000034277886
5,6787,0.000034262820
5,6788,0.000034247770
5,6789,0.000034232736
5,6790,0.000034217717
5,6791,0.000034202715
5,6792,0.000034187728
5,6793,0.000034172756
5,6794,0.000034157801
5,6795,0.000034142861
5,6796,0.000034127937
5,6797,0.000034113029
5,6798,0.000034098136
5,6799,0.000034083259
5,6800,0.000034068397
5,6801,0.000034053551
5,6802,0.000034038721
5,6803,0.000034023906
5,6804,0.000034009107
5,6805,0.000033994324
5,6806,0.000033979556
5,6807,0.000033964803
5,6808,0.000033950066
5,6809,0.000033935344
5,6810,0.000033920638
5,6811,0.000033905948
5,6812,0.000033891272
5,6813,0.000033876613
5,6814,0.000033861968
5,6815,0.000033847339
5,6816,0.000033832725
5,6817,0.000033818127
5,6818,0.000033803544
5,6819,0.000033788976
5,6820,0.000033774424
5,6821,0.000033759887
5,6822,0.000033745365
5,6823,0.000033730859
5,6824,0.000033716367
5,6825,0.000033701891
5,6826,0.000033687430
5,6827,0.000033672985
5,6828,0.000033658554
5,6829,0.000033644139
5,6830,0.000033629739
5,6831,0.000033615354
5,6832,0.000033600984
5,6833,0.000033586629
5,6834,0.000033572289
5,6835,0.000033557964
5,6836,0.000033543654
5,6837,0.000033529360
5,6838,0.000033515080
5,6839,0.000033500816
5,6840,0.000033486566
5,6841,0.000033472331
5,6842,0.000033458111
5,6843,0.000033443907
5,6844,0.000033429717
5,6845,0.000033415542
5,6846,0.000033401382
5,6847,0.000033387237
5,6848,0.000033373106
5,6849,0.000033358991
5,6850,0.000033344890
5,6851,0.000033330804
5,6852,0.000033316733
5,6853,0.000033302677
5,6854,0.000033288635
5,6855,0.000033274608
5,6856,0.000033260596
5,6857,0.000033246599
5,6858,0.000033232616
5,6859,0.000033218649
5,6860,0.000033204695
5,6861,0.000033190757
5,6862,0.000033176833
5,6863,0.000033162923
5,6864,0.000033149029
5,6865,0.000033135149
5,6866,0.000033121283
5,6867,0.000033107432
5,6868,0.000033093596
5,6869,0.000033079774
5,6870,0.000033065966
5,6871,0.000033052174
5,6872,0.000033038395
5,6873,0.000033024631
5,6874,0.000033010882
5,6875,0.000032997147
5,6876,0.000032983426
5,6877,0.000032969720
5,6878,0.000032956028
5,6879,0.000032942351
5,6880,0.000032928688
5,6881,0.000032915039
5,6882,0.000032901405
5,6883,0.000032887785
5,6884,0.000032874179
5,6885,0.000032860588
5,6886,0.000032847011
5,6887,0.000032833448
5,6888,0.000032819899
5,6889,0.000032806365
5,6890,0.000032792845
5,6891,0.000032779339
5,6892,0.000032765847
5,6893,0.000032752369
5,6894,0.000032738906
5,6895,0.000032725456
5,6896,0.000032712021
5,6897,0.000032698600
5,6898,0.000032685193
5,6899,0.000032671800
5,6900,0.000032658422
5,6901,0.000032645057
5,6902,0.000032631706
5,6903,0.000032618369
5,6904,0.000032605047
5,6905,0.000032591738
5,6906,0.000032578443
5,6907,0.000032565163
5,6908,0.000032551896
5,6909,0.000032538643
5,6910,0.000032525404
5,6911,0.000032512179
5,6912,0.000032498968
5,6913,0.000032485771
5,6914,0.000032472587
5,6915,0.000032459418
5,6916,0.000032446262
5,6917,0.000032433120
5,6918,0.000032419992
5,6919,0.000032406878
5,6920,0.000032393777
5,6921,0.000032380690
5,6922,0.000032367617
5,6923,0.000032354558
5,6924,0.000032341512
5,6925,0.000032328481
5,6926,0.000032315462
5,6927,0.000032302458
5,6928,0.000032289467
5,6929,0.000032276490
5,6930,0.000032263526
5,6931,0.000032250576
5,6932,0.000032237640
5,6933,0.000032224717
5,6934,0.000032211808
5,6935,0.000032198912
5,6936,0.000032186030
5,6937,0.000032173162
5,6938,0.000032160307
5,6939,0.000032147465
5,6940,0.000032134637
5,6941,0.000032121823
5,6942,0.000032109022
5,6943,0.000032096234
5,6944,0.000032083460
5,6945,0.000032070699
5,6946,0.000032057952
5,6947,0.000032045218
5,6948,0.000032032497
5,6949,0.000032019790
5,6950,0.000032007096
5,6951,0.000031994415
5,6952,0.000031981748
5,6953,0.000031969094
5,6954,0.000031956453
5,6955,0.000031943826
5,6956,0.000031931212
5,6957,0.000031918611
5,6958,0.000031906023
5,6959,0.000031893449
5,6960,0.000031880888
5,6961,0.000031868340
5,6962,0.000031855805
5,6963,0.000031843283
5,6964,0.000031830775
5,6965,0.000031818280
5,6966,0.000031805797
5,6967,0.000031793328
5,6968,0.000031780872
5,6969,0.000031768429
5,6970,0.000031755999
5,6971,0.000031743583
5,6972,0.000031731179
5,6973,0.000031718788
5,6974,0.000031706410
5,6975,0.000031694046
5,6976,0.000031681694
5,6977,0.000031669355
5,6978,0.000031657029
5,6979,0.000031644717
5,6980,0.000031632417
5,6981,0.000031620130
5,6982,0.000031607856
5,6983,0.000031595594
5,6984,0.000031583346
5,6985,0.000031571111
5,6986,0.000031558888
5,6987,0.000031546678
5,6988,0.000031534481
5,6989,0.000031522297
5,6990,0.000031510126
5,6991,0.000031497967
5,6992,0.000031485822
5,6993,0.000031473689
5,6994,0.000031461568
5,6995,0.000031449461
5,6996,0.000031437366
5,6997,0.000031425284
5,6998,0.000031413215
5,6999,0.000031401158
5,7000,0.000031389114
5,7001,0.000031377082
5,7002,0.000031365064
5,7003,0.000031353057
5,7004,0.000031341064
5,7005,0.000031329083
5,7006,0.000031317115
5,7007,0.000031305159
5,7008,0.000031293216
5,7009,0.000031281285
5,7010,0.000031269367
5,7011,0.000031257461
5,7012,0.000031245568
5,7013,0.000031233687
5,7014,0.000031221819
5,7015,0.000031209964
5,7016,0.000031198120
5,7017,0.000031186290
5,7018,0.000031174471
5,7019,0.000031162665
5,7020,0.000031150872
5,7021,0.000031139091
5,7022,0.000031127322
5,7023,0.000031115565
5,7024,0.000031103821
5,7025,0.000031092090
5,7026,0.000031080370
5,7027,0.000031068663
5,7028,0.000031056968
5,7029,0.000031045286
5,7030,0.000031033616
5,7031,0.000031021958
5,7032,0.000031010312
5,7033,0.000030998678
5,7034,0.000030987057
5,7035,0.000030975448
5,7036,0.000030963851
5,7037,0.000030952267
5,7038,0.000030940694
5,7039,0.000030929134
5,7040,0.000030917585
5,7041,0.000030906049
5,7042,0.000030894525
5,7043,0.000030883014
5,7044,0.000030871514
5,7045,0.000030860026
5,7046,0.000030848550
5,7047,0.000030837087
5,7048,0.000030825635
5,7049,0.000030814196
5,7050,0.000030802768
5,7051,0.000030791353
5,7052,0.000030779949
5,7053,0.000030768558
5,7054,0.000030757178
5,7055,0.000030745811
5,7056,0.000030734455
5,7057,0.000030723111
5,7058,0.000030711780
5,7059,0.000030700460
5,7060,0.000030689152
5,7061,0.000030677856
5,7062,0.000030666571
5,7063,0.000030655299
5,7064,0.000030644038
5,7065,0.000030632790
5,7066,0.000030621553
5,7067,0.000030610327
5,7068,0.000030599114
5,7069,0.000030587913
5,7070,0.000030576723
5,7071,0.000030565545
5,7072,0.000030554378
5,7073,0.000030543224
5,7074,0.000030532081
5,7075,0.000030520950
5,7076,0.000030509830
5,7077,0.000030498723
5,7078,0.000030487627
5,7079,0.000030476542
5,7080,0.000030465469
5,7081,0.000030454408
5,7082,0.000030443359
5,7083,0.000030432321
5,7084,0.000030421294
5,7085,0.000030410280
5,7086,0.000030399276
5,7087,0.000030388285
5,7088,0.000030377305
5,7089,0.000030366336
5,7090,0.000030355379
5,7091,0.000030344434
5,7092,0.000030333500
5,7093,0.000030322577
5,7094,0.000030311666
5,7095,0.000030300766
5,7096,0.000030289878
5,7097,0.000030279002
5,7098,0.000030268136
5,7099,0.000030257282
5,7100,0.000030246440
5,7101,0.000030235609
5,7102,0.000030224789
5,7103,0.000030213981
5,7104,0.000030203184
5,7105,0.000030192398
5,7106,0.000030181624
5,7107,0.000030170861
5,7108,0.000030160109
5,7109,0.000030149369
5,7110,0.000030138640
5,7111,0.000030127922
5,7112,0.000030117215
5,7113,0.000030106520
5,7114,0.000030095836
5,7115,0.000030085163
5,7116,0.000030074501
5,7117,0.000030063851
5,7118,0.000030053211
5,7119,0.000030042583
5,7120,0.000030031966
5,7121,0.000030021361
5,7122,0.000030010766
5,7123,0.000030000182
5,7124,0.000029989610
5,7125,0.000029979049
5,7126,0.000029968499
5,7127,0.000029957959
5,7128,0.000029947431
5,7129,0.000029936914
5,7130,0.000029926409
5,7131,0.000029915914
5,7132,0.000029905430
5,7133,0.000029894957
5,7134,0.000029884495
5,7135,0.000029874044
5,7136,0.000029863604
5,7137,0.000029853175
5,7138,0.000029842757
5,7139,0.000029832350
5,7140,0.000029821954
5,7141,0.000029811569
5,7142,0.000029801195
5,7143,0.000029790831
5,7144,0.000029780479
5,7145,0.000029770137
5,7146,0.000029759806
5,7147,0.000029749487
5,7148,0.000029739178
5,7149,0.000029728879
5,7150,0.000029718592
5,7151,0.000029708315
5,7152,0.000029698049
5,7153,0.000029687794
5,7154,0.000029677550
5,7155,0.000029667317
5,7156,0.000029657094
5,7157,0.000029646882
5,7158,0.000029636681
5,7159,0.000029626490
5,7160,0.000029616310
5,7161,0.000029606141
5,7162,0.000029595983
5,7163,0.000029585835
5,7164,0.000029575698
5,7165,0.000029565571
5,7166,0.000029555455
5,7167,0.000029545350
5,7168,0.000029535255
5,7169,0.000029525171
5,7170,0.000029515098
5,7171,0.000029505035
5,7172,0.000029494983
5,7173,0.000029484941
5,7174,0.000029474910
5,7175,0.000029464889
5,7176,0.000029454879
5,7177,0.000029444880
5,7178,0.000029434891
5,7179,0.000029424912
5,7180,0.000029414944
5,7181,0.000029404986
5,7182,0.000029395039
5,7183,0.000029385102
5,7184,0.000029375176
5,7185,0.000029365260
5,7186,0.000029355355
5,7187,0.000029345460
5,7188,0.000029335575
5,7189,0.000029325701
5,7190,0.000029315837
5,7191,0.000029305984
5,7192,0.000029296140
5,7193,0.000029286307
5,7194,0.000029276485
5,7195,0.000029266673
5,7196,0.000029256871
5,7197,0.000029247079
5,7198,0.000029237298
5,7199,0.000029227527
5,7200,0.000029217766
5,7201,0.000029208016
5,7202,0.000029198275
5,7203,0.000029188545
5,7204,0.000029178826
5,7205,0.000029169116
5,7206,0.000029159417
5,7207,0.000029149727
5,7208,0.000029140048
5,7209,0.000029130379
5,7210,0.000029120721
5,7211,0.000029111072
5,7212,0.000029101434
5,7213,0.000029091805
5,7214,0.000029082187
5,7215,0.000029072579
5,7216,0.000029062981
5,7217,0.000029053393
5,7218,0.000029043815
5,7219,0.000029034248
5,7220,0.000029024690
5,7221,0.000029015142
5,7222,0.000029005605
5,7223,0.000028996077
5,7224,0.000028986559
5,7225,0.000028977052
5,7226,0.000028967554
5,7227,0.000028958066
5,7228,0.000028948589
5,7229,0.000028939121
5,7230,0.000028929663
5,7231,0.000028920215
5,7232,0.000028910777
5,7233,0.000028901349
5,7234,0.000028891931
5,7235,0.000028882523
5,7236,0.000028873125
5,7237,0.000028863736
5,7238,0.000028854357
5,7239,0.000028844989
5,7240,0.000028835630
5,7241,0.000028826281
5,7242,0.000028816941
5,7243,0.000028807612
5,7244,0.000028798292
5,7245,0.000028788982
5,7246,0.000028779682
5,7247,0.000028770392
5,7248,0.000028761111
5,7249,0.000028751841
5,7250,0.000028742580
5,7251,0.000028733328
5,7252,0.000028724087
5,7253,0.000028714855
5,7254,0.000028705632
5,7255,0.000028696420
5,7256,0.000028687217
5,7257,0.000028678024
5,7258,0.000028668840
5,7259,0.000028659666
5,7260,0.000028650502
5,7261,0.000028641348
5,7262,0.000028632203
5,7263,0.000028623067
5,7264,0.000028613941
5,7265,0.000028604825
5,7266,0.000028595719
5,7267,0.000028586621
5,7268,0.000028577534
5,7269,0.000028568456
5,7270,0.000028559388
5,7271,0.000028550329
5,7272,0.000028541279
5,7273,0.000028532239
5,7274,0.000028523209
5,7275,0.000028514188
5,7276,0.000028505177
5,7277,0.000028496175
5,7278,0.000028487182
5,7279,0.000028478199
5,7280,0.000028469225
5,7281,0.000028460261
5,7282,0.000028451306
5,7283,0.000028442361
5,7284,0.000028433425
5,7285,0.000028424499
5,7286,0.000028415581
5,7287,0.000028406673
5,7288,0.000028397775
5,7289,0.000028388886
5,7290,0.000028380006
5,7291,0.000028371136
5,7292,0.000028362274
5,7293,0.000028353423
5,7294,0.000028344580
5,7295,0.000028335747
5,7296,0.000028326923
5,7297,0.000028318108
5,7298,0.000028309303
5,7299,0.000028300506
5,7300,0.000028291719
5,7301,0.000028282942
5,7302,0.000028274173
5,7303,0.000028265414
5,7304,0.000028256664
5,7305,0.000028247923
5,7306,0.000028239191
5,7307,0.000028230468
5,7308,0.000028221755
5,7309,0.000028213051
5,7310,0.000028204356
5,7311,0.000028195670
5,7312,0.000028186993
5,7313,0.000028178325
5,7314,0.000028169667
5,7315,0.000028161017
5,7316,0.000028152377
5,7317,0.000028143745
5,7318,0.000028135123
5,7319,0.000028126510
5,7320,0.000028117906
5,7321,0.000028109310
5,7322,0.000028100724
5,7323,0.000028092147
5,7324,0.000028083579
5,7325,0.000028075020
5,7326,0.000028066470
5,7327,0.000028057929
5,7328,0.000028049397
5,7329,0.000028040873
5,7330,0.000028032359
5,7331,0.000028023854
5,7332,0.000028015358
5,7333,0.000028006870
5,7334,0.000027998392
5,7335,0.000027989922
5,7336,0.000027981461
5,7337,0.000027973009
5,7338,0.000027964566
5,7339,0.000027956132
5,7340,0.000027947707
5,7341,0.000027939291
5,7342,0.000027930883
5,7343,0.000027922485
5,7344,0.000027914095
5,7345,0.000027905714
5,7346,0.000027897341
5,7347,0.000027888978
5,7348,0.000027880623
5,7349,0.000027872277
5,7350,0.000027863940
5,7351,0.000027855612
5,7352,0.000027847292
5,7353,0.000027838981
5,7354,0.000027830679
5,7355,0.000027822386
5,7356,0.000027814101
5,7357,0.000027805825
5,7358,0.000027797558
5,7359,0.000027789299
5,7360,0.000027781049
5,7361,0.000027772808
5,7362,0.000027764575
5,7363,0.000027756351
5,7364,0.000027748136
5,7365,0.000027739929
5,7366,0.000027731731
5,7367,0.000027723541
5,7368,0.000027715361
5,7369,0.000027707188
5,7370,0.000027699025
5,7371,0.000027690869
5,7372,0.000027682723
5,7373,0.000027674585
5,7374,0.000027666455
5,7375,0.000027658334
5,7376,0.000027650222
5,7377,0.000027642118
5,7378,0.000027634023
5,7379,0.000027625936
5,7380,0.000027617858
5,7381,0.000027609788
5,7382,0.000027601726
5,7383,0.000027593673
5,7384,0.000027585629
5,7385,0.000027577593
5,7386,0.000027569565
5,7387,0.000027561546
5,7388,0.000027553535
5,7389,0.000027545533
5,7390,0.000027537539
5,7391,0.000027529554
5,7392,0.000027521577
5,7393,0.000027513608
5,7394,0.000027505647
5,7395,0.000027497695
5,7396,0.000027489752
5,7397,0.000027481817
5,7398,0.000027473890
5,7399,0.000027465971
5,7400,0.000027458061
5,7401,0.000027450159
5,7402,0.000027442265
5,7403,0.000027434379
5,7404,0.000027426502
5,7405,0.000027418633
5,7406,0.000027410773
5,7407,0.000027402920
5,7408,0.000027395076
5,7409,0.000027387241
5,7410,0.000027379413
5,7411,0.000027371594
5,7412,0.000027363782
5,7413,0.000027355979
5,7414,0.000027348185
5,7415,0.000027340398
5,7416,0.000027332620
5,7417,0.000027324849
5,7418,0.000027317087
5,7419,0.000027309333
5,7420,0.000027301587
5,7421,0.000027293850
5,7422,0.000027286120
5,7423,0.000027278399
5,7424,0.000027270686
5,7425,0.000027262980
5,7426,0.000027255283
5,7427,0.000027247594
5,7428,0.000027239913
5,7429,0.000027232241
5,7430,0.000027224576
5,7431,0.000027216919
5,7432,0.000027209270
5,7433,0.000027201630
5,7434,0.000027193997
5,7435,0.000027186372
5,7436,0.000027178756
5,7437,0.000027171147
5,7438,0.000027163546
5,7439,0.000027155954
5,7440,0.000027148369
5,7441,0.000027140792
5,7442,0.000027133224
5,7443,0.000027125663
5,7444,0.000027118110
5,7445,0.000027110565
5,7446,0.000027103028
5,7447,0.000027095499
5,7448,0.000027087978
5,7449,0.000027080465
5,7450,0.000027072959
5,7451,0.000027065462
5,7452,0.000027057972
5,7453,0.000027050490
5,7454,0.000027043017
5,7455,0.000027035551
5,7456,0.000027028092
5,7457,0.000027020642
5,7458,0.000027013200
5,7459,0.000027005765
5,7460,0.000026998338
5,7461,0.000026990919
5,7462,0.000026983507
5,7463,0.000026976104
5,7464,0.000026968708
5,7465,0.000026961320
5,7466,0.000026953940
5,7467,0.000026946568
5,7468,0.000026939203
5,7469,0.000026931846
5,7470,0.000026924497
5,7471,0.000026917155
5,7472,0.000026909821
5,7473,0.000026902495
5,7474,0.000026895177
5,7475,0.000026887866
5,7476,0.000026880563
5,7477,0.000026873268
5,7478,0.000026865980
5,7479,0.000026858700
5,7480,0.000026851427
5,7481,0.000026844163
5,7482,0.000026836905
5,7483,0.000026829656
5,7484,0.000026822414
5,7485,0.000026815180
5,7486,0.000026807953
5,7487,0.000026800734
5,7488,0.000026793522
5,7489,0.000026786318
5,7490,0.000026779122
5,7491,0.000026771933
5,7492,0.000026764752
5,7493,0.000026757578
5,7494,0.000026750412
5,7495,0.000026743253
5,7496,0.000026736102
5,7497,0.000026728959
5,7498,0.000026721823
5,7499,0.000026714694
5,7500,0.000026707573
5,7501,0.000026700459
5,7502,0.000026693353
5,7503,0.000026686254
5,7504,0.000026679163
5,7505,0.000026672079
5,7506,0.000026665003
5,7507,0.000026657934
5,7508,0.000026650872
5,7509,0.000026643818
5,7510,0.000026636771
5,7511,0.000026629732
5,7512,0.000026622700
5,7513,0.000026615676
5,7514,0.000026608659
5,7515,0.000026601649
5,7516,0.000026594646
5,7517,0.000026587651
5,7518,0.000026580664
5,7519,0.000026573683
5,7520,0.000026566710
5,7521,0.000026559745
5,7522,0.000026552786
5,7523,0.000026545835
5,7524,0.000026538891
5,7525,0.000026531955
5,7526,0.000026525026
5,7527,0.000026518104
5,7528,0.000026511189
5,7529,0.000026504282
5,7530,0.000026497382
5,7531,0.000026490489
5,7532,0.000026483603
5,7533,0.000026476725
5,7534,0.000026469854
5,7535,0.000026462990
5,7536,0.000026456133
5,7537,0.000026449284
5,7538,0.000026442441
5,7539,0.000026435606
5,7540,0.000026428778
5,7541,0.000026421957
5,7542,0.000026415144
5,7543,0.000026408337
5,7544,0.000026401538
5,7545,0.000026394746
5,7546,0.000026387961
5,7547,0.000026381183
5,7548,0.000026374412
5,7549,0.000026367648
5,7550,0.000026360892
5,7551,0.000026354142
5,7552,0.000026347400
5,7553,0.000026340664
5,7554,0.000026333936
5,7555,0.000026327215
5,7556,0.000026320501
5,7557,0.000026313794
5,7558,0.000026307094
5,7559,0.000026300401
5,7560,0.000026293715
5,7561,0.000026287036
5,7562,0.000026280364
5,7563,0.000026273699
5,7564,0.000026267041
5,7565,0.000026260390
5,7566,0.000026253746
5,7567,0.000026247109
5,7568,0.000026240479
5,7569,0.000026233856
5,7570,0.000026227240
5,7571,0.000026220631
5,7572,0.000026214029
5,7573,0.000026207434
5,7574,0.000026200846
5,7575,0.000026194264
5,7576,0.000026187690
5,7577,0.000026181122
5,7578,0.000026174562
5,7579,0.000026168008
5,7580,0.000026161461
5,7581,0.000026154921
5,7582,0.000026148388
5,7583,0.000026141862
5,7584,0.000026135342
5,7585,0.000026128830
5,7586,0.000026122324
5,7587,0.000026115825
5,7588,0.000026109333
5,7589,0.000026102848
5,7590,0.000026096369
5,7591,0.000026089898
5,7592,0.000026083433
5,7593,0.000026076975
5,7594,0.000026070524
5,7595,0.000026064079
5,7596,0.000026057641
5,7597,0.000026051210
5,7598,0.000026044786
5,7599,0.000026038369
5,7600,0.000026031958
5,7601,0.000026025554
5,7602,0.000026019157
5,7603,0.000026012766
5,7604,0.000026006383
5,7605,0.000026000006
5,7606,0.000025993635
5,7607,0.000025987271
5,7608,0.000025980914
5,7609,0.000025974564
5,7610,0.000025968220
5,7611,0.000025961883
5,7612,0.000025955553
5,7613,0.000025949229
5,7614,0.000025942912
5,7615,0.000025936602
5,7616,0.000025930298
5,7617,0.000025924001
5,7618,0.000025917710
5,7619,0.000025911426
5,7620,0.000025905149
5,7621,0.000025898878
5,7622,0.000025892614
5,7623,0.000025886357
5,7624,0.000025880106
5,7625,0.000025873861
5,7626,0.000025867623
5,7627,0.000025861392
5,7628,0.000025855167
5,7629,0.000025848949
5,7630,0.000025842737
5,7631,0.000025836532
5,7632,0.000025830333
5,7633,0.000025824141
5,7634,0.000025817955
5,7635,0.000025811776
5,7636,0.000025805604
5,7637,0.000025799437
5,7638,0.000025793278
5,7639,0.000025787125
5,7640,0.000025780978
5,7641,0.000025774837
5,7642,0.000025768704
5,7643,0.000025762576
5,7644,0.000025756455
5,7645,0.000025750341
5,7646,0.000025744232
5,7647,0.000025738131
5,7648,0.000025732035
5,7649,0.000025725947
5,7650,0.000025719864
5,7651,0.000025713788
5,7652,0.000025707718
5,7653,0.000025701655
5,7654,0.000025695598
5,7655,0.000025689547
5,7656,0.000025683503
5,7657,0.000025677465
5,7658,0.000025671433
5,7659,0.000025665408
5,7660,0.000025659389
5,7661,0.000025653377
5,7662,0.000025647370
5,7663,0.000025641370
5,7664,0.000025635377
5,7665,0.000025629389
5,7666,0.000025623408
5,7667,0.000025617433
5,7668,0.000025611465
5,7669,0.000025605503
5,7670,0.000025599547
5,7671,0.000025593597
5,7672,0.000025587654
5,7673,0.000025581716
5,7674,0.000025575785
5,7675,0.000025569861
5,7676,0.000025563942
5,7677,0.000025558030
5,7678,0.000025552124
5,7679,0.000025546224
5,7680,0.000025540330
5,7681,0.000025534442
5,7682,0.000025528561
5,7683,0.000025522686
5,7684,0.000025516817
5,7685,0.000025510954
5,7686,0.000025505097
5,7687,0.000025499247
5,7688,0.000025493402
5,7689,0.000025487564
5,7690,0.000025481732
5,7691,0.000025475906
5,7692,0.000025470086
5,7693,0.000025464273
5,7694,0.000025458465
5,7695,0.000025452663
5,7696,0.000025446868
5,7697,0.000025441079
5,7698,0.000025435295
5,7699,0.000025429518
5,7700,0.000025423747
5,7701,0.000025417982
5,7702,0.000025412223
5,7703,0.000025406470
5,7704,0.000025400723
5,7705,0.000025394982
5,7706,0.000025389247
5,7707,0.000025383519
5,7708,0.000025377796
5,7709,0.000025372079
5,7710,0.000025366368
5,7711,0.000025360663
5,7712,0.000025354965
5,7713,0.000025349272
5,7714,0.000025343585
5,7715,0.000025337904
5,7716,0.000025332229
5,7717,0.000025326560
5,7718,0.000025320897
5,7719,0.000025315240
5,7720,0.000025309589
5,7721,0.000025303944
5,7722,0.000025298305
5,7723,0.000025292672
5,7724,0.000025287044
5,7725,0.000025281423
5,7726,0.000025275807
5,7727,0.000025270198
5,7728,0.000025264594
5,7729,0.000025258996
5,7730,0.000025253404
5,7731,0.000025247818
5,7732,0.000025242238
5,7733,0.000025236663
5,7734,0.000025231095
5,7735,0.000025225532
5,7736,0.000025219975
5,7737,0.000025214424
5,7738,0.000025208879
5,7739,0.000025203339
5,7740,0.000025197806
5,7741,0.000025192278
5,7742,0.000025186756
5,7743,0.000025181240
5,7744,0.000025175730
5,7745,0.000025170225
5,7746,0.000025164727
5,7747,0.000025159234
5,7748,0.000025153746
5,7749,0.000025148265
5,7750,0.000025142789
5,7751,0.000025137319
5,7752,0.000025131855
5,7753,0.000025126397
5,7754,0.000025120944
5,7755,0.000025115497
5,7756,0.000025110056
5,7757,0.000025104620
5,7758,0.000025099190
5,7759,0.000025093766
5,7760,0.000025088348
5,7761,0.000025082935
5,7762,0.000025077528
5,7763,0.000025072127
5,7764,0.000025066731
5,7765,0.000025061341
5,7766,0.000025055957
5,7767,0.000025050578
5,7768,0.000025045205
5,7769,0.000025039837
5,7770,0.000025034476
5,7771,0.000025029119
5,7772,0.000025023769
5,7773,0.000025018424
5,7774,0.000025013085
5,7775,0.000025007751
5,7776,0.000025002423
5,7777,0.000024997101
5,7778,0.000024991784
5,7779,0.000024986472
5,7780,0.000024981167
5,7781,0.000024975866
5,7782,0.000024970572
5,7783,0.000024965283
5,7784,0.000024959999
5,7785,0.000024954721
5,7786,0.000024949449
5,7787,0.000024944182
5,7788,0.000024938921
5,7789,0.000024933665
5,7790,0.000024928415
5,7791,0.000024923170
5,7792,0.000024917931
5,7793,0.000024912697
5,7794,0.000024907469
5,7795,0.000024902246
5,7796,0.000024897029
5,7797,0.000024891817
5,7798,0.000024886611
5,7799,0.000024881410
5,7800,0.000024876215
5,7801,0.000024871025
5,7802,0.000024865840
5,7803,0.000024860661
5,7804,0.000024855488
5,7805,0.000024850320
5,7806,0.000024845157
5,7807,0.000024840000
5,7808,0.000024834848
5,7809,0.000024829701
5,7810,0.000024824560
5,7811,0.000024819425
5,7812,0.000024814295
5,7813,0.000024809170
5,7814,0.000024804050
5,7815,0.000024798936
5,7816,0.000024793827
5,7817,0.000024788724
5,7818,0.000024783626
5,7819,0.000024778533
5,7820,0.000024773446
5,7821,0.000024768364
5,7822,0.000024763288
5,7823,0.000024758216
5,7824,0.000024753150
5,7825,0.000024748090
5,7826,0.000024743034
5,7827,0.000024737984
5,7828,0.000024732940
5,7829,0.000024727900
5,7830,0.000024722866
5,7831,0.000024717837
5,7832,0.000024712814
5,7833,0.000024707796
5,7834,0.000024702783
5,7835,0.000024697775
5,7836,0.000024692772
5,7837,0.000024687775
5,7838,0.000024682783
5,7839,0.000024677796
5,7840,0.000024672815
5,7841,0.000024667839
5,7842,0.000024662868
5,7843,0.000024657902
5,7844,0.000024652941
5,7845,0.000024647986
5,7846,0.000024643036
5,7847,0.000024638091
5,7848,0.000024633151
5,7849,0.000024628217
5,7850,0.000024623287
5,7851,0.000024618363
5,7852,0.000024613444
5,7853,0.000024608530
5,7854,0.000024603621
5,7855,0.000024598718
5,7856,0.000024593819
5,7857,0.000024588926
5,7858,0.000024584038
5,7859,0.000024579155
5,7860,0.000024574277
5,7861,0.000024569404
5,7862,0.000024564537
5,7863,0.000024559674
5,7864,0.000024554817
5,7865,0.000024549965
5,7866,0.000024545117
5,7867,0.000024540275
5,7868,0.000024535438
5,7869,0.000024530606
5,7870,0.000024525779
5,7871,0.000024520958
5,7872,0.000024516141
5,7873,0.000024511329
5,7874,0.000024506523
5,7875,0.000024501721
5,7876,0.000024496925
5,7877,0.000024492133
5,7878,0.000024487347
5,7879,0.000024482565
5,7880,0.000024477789
5,7881,0.000024473018
5,7882,0.000024468251
5,7883,0.000024463490
5,7884,0.000024458733
5,7885,0.000024453982
5,7886,0.000024449236
5,7887,0.000024444494
5,7888,0.000024439758
5,7889,0.000024435027
5,7890,0.000024430300
5,7891,0.000024425579
5,7892,0.000024420862
5,7893,0.000024416150
5,7894,0.000024411444
5,7895,0.000024406742
5,7896,0.000024402045
5,7897,0.000024397354
5,7898,0.000024392667
5,7899,0.000024387985
5,7900,0.000024383308
5,7901,0.000024378636
5,7902,0.000024373968
5,7903,0.000024369306
5,7904,0.000024364649
5,7905,0.000024359996
5,7906,0.000024355348
5,7907,0.000024350706
5,7908,0.000024346068
5,7909,0.000024341435
5,7910,0.000024336807
5,7911,0.000024332183
5,7912,0.000024327565
5,7913,0.000024322951
5,7914,0.000024318343
5,7915,0.000024313739
5,7916,0.000024309140
5,7917,0.000024304546
5,7918,0.000024299956
5,7919,0.000024295372
5,7920,0.000024290792
5,7921,0.000024286217
5,7922,0.000024281647
5,7923,0.000024277081
5,7924,0.000024272521
5,7925,0.000024267965
5,7926,0.000024263414
5,7927,0.000024258868
5,7928,0.000024254327
5,7929,0.000024249790
5,7930,0.000024245258
5,7931,0.000024240731
5,7932,0.000024236209
5,7933,0.000024231691
5,7934,0.000024227178
5,7935,0.000024222670
5,7936,0.000024218167
5,7937,0.000024213668
5,7938,0.000024209174
5,7939,0.000024204685
5,7940,0.000024200200
5,7941,0.000024195721
5,7942,0.000024191245
5,7943,0.000024186775
5,7944,0.000024182309
5,7945,0.000024177848
5,7946,0.000024173392
5,7947,0.000024168941
5,7948,0.000024164494
5,7949,0.000024160051
5,7950,0.000024155614
5,7951,0.000024151181
5,7952,0.000024146752
5,7953,0.000024142329
5,7954,0.000024137910
5,7955,0.000024133495
5,7956,0.000024129086
5,7957,0.000024124681
5,7958,0.000024120280
5,7959,0.000024115884
5,7960,0.000024111493
5,7961,0.000024107107
5,7962,0.000024102725
5,7963,0.000024098347
5,7964,0.000024093974
5,7965,0.000024089606
5,7966,0.000024085243
5,7967,0.000024080884
5,7968,0.000024076529
5,7969,0.000024072179
5,7970,0.000024067834
5,7971,0.000024063493
5,7972,0.000024059157
5,7973,0.000024054825
5,7974,0.000024050498
5,7975,0.000024046176
5,7976,0.000024041858
5,7977,0.000024037544
5,7978,0.000024033236
5,7979,0.000024028931
5,7980,0.000024024631
5,7981,0.000024020336
5,7982,0.000024016045
5,7983,0.000024011759
5,7984,0.000024007477
5,7985,0.000024003200
5,7986,0.000023998927
5,7987,0.000023994658
5,7988,0.000023990395
5,7989,0.000023986135
5,7990,0.000023981880
5,7991,0.000023977630
5,7992,0.000023973384
5,7993,0.000023969142
5,7994,0.000023964905
5,7995,0.000023960673
5,7996,0.000023956444
5,7997,0.000023952221
5,7998,0.000023948001
5,7999,0.000023943787
5,8000,0.000023939576
5,8001,0.000023935370
5,8002,0.000023931169
5,8003,0.000023926971
5,8004,0.000023922779
5,8005,0.000023918590
5,8006,0.000023914406
5,8007,0.000023910227
5,8008,0.000023906052
5,8009,0.000023901881
5,8010,0.000023897714
5,8011,0.000023893552
5,8012,0.000023889395
5,8013,0.000023885241
5,8014,0.000023881092
5,8015,0.000023876948
5,8016,0.000023872808
5,8017,0.000023868672
5,8018,0.000023864540
5,8019,0.000023860413
5,8020,0.000023856290
5,8021,0.000023852172
5,8022,0.000023848057
5,8023,0.000023843948
5,8024,0.000023839842
5,8025,0.000023835741
5,8026,0.000023831644
5,8027,0.000023827551
5,8028,0.000023823463
5,8029,0.000023819379
5,8030,0.000023815299
5,8031,0.000023811224
5,8032,0.000023807152
5,8033,0.000023803086
5,8034,0.000023799023
5,8035,0.000023794965
5,8036,0.000023790910
5,8037,0.000023786861
5,8038,0.000023782815
5,8039,0.000023778774
5,8040,0.000023774737
5,8041,0.000023770704
5,8042,0.000023766675
5,8043,0.000023762651
5,8044,0.000023758631
5,8045,0.000023754615
5,8046,0.000023750603
5,8047,0.000023746595
5,8048,0.000023742592
5,8049,0.000023738593
5,8050,0.000023734598
5,8051,0.000023730608
5,8052,0.000023726621
5,8053,0.000023722639
5,8054,0.000023718661
5,8055,0.000023714687
5,8056,0.000023710717
5,8057,0.000023706751
5,8058,0.000023702790
5,8059,0.000023698833
5,8060,0.000023694879
5,8061,0.000023690931
5,8062,0.000023686986
5,8063,0.000023683045
5,8064,0.000023679108
5,8065,0.000023675176
5,8066,0.000023671248
5,8067,0.000023667324
5,8068,0.000023663404
5,8069,0.000023659488
5,8070,0.000023655576
5,8071,0.000023651668
5,8072,0.000023647765
5,8073,0.000023643865
5,8074,0.000023639970
5,8075,0.000023636079
5,8076,0.000023632191
5,8077,0.000023628308
5,8078,0.000023624429
5,8079,0.000023620554
5,8080,0.000023616683
5,8081,0.000023612817
5,8082,0.000023608954
5,8083,0.000023605095
5,8084,0.000023601240
5,8085,0.000023597390
5,8086,0.000023593543
5,8087,0.000023589701
5,8088,0.000023585862
5,8089,0.000023582028
5,8090,0.000023578197
5,8091,0.000023574371
5,8092,0.000023570549
5,8093,0.000023566730
5,8094,0.000023562916
5,8095,0.000023559106
5,8096,0.000023555299
5,8097,0.000023551497
5,8098,0.000023547699
5,8099,0.000023543904
5,8100,0.000023540114
5,8101,0.000023536327
5,8102,0.000023532545
5,8103,0.000023528767
5,8104,0.000023524992
5,8105,0.000023521222
5,8106,0.000023517455
5,8107,0.000023513693
5,8108,0.000023509934
5,8109,0.000023506179
5,8110,0.000023502428
5,8111,0.000023498682
5,8112,0.000023494939
5,8113,0.000023491200
5,8114,0.000023487465
5,8115,0.000023483734
5,8116,0.000023480007
5,8117,0.000023476283
5,8118,0.000023472564
5,8119,0.000023468849
5,8120,0.000023465137
5,8121,0.000023461429
5,8122,0.000023457726
5,8123,0.000023454026
5,8124,0.000023450330
5,8125,0.000023446638
5,8126,0.000023442950
5,8127,0.000023439265
5,8128,0.000023435585
5,8129,0.000023431908
5,8130,0.000023428236
5,8131,0.000023424567
5,8132,0.000023420902
5,8133,0.000023417240
5,8134,0.000023413583
5,8135,0.000023409930
5,8136,0.000023406280
5,8137,0.000023402634
5,8138,0.000023398992
5,8139,0.000023395354
5,8140,0.000023391720
5,8141,0.000023388089
5,8142,0.000023384463
5,8143,0.000023380840
5,8144,0.000023377221
5,8145,0.000023373605
5,8146,0.000023369994
5,8147,0.000023366386
5,8148,0.000023362782
5,8149,0.000023359182
5,8150,0.000023355586
5,8151,0.000023351993
5,8152,0.000023348405
5,8153,0.000023344820
5,8154,0.000023341238
5,8155,0.000023337661
5,8156,0.000023334087
5,8157,0.000023330517
5,8158,0.000023326951
5,8159,0.000023323388
5,8160,0.000023319830
5,8161,0.000023316275
5,8162,0.000023312723
5,8163,0.000023309176
5,8164,0.000023305632
5,8165,0.000023302092
5,8166,0.000023298556
5,8167,0.000023295023
5,8168,0.000023291494
5,8169,0.000023287969
5,8170,0.000023284447
5,8171,0.000023280930
5,8172,0.000023277415
5,8173,0.000023273905
5,8174,0.000023270398
5,8175,0.000023266895
5,8176,0.000023263396
5,8177,0.000023259900
5,8178,0.000023256408
5,8179,0.000023252920
5,8180,0.000023249435
5,8181,0.000023245954
5,8182,0.000023242476
5,8183,0.000023239003
5,8184,0.000023235533
5,8185,0.000023232066
5,8186,0.000023228603
5,8187,0.000023225144
5,8188,0.000023221689
5,8189,0.000023218237
5,8190,0.000023214789
5,8191,0.000023211344
5,8192,0.000023207903
5,8193,0.000023204465
5,8194,0.000023201032
5,8195,0.000023197601
5,8196,0.000023194175
5,8197,0.000023190752
5,8198,0.000023187332
5,8199,0.000023183917
5,8200,0.000023180504
5,8201,0.000023177096
5,8202,0.000023173691
5,8203,0.000023170289
5,8204,0.000023166891
5,8205,0.000023163497
5,8206,0.000023160106
5,8207,0.000023156719
5,8208,0.000023153335
5,8209,0.000023149955
5,8210,0.000023146579
5,8211,0.000023143206
5,8212,0.000023139836
5,8213,0.000023136470
5,8214,0.000023133108
5,8215,0.000023129749
5,8216,0.000023126394
5,8217,0.000023123042
5,8218,0.000023119694
5,8219,0.000023116349
5,8220,0.000023113008
5,8221,0.000023109670
5,8222,0.000023106336
5,8223,0.000023103005
5,8224,0.000023099678
5,8225,0.000023096354
5,8226,0.000023093034
5,8227,0.000023089717
5,8228,0.000023086404
5,8229,0.000023083094
5,8230,0.000023079788
5,8231,0.000023076485
5,8232,0.000023073186
5,8233,0.000023069890
5,8234,0.000023066597
5,8235,0.000023063308
5,8236,0.000023060023
5,8237,0.000023056741
5,8238,0.000023053462
5,8239,0.000023050187
5,8240,0.000023046915
5,8241,0.000023043647
5,8242,0.000023040382
5,8243,0.000023037120
5,8244,0.000023033862
5,8245,0.000023030608
5,8246,0.000023027357
5,8247,0.000023024109
5,8248,0.000023020865
5,8249,0.000023017624
5,8250,0.000023014386
5,8251,0.000023011152
5,8252,0.000023007921
5,8253,0.000023004694
5,8254,0.000023001470
5,8255,0.000022998249
5,8256,0.000022995032
5,8257,0.000022991818
5,8258,0.000022988608
5,8259,0.000022985401
5,8260,0.000022982197
5,8261,0.000022978997
5,8262,0.000022975800
5,8263,0.000022972606
5,8264,0.000022969416
5,8265,0.000022966229
5,8266,0.000022963046
5,8267,0.000022959865
5,8268,0.000022956688
5,8269,0.000022953515
5,8270,0.000022950345
5,8271,0.000022947178
5,8272,0.000022944014
5,8273,0.000022940854
5,8274,0.000022937697
5,8275,0.000022934544
5,8276,0.000022931393
5,8277,0.000022928246
5,8278,0.000022925103
5,8279,0.000022921962
5,8280,0.000022918825
5,8281,0.000022915692
5,8282,0.000022912561
5,8283,0.000022909434
5,8284,0.000022906310
5,8285,0.000022903190
5,8286,0.000022900072
5,8287,0.000022896958
5,8288,0.000022893847
5,8289,0.000022890740
5,8290,0.000022887636
5,8291,0.000022884535
5,8292,0.000022881437
5,8293,0.000022878342
5,8294,0.000022875251
5,8295,0.000022872163
5,8296,0.000022869078
5,8297,0.000022865997
5,8298,0.000022862919
5,8299,0.000022859844
5,8300,0.000022856772
5,8301,0.000022853703
5,8302,0.000022850638
5,8303,0.000022847576
5,8304,0.000022844517
5,8305,0.000022841461
5,8306,0.000022838409
5,8307,0.000022835359
5,8308,0.000022832313
5,8309,0.000022829270
5,8310,0.000022826231
5,8311,0.000022823194
5,8312,0.000022820161
5,8313,0.000022817131
5,8314,0.000022814104
5,8315,0.000022811080
5,8316,0.000022808060
5,8317,0.000022805042
5,8318,0.000022802028
5,8319,0.000022799017
5,8320,0.000022796009
5,8321,0.000022793004
5,8322,0.000022790003
5,8323,0.000022787004
5,8324,0.000022784009
5,8325,0.000022781017
5,8326,0.000022778028
5,8327,0.000022775042
5,8328,0.000022772059
5,8329,0.000022769080
5,8330,0.000022766103
5,8331,0.000022763130
5,8332,0.000022760160
5,8333,0.000022757193
5,8334,0.000022754229
5,8335,0.000022751268
5,8336,0.000022748310
5,8337,0.000022745355
5,8338,0.000022742404
5,8339,0.000022739456
5,8340,0.000022736510
5,8341,0.000022733568
5,8342,0.000022730629
5,8343,0.000022727693
5,8344,0.000022724760
5,8345,0.000022721830
5,8346,0.000022718903
5,8347,0.000022715979
5,8348,0.000022713059
5,8349,0.000022710141
5,8350,0.000022707226
5,8351,0.000022704315
5,8352,0.000022701407
5,8353,0.000022698501
5,8354,0.000022695599
5,8355,0.000022692700
5,8356,0.000022689803
5,8357,0.000022686910
5,8358,0.000022684020
5,8359,0.000022681133
5,8360,0.000022678249
5,8361,0.000022675368
5,8362,0.000022672490
5,8363,0.000022669615
5,8364,0.000022666743
5,8365,0.000022663874
5,8366,0.000022661008
5,8367,0.000022658145
5,8368,0.000022655285
5,8369,0.000022652428
5,8370,0.000022649574
5,8371,0.000022646723
5,8372,0.000022643875
5,8373,0.000022641031
5,8374,0.000022638189
5,8375,0.000022635350
5,8376,0.000022632514
5,8377,0.000022629681
5,8378,0.000022626851
5,8379,0.000022624024
5,8380,0.000022621200
5,8381,0.000022618378
5,8382,0.000022615560
5,8383,0.000022612745
5,8384,0.000022609933
5,8385,0.000022607124
5,8386,0.000022604317
5,8387,0.000022601514
5,8388,0.000022598713
5,8389,0.000022595916
5,8390,0.000022593121
5,8391,0.000022590330
5,8392,0.000022587541
5,8393,0.000022584755
5,8394,0.000022581973
5,8395,0.000022579193
5,8396,0.000022576416
5,8397,0.000022573642
5,8398,0.000022570870
5,8399,0.000022568102
5,8400,0.000022565337
5,8401,0.000022562574
5,8402,0.000022559815
5,8403,0.000022557058
5,8404,0.000022554304
5,8405,0.000022551554
5,8406,0.000022548806
5,8407,0.000022546061
5,8408,0.000022543318
5,8409,0.000022540579
5,8410,0.000022537843
5,8411,0.000022535109
5,8412,0.000022532379
5,8413,0.000022529651
5,8414,0.000022526926
5,8415,0.000022524204
5,8416,0.000022521484
5,8417,0.000022518768
5,8418,0.000022516055
5,8419,0.000022513344
5,8420,0.000022510636
5,8421,0.000022507931
5,8422,0.000022505229
5,8423,0.000022502530
5,8424,0.000022499833
5,8425,0.000022497140
5,8426,0.000022494449
5,8427,0.000022491761
5,8428,0.000022489076
5,8429,0.000022486393
5,8430,0.000022483714
5,8431,0.000022481037
5,8432,0.000022478363
5,8433,0.000022475692
5,8434,0.000022473024
5,8435,0.000022470359
5,8436,0.000022467696
5,8437,0.000022465036
5,8438,0.000022462379
5,8439,0.000022459725
5,8440,0.000022457073
5,8441,0.000022454424
5,8442,0.000022451779
5,8443,0.000022449135
5,8444,0.000022446495
5,8445,0.000022443857
5,8446,0.000022441223
5,8447,0.000022438591
5,8448,0.000022435961
5,8449,0.000022433335
5,8450,0.000022430711
5,8451,0.000022428090
5,8452,0.000022425472
5,8453,0.000022422856
5,8454,0.000022420243
5,8455,0.000022417633
5,8456,0.000022415026
5,8457,0.000022412422
5,8458,0.000022409820
5,8459,0.000022407221
5,8460,0.000022404624
5,8461,0.000022402031
5,8462,0.000022399440
5,8463,0.000022396852
5,8464,0.000022394266
5,8465,0.000022391684
5,8466,0.000022389104
5,8467,0.000022386526
5,8468,0.000022383952
5,8469,0.000022381380
5,8470,0.000022378811
5,8471,0.000022376244
5,8472,0.000022373680
5,8473,0.000022371119
5,8474,0.000022368561
5,8475,0.000022366005
5,8476,0.000022363452
5,8477,0.000022360902
5,8478,0.000022358354
5,8479,0.000022355809
5,8480,0.000022353267
5,8481,0.000022350727
5,8482,0.000022348190
5,8483,0.000022345656
5,8484,0.000022343124
5,8485,0.000022340595
5,8486,0.000022338069
5,8487,0.000022335545
5,8488,0.000022333024
5,8489,0.000022330506
5,8490,0.000022327990
5,8491,0.000022325477
5,8492,0.000022322966
5,8493,0.000022320458
5,8494,0.000022317953
5,8495,0.000022315451
5,8496,0.000022312951
5,8497,0.000022310453
5,8498,0.000022307959
5,8499,0.000022305467
5,8500,0.000022302977
5,8501,0.000022300490
5,8502,0.000022298006
5,8503,0.000022295524
5,8504,0.000022293045
5,8505,0.000022290569
5,8506,0.000022288095
5,8507,0.000022285624
5,8508,0.000022283155
5,8509,0.000022280689
5,8510,0.000022278226
5,8511,0.000022275765
5,8512,0.000022273307
5,8513,0.000022270851
5,8514,0.000022268398
5,8515,0.000022265948
5,8516,0.000022263500
5,8517,0.000022261054
5,8518,0.000022258612
5,8519,0.000022256171
5,8520,0.000022253734
5,8521,0.000022251299
5,8522,0.000022248866
5,8523,0.000022246436
5,8524,0.000022244009
5,8525,0.000022241584
5,8526,0.000022239161
5,8527,0.000022236742
5,8528,0.000022234324
5,8529,0.000022231910
5,8530,0.000022229497
5,8531,0.000022227088
5,8532,0.000022224681
5,8533,0.000022222276
5,8534,0.000022219874
5,8535,0.000022217474
5,8536,0.000022215077
5,8537,0.000022212683
5,8538,0.000022210291
5,8539,0.000022207902
5,8540,0.000022205515
5,8541,0.000022203130
5,8542,0.000022200748
5,8543,0.000022198369
5,8544,0.000022195992
5,8545,0.000022193617
5,8546,0.000022191245
5,8547,0.000022188876
5,8548,0.000022186509
5,8549,0.000022184144
5,8550,0.000022181782
5,8551,0.000022179423
5,8552,0.000022177066
5,8553,0.000022174711
5,8554,0.000022172359
5,8555,0.000022170010
5,8556,0.000022167662
5,8557,0.000022165318
5,8558,0.000022162975
5,8559,0.000022160636
5,8560,0.000022158298
5,8561,0.000022155964
5,8562,0.000022153631
5,8563,0.000022151301
5,8564,0.000022148974
5,8565,0.000022146649
5,8566,0.000022144326
5,8567,0.000022142006
5,8568,0.000022139688
5,8569,0.000022137373
5,8570,0.000022135060
5,8571,0.000022132749
5,8572,0.000022130441
5,8573,0.000022128136
5,8574,0.000022125833
5,8575,0.000022123532
5,8576,0.000022121234
5,8577,0.000022118938
5,8578,0.000022116644
5,8579,0.000022114353
5,8580,0.000022112064
5,8581,0.000022109778
5,8582,0.000022107494
5,8583,0.000022105213
5,8584,0.000022102934
5,8585,0.000022100657
5,8586,0.000022098383
5,8587,0.000022096111
5,8588,0.000022093841
5,8589,0.000022091574
5,8590,0.000022089309
5,8591,0.000022087047
5,8592,0.000022084787
5,8593,0.000022082529
5,8594,0.000022080274
5,8595,0.000022078021
5,8596,0.000022075771
5,8597,0.000022073522
5,8598,0.000022071277
5,8599,0.000022069033
5,8600,0.000022066792
5,8601,0.000022064553
5,8602,0.000022062317
5,8603,0.000022060083
5,8604,0.000022057851
5,8605,0.000022055622
5,8606,0.000022053395
5,8607,0.000022051170
5,8608,0.000022048948
5,8609,0.000022046728
5,8610,0.000022044510
5,8611,0.000022042295
5,8612,0.000022040082
5,8613,0.000022037871
5,8614,0.000022035663
5,8615,0.000022033457
5,8616,0.000022031253
5,8617,0.000022029052
5,8618,0.000022026853
5,8619,0.000022024656
5,8620,0.000022022461
5,8621,0.000022020269
5,8622,0.000022018079
5,8623,0.000022015892
5,8624,0.000022013707
5,8625,0.000022011524
5,8626,0.000022009343
5,8627,0.000022007165
5,8628,0.000022004988
5,8629,0.000022002815
5,8630,0.000022000643
5,8631,0.000021998474
5,8632,0.000021996307
5,8633,0.000021994142
5,8634,0.000021991980
5,8635,0.000021989820
5,8636,0.000021987662
5,8637,0.000021985506
5,8638,0.000021983353
5,8639,0.000021981202
5,8640,0.000021979053
5,8641,0.000021976906
5,8642,0.000021974762
5,8643,0.000021972620
5,8644,0.000021970480
5,8645,0.000021968343
5,8646,0.000021966207
5,8647,0.000021964074
5,8648,0.000021961943
5,8649,0.000021959815
5,8650,0.000021957688
5,8651,0.000021955564
5,8652,0.000021953442
5,8653,0.000021951323
5,8654,0.000021949205
5,8655,0.000021947090
5,8656,0.000021944977
5,8657,0.000021942866
5,8658,0.000021940758
5,8659,0.000021938651
5,8660,0.000021936547
5,8661,0.000021934445
5,8662,0.000021932346
5,8663,0.000021930248
5,8664,0.000021928153
5,8665,0.000021926060
5,8666,0.000021923969
5,8667,0.000021921880
5,8668,0.000021919794
5,8669,0.000021917709
5,8670,0.000021915627
5,8671,0.000021913547
5,8672,0.000021911470
5,8673,0.000021909394
5,8674,0.000021907321
5,8675,0.000021905249
5,8676,0.000021903180
5,8677,0.000021901114
5,8678,0.000021899049
5,8679,0.000021896986
5,8680,0.000021894926
5,8681,0.000021892868
5,8682,0.000021890812
5,8683,0.000021888758
5,8684,0.000021886706
5,8685,0.000021884657
5,8686,0.000021882609
5,8687,0.000021880564
5,8688,0.000021878521
5,8689,0.000021876480
5,8690,0.000021874441
5,8691,0.000021872404
5,8692,0.000021870370
5,8693,0.000021868337
5,8694,0.000021866307
5,8695,0.000021864279
5,8696,0.000021862253
5,8697,0.000021860229
5,8698,0.000021858207
5,8699,0.000021856188
5,8700,0.000021854170
5,8701,0.000021852155
5,8702,0.000021850142
5,8703,0.000021848130
5,8704,0.000021846121
5,8705,0.000021844114
5,8706,0.000021842110
5,8707,0.000021840107
5,8708,0.000021838106
5,8709,0.000021836108
5,8710,0.000021834111
5,8711,0.000021832117
5,8712,0.000021830125
5,8713,0.000021828135
5,8714,0.000021826147
5,8715,0.000021824161
5,8716,0.000021822177
5,8717,0.000021820195
5,8718,0.000021818215
5,8719,0.000021816238
5,8720,0.000021814262
5,8721,0.000021812289
5,8722,0.000021810317
5,8723,0.000021808348
5,8724,0.000021806381
5,8725,0.000021804416
5,8726,0.000021802453
5,8727,0.000021800492
5,8728,0.000021798533
5,8729,0.000021796576
5,8730,0.000021794621
5,8731,0.000021792668
5,8732,0.000021790717
5,8733,0.000021788768
5,8734,0.000021786822
5,8735,0.000021784877
5,8736,0.000021782935
5,8737,0.000021780994
5,8738,0.000021779055
5,8739,0.000021777119
5,8740,0.000021775185
5,8741,0.000021773252
5,8742,0.000021771322
5,8743,0.000021769393
5,8744,0.000021767467
5,8745,0.000021765543
5,8746,0.000021763620
5,8747,0.000021761700
5,8748,0.000021759782
5,8749,0.000021757866
5,8750,0.000021755952
5,8751,0.000021754039
5,8752,0.000021752129
5,8753,0.000021750221
5,8754,0.000021748315
5,8755,0.000021746411
5,8756,0.000021744508
5,8757,0.000021742608
5,8758,0.000021740710
5,8759,0.000021738814
5,8760,0.000021736920
5,8761,0.000021735027
5,8762,0.000021733137
5,8763,0.000021731249
5,8764,0.000021729363
5,8765,0.000021727478
5,8766,0.000021725596
5,8767,0.000021723716
5,8768,0.000021721837
5,8769,0.000021719961
5,8770,0.000021718087
5,8771,0.000021716214
5,8772,0.000021714344
5,8773,0.000021712475
5,8774,0.000021710609
5,8775,0.000021708744
5,8776,0.000021706881
5,8777,0.000021705021
5,8778,0.000021703162
5,8779,0.000021701305
5,8780,0.000021699451
5,8781,0.000021697598
5,8782,0.000021695747
5,8783,0.000021693898
5,8784,0.000021692051
5,8785,0.000021690206
5,8786,0.000021688363
5,8787,0.000021686521
5,8788,0.000021684682
5,8789,0.000021682845
5,8790,0.000021681009
5,8791,0.000021679176
5,8792,0.000021677344
5,8793,0.000021675515
5,8794,0.000021673687
5,8795,0.000021671861
5,8796,0.000021670037
5,8797,0.000021668215
5,8798,0.000021666395
5,8799,0.000021664577
5,8800,0.000021662761
5,8801,0.000021660947
5,8802,0.000021659134
5,8803,0.000021657324
5,8804,0.000021655515
5,8805,0.000021653708
5,8806,0.000021651904
5,8807,0.000021650101
5,8808,0.000021648300
5,8809,0.000021646501
5,8810,0.000021644703
5,8811,0.000021642908
5,8812,0.000021641114
5,8813,0.000021639323
5,8814,0.000021637533
5,8815,0.000021635745
5,8816,0.000021633959
5,8817,0.000021632175
5,8818,0.000021630393
5,8819,0.000021628613
5,8820,0.000021626834
5,8821,0.000021625058
5,8822,0.000021623283
5,8823,0.000021621510
5,8824,0.000021619739
5,8825,0.000021617970
5,8826,0.000021616203
5,8827,0.000021614438
5,8828,0.000021612674
5,8829,0.000021610912
5,8830,0.000021609152
5,8831,0.000021607394
5,8832,0.000021605638
5,8833,0.000021603884
5,8834,0.000021602132
5,8835,0.000021600381
5,8836,0.000021598632
5,8837,0.000021596885
5,8838,0.000021595140
5,8839,0.000021593397
5,8840,0.000021591655
5,8841,0.000021589916
5,8842,0.000021588178
5,8843,0.000021586442
5,8844,0.000021584708
5,8845,0.000021582975
5,8846,0.000021581245
5,8847,0.000021579516
5,8848,0.000021577789
5,8849,0.000021576064
5,8850,0.000021574341
5,8851,0.000021572620
5,8852,0.000021570900
5,8853,0.000021569182
5,8854,0.000021567466
5,8855,0.000021565752
5,8856,0.000021564040
5,8857,0.000021562329
5,8858,0.000021560620
5,8859,0.000021558913
5,8860,0.000021557208
5,8861,0.000021555504
5,8862,0.000021553803
5,8863,0.000021552103
5,8864,0.000021550405
5,8865,0.000021548709
5,8866,0.000021547014
5,8867,0.000021545321
5,8868,0.000021543630
5,8869,0.000021541941
5,8870,0.000021540254
5,8871,0.000021538568
5,8872,0.000021536884
5,8873,0.000021535202
5,8874,0.000021533522
5,8875,0.000021531843
5,8876,0.000021530167
5,8877,0.000021528492
5,8878,0.000021526818
5,8879,0.000021525147
5,8880,0.000021523477
5,8881,0.000021521809
5,8882,0.000021520143
5,8883,0.000021518478
5,8884,0.000021516815
5,8885,0.000021515154
5,8886,0.000021513495
5,8887,0.000021511838
5,8888,0.000021510182
5,8889,0.000021508528
5,8890,0.000021506876
5,8891,0.000021505225
5,8892,0.000021503576
5,8893,0.000021501929
5,8894,0.000021500284
5,8895,0.000021498640
5,8896,0.000021496998
5,8897,0.000021495358
5,8898,0.000021493720
5,8899,0.000021492083
5,8900,0.000021490448
5,8901,0.000021488814
5,8902,0.000021487183
5,8903,0.000021485553
5,8904,0.000021483925
5,8905,0.000021482298
5,8906,0.000021480674
5,8907,0.000021479051
5,8908,0.000021477429
5,8909,0.000021475810
5,8910,0.000021474192
5,8911,0.000021472575
5,8912,0.000021470961
5,8913,0.000021469348
5,8914,0.000021467737
5,8915,0.000021466127
5,8916,0.000021464520
5,8917,0.000021462914
5,8918,0.000021461309
5,8919,0.000021459707
5,8920,0.000021458106
5,8921,0.000021456506
5,8922,0.000021454909
5,8923,0.000021453313
5,8924,0.000021451718
5,8925,0.000021450126
5,8926,0.000021448535
5,8927,0.000021446945
5,8928,0.000021445358
5,8929,0.000021443772
5,8930,0.000021442188
5,8931,0.000021440605
5,8932,0.000021439024
5,8933,0.000021437445
5,8934,0.000021435867
5,8935,0.000021434291
5,8936,0.000021432717
5,8937,0.000021431144
5,8938,0.000021429573
5,8939,0.000021428004
5,8940,0.000021426436
5,8941,0.000021424870
5,8942,0.000021423306
5,8943,0.000021421743
5,8944,0.000021420182
5,8945,0.000021418622
5,8946,0.000021417064
5,8947,0.000021415508
5,8948,0.000021413953
5,8949,0.000021412401
5,8950,0.000021410849
5,8951,0.000021409300
5,8952,0.000021407751
5,8953,0.000021406205
5,8954,0.000021404660
5,8955,0.000021403117
5,8956,0.000021401575
5,8957,0.000021400035
5,8958,0.000021398497
5,8959,0.000021396960
5,8960,0.000021395425
5,8961,0.000021393892
5,8962,0.000021392360
5,8963,0.000021390830
5,8964,0.000021389301
5,8965,0.000021387774
5,8966,0.000021386249
5,8967,0.000021384725
5,8968,0.000021383202
5,8969,0.000021381682
5,8970,0.000021380163
5,8971,0.000021378645
5,8972,0.000021377129
5,8973,0.000021375615
5,8974,0.000021374102
5,8975,0.000021372591
5,8976,0.000021371082
5,8977,0.000021369574
5,8978,0.000021368068
5,8979,0.000021366563
5,8980,0.000021365060
5,8981,0.000021363558
5,8982,0.000021362058
5,8983,0.000021360560
5,8984,0.000021359063
5,8985,0.000021357567
5,8986,0.000021356074
5,8987,0.000021354582
5,8988,0.000021353091
5,8989,0.000021351602
5,8990,0.000021350114
5,8991,0.000021348629
5,8992,0.000021347144
5,8993,0.000021345661
5,8994,0.000021344180
5,8995,0.000021342701
5,8996,0.000021341223
5,8997,0.000021339746
5,8998,0.000021338271
5,8999,0.000021336797
5,9000,0.000021335326
5,9001,0.000021333855
5,9002,0.000021332386
5,9003,0.000021330919
5,9004,0.000021329453
5,9005,0.000021327989
5,9006,0.000021326527
5,9007,0.000021325065
5,9008,0.000021323606
5,9009,0.000021322148
5,9010,0.000021320691
5,9011,0.000021319236
5,9012,0.000021317783
5,9013,0.000021316331
5,9014,0.000021314881
5,9015,0.000021313432
5,9016,0.000021311984
5,9017,0.000021310538
5,9018,0.000021309094
5,9019,0.000021307651
5,9020,0.000021306210
5,9021,0.000021304770
5,9022,0.000021303332
5,9023,0.000021301895
5,9024,0.000021300460
5,9025,0.000021299026
5,9026,0.000021297594
5,9027,0.000021296163
5,9028,0.000021294734
5,9029,0.000021293306
5,9030,0.000021291880
5,9031,0.000021290455
5,9032,0.000021289032
5,9033,0.000021287610
5,9034,0.000021286190
5,9035,0.000021284771
5,9036,0.000021283354
5,9037,0.000021281938
5,9038,0.000021280524
5,9039,0.000021279111
5,9040,0.000021277700
5,9041,0.000021276290
5,9042,0.000021274882
5,9043,0.000021273475
5,9044,0.000021272070
5,9045,0.000021270666
5,9046,0.000021269263
5,9047,0.000021267862
5,9048,0.000021266463
5,9049,0.000021265065
5,9050,0.000021263668
5,9051,0.000021262273
5,9052,0.000021260880
5,9053,0.000021259487
5,9054,0.000021258097
5,9055,0.000021256707
5,9056,0.000021255320
5,9057,0.000021253933
5,9058,0.000021252549
5,9059,0.000021251165
5,9060,0.000021249783
5,9061,0.000021248403
5,9062,0.000021247024
5,9063,0.000021245646
5,9064,0.000021244270
5,9065,0.000021242895
5,9066,0.000021241522
5,9067,0.000021240150
5,9068,0.000021238780
5,9069,0.000021237411
5,9070,0.000021236043
5,9071,0.000021234677
5,9072,0.000021233313
5,9073,0.000021231949
5,9074,0.000021230588
5,9075,0.000021229227
5,9076,0.000021227868
5,9077,0.000021226511
5,9078,0.000021225155
5,9079,0.000021223800
5,9080,0.000021222447
5,9081,0.000021221095
5,9082,0.000021219745
5,9083,0.000021218396
5,9084,0.000021217048
5,9085,0.000021215702
5,9086,0.000021214358
5,9087,0.000021213014
5,9088,0.000021211672
5,9089,0.000021210332
5,9090,0.000021208993
5,9091,0.000021207655
5,9092,0.000021206319
5,9093,0.000021204984
5,9094,0.000021203651
5,9095,0.000021202319
5,9096,0.000021200988
5,9097,0.000021199659
5,9098,0.000021198331
5,9099,0.000021197004
5,9100,0.000021195679
5,9101,0.000021194356
5,9102,0.000021193033
5,9103,0.000021191713
5,9104,0.000021190393
5,9105,0.000021189075
5,9106,0.000021187758
5,9107,0.000021186443
5,9108,0.000021185129
5,9109,0.000021183816
5,9110,0.000021182505
5,9111,0.000021181195
5,9112,0.000021179887
5,9113,0.000021178580
5,9114,0.000021177274
5,9115,0.000021175970
5,9116,0.000021174667
5,9117,0.000021173365
5,9118,0.000021172065
5,9119,0.000021170766
5,9120,0.000021169469
5,9121,0.000021168172
5,9122,0.000021166878
5,9123,0.000021165584
5,9124,0.000021164292
5,9125,0.000021163001
5,9126,0.000021161712
5,9127,0.000021160424
5,9128,0.000021159138
5,9129,0.000021157852
5,9130,0.000021156568
5,9131,0.000021155286
5,9132,0.000021154005
5,9133,0.000021152725
5,9134,0.000021151446
5,9135,0.000021150169
5,9136,0.000021148893
5,9137,0.000021147618
5,9138,0.000021146345
5,9139,0.000021145073
5,9140,0.000021143803
5,9141,0.000021142534
5,9142,0.000021141266
5,9143,0.000021139999
5,9144,0.000021138734
5,9145,0.000021137470
5,9146,0.000021136208
5,9147,0.000021134947
5,9148,0.000021133687
5,9149,0.000021132428
5,9150,0.000021131171
5,9151,0.000021129915
5,9152,0.000021128661
5,9153,0.000021127407
5,9154,0.000021126155
5,9155,0.000021124905
5,9156,0.000021123655
5,9157,0.000021122407
5,9158,0.000021121161
5,9159,0.000021119915
5,9160,0.000021118671
5,9161,0.000021117428
5,9162,0.000021116187
5,9163,0.000021114947
5,9164,0.000021113708
5,9165,0.000021112470
5,9166,0.000021111234
5,9167,0.000021109999
5,9168,0.000021108765
5,9169,0.000021107533
5,9170,0.000021106302
5,9171,0.000021105072
5,9172,0.000021103844
5,9173,0.000021102617
5,9174,0.000021101391
5,9175,0.000021100166
5,9176,0.000021098943
5,9177,0.000021097721
5,9178,0.000021096500
5,9179,0.000021095280
5,9180,0.000021094062
5,9181,0.000021092845
5,9182,0.000021091630
5,9183,0.000021090415
5,9184,0.000021089202
5,9185,0.000021087990
5,9186,0.000021086780
5,9187,0.000021085571
5,9188,0.000021084363
5,9189,0.000021083156
5,9190,0.000021081950
5,9191,0.000021080746
5,9192,0.000021079543
5,9193,0.000021078342
5,9194,0.000021077141
5,9195,0.000021075942
5,9196,0.000021074744
5,9197,0.000021073547
5,9198,0.000021072352
5,9199,0.000021071158
5,9200,0.000021069965
5,9201,0.000021068774
5,9202,0.000021067583
5,9203,0.000021066394
5,9204,0.000021065206
5,9205,0.000021064020
5,9206,0.000021062834
5,9207,0.000021061650
5,9208,0.000021060467
5,9209,0.000021059286
5,9210,0.000021058105
5,9211,0.000021056926
5,9212,0.000021055748
5,9213,0.000021054571
5,9214,0.000021053396
5,9215,0.000021052222
5,9216,0.000021051049
5,9217,0.000021049877
5,9218,0.000021048707
5,9219,0.000021047537
5,9220,0.000021046369
5,9221,0.000021045202
5,9222,0.000021044037
5,9223,0.000021042872
5,9224,0.000021041709
5,9225,0.000021040547
5,9226,0.000021039387
5,9227,0.000021038227
5,9228,0.000021037069
5,9229,0.000021035912
5,9230,0.000021034756
5,9231,0.000021033601
5,9232,0.000021032448
5,9233,0.000021031296
5,9234,0.000021030145
5,9235,0.000021028995
5,9236,0.000021027846
5,9237,0.000021026699
5,9238,0.000021025553
5,9239,0.000021024408
5,9240,0.000021023264
5,9241,0.000021022122
5,9242,0.000021020980
5,9243,0.000021019840
5,9244,0.000021018701
5,9245,0.000021017563
5,9246,0.000021016427
5,9247,0.000021015292
5,9248,0.000021014157
5,9249,0.000021013024
5,9250,0.000021011893
5,9251,0.000021010762
5,9252,0.000021009633
5,9253,0.000021008504
5,9254,0.000021007377
5,9255,0.000021006251
5,9256,0.000021005127
5,9257,0.000021004003
5,9258,0.000021002881
5,9259,0.000021001760
5,9260,0.000021000640
5,9261,0.000020999521
5,9262,0.000020998403
5,9263,0.000020997287
5,9264,0.000020996172
5,9265,0.000020995058
5,9266,0.000020993945
5,9267,0.000020992833
5,9268,0.000020991722
5,9269,0.000020990613
5,9270,0.000020989505
5,9271,0.000020988398
5,9272,0.000020987292
5,9273,0.000020986187
5,9274,0.000020985083
5,9275,0.000020983981
5,9276,0.000020982880
5,9277,0.000020981779
5,9278,0.000020980680
5,9279,0.000020979583
5,9280,0.000020978486
5,9281,0.000020977390
5,9282,0.000020976296
5,9283,0.000020975203
5,9284,0.000020974111
5,9285,0.000020973020
5,9286,0.000020971930
5,9287,0.000020970841
5,9288,0.000020969754
5,9289,0.000020968668
5,9290,0.000020967582
5,9291,0.000020966498
5,9292,0.000020965415
5,9293,0.000020964334
5,9294,0.000020963253
5,9295,0.000020962173
5,9296,0.000020961095
5,9297,0.000020960018
5,9298,0.000020958942
5,9299,0.000020957867
5,9300,0.000020956793
5,9301,0.000020955720
5,9302,0.000020954649
5,9303,0.000020953578
5,9304,0.000020952509
5,9305,0.000020951441
5,9306,0.000020950373
5,9307,0.000020949307
5,9308,0.000020948243
5,9309,0.000020947179
5,9310,0.000020946116
5,9311,0.000020945055
5,9312,0.000020943994
5,9313,0.000020942935
5,9314,0.000020941877
5,9315,0.000020940820
5,9316,0.000020939764
5,9317,0.000020938709
5,9318,0.000020937655
5,9319,0.000020936603
5,9320,0.000020935551
5,9321,0.000020934501
5,9322,0.000020933451
5,9323,0.000020932403
5,9324,0.000020931356
5,9325,0.000020930310
5,9326,0.000020929265
5,9327,0.000020928221
5,9328,0.000020927179
5,9329,0.000020926137
5,9330,0.000020925096
5,9331,0.000020924057
5,9332,0.000020923019
5,9333,0.000020921981
5,9334,0.000020920945
5,9335,0.000020919910
5,9336,0.000020918876
5,9337,0.000020917843
5,9338,0.000020916812
5,9339,0.000020915781
5,9340,0.000020914751
5,9341,0.000020913723
5,9342,0.000020912695
5,9343,0.000020911669
5,9344,0.000020910643
5,9345,0.000020909619
5,9346,0.000020908596
5,9347,0.000020907574
5,9348,0.000020906553
5,9349,0.000020905533
5,9350,0.000020904514
5,9351,0.000020903496
5,9352,0.000020902479
5,9353,0.000020901464
5,9354,0.000020900449
5,9355,0.000020899436
5,9356,0.000020898423
5,9357,0.000020897412
5,9358,0.000020896401
5,9359,0.000020895392
5,9360,0.000020894384
5,9361,0.000020893377
5,9362,0.000020892371
5,9363,0.000020891366
5,9364,0.000020890362
5,9365,0.000020889359
5,9366,0.000020888357
5,9367,0.000020887356
5,9368,0.000020886356
5,9369,0.000020885357
5,9370,0.000020884360
5,9371,0.000020883363
5,9372,0.000020882367
5,9373,0.000020881373
5,9374,0.000020880379
5,9375,0.000020879387
5,9376,0.000020878395
5,9377,0.000020877405
5,9378,0.000020876416
5,9379,0.000020875427
5,9380,0.000020874440
5,9381,0.000020873454
5,9382,0.000020872469
5,9383,0.000020871485
5,9384,0.000020870502
5,9385,0.000020869519
5,9386,0.000020868538
5,9387,0.000020867558
5,9388,0.000020866579
5,9389,0.000020865601
5,9390,0.000020864625
5,9391,0.000020863649
5,9392,0.000020862674
5,9393,0.000020861700
5,9394,0.000020860727
5,9395,0.000020859755
5,9396,0.000020858784
5,9397,0.000020857815
5,9398,0.000020856846
5,9399,0.000020855878
5,9400,0.000020854911
5,9401,0.000020853946
5,9402,0.000020852981
5,9403,0.000020852017
5,9404,0.000020851055
5,9405,0.000020850093
5,9406,0.000020849132
5,9407,0.000020848173
5,9408,0.000020847214
5,9409,0.000020846257
5,9410,0.000020845300
5,9411,0.000020844344
5,9412,0.000020843390
5,9413,0.000020842436
5,9414,0.000020841483
5,9415,0.000020840532
5,9416,0.000020839581
5,9417,0.000020838632
5,9418,0.000020837683
5,9419,0.000020836735
5,9420,0.000020835789
5,9421,0.000020834843
5,9422,0.000020833899
5,9423,0.000020832955
5,9424,0.000020832012
5,9425,0.000020831071
5,9426,0.000020830130
5,9427,0.000020829190
5,9428,0.000020828252
5,9429,0.000020827314
5,9430,0.000020826377
5,9431,0.000020825442
5,9432,0.000020824507
5,9433,0.000020823573
5,9434,0.000020822640
5,9435,0.000020821708
5,9436,0.000020820778
5,9437,0.000020819848
5,9438,0.000020818919
5,9439,0.000020817991
5,9440,0.000020817064
5,9441,0.000020816138
5,9442,0.000020815213
5,9443,0.000020814289
5,9444,0.000020813366
5,9445,0.000020812444
5,9446,0.000020811523
5,9447,0.000020810603
5,9448,0.000020809684
5,9449,0.000020808765
5,9450,0.000020807848
5,9451,0.000020806932
5,9452,0.000020806017
5,9453,0.000020805102
5,9454,0.000020804189
5,9455,0.000020803276
5,9456,0.000020802365
5,9457,0.000020801454
5,9458,0.000020800545
5,9459,0.000020799636
5,9460,0.000020798729
5,9461,0.000020797822
5,9462,0.000020796916
5,9463,0.000020796011
5,9464,0.000020795108
5,9465,0.000020794205
5,9466,0.000020793303
5,9467,0.000020792402
5,9468,0.000020791502
5,9469,0.000020790603
5,9470,0.000020789705
5,9471,0.000020788807
5,9472,0.000020787911
5,9473,0.000020787016
5,9474,0.000020786121
5,9475,0.000020785228
5,9476,0.000020784335
5,9477,0.000020783444
5,9478,0.000020782553
5,9479,0.000020781664
5,9480,0.000020780775
5,9481,0.000020779887
5,9482,0.000020779000
5,9483,0.000020778114
5,9484,0.000020777229
5,9485,0.000020776345
5,9486,0.000020775462
5,9487,0.000020774580
5,9488,0.000020773698
5,9489,0.000020772818
5,9490,0.000020771938
5,9491,0.000020771060
5,9492,0.000020770182
5,9493,0.000020769305
5,9494,0.000020768430
5,9495,0.000020767555
5,9496,0.000020766681
5,9497,0.000020765808
5,9498,0.000020764936
5,9499,0.000020764065
5,9500,0.000020763194
5,9501,0.000020762325
5,9502,0.000020761456
5,9503,0.000020760589
5,9504,0.000020759722
5,9505,0.000020758857
5,9506,0.000020757992
5,9507,0.000020757128
5,9508,0.000020756265
5,9509,0.000020755403
5,9510,0.000020754542
5,9511,0.000020753681
5,9512,0.000020752822
5,9513,0.000020751964
5,9514,0.000020751106
5,9515,0.000020750249
5,9516,0.000020749394
5,9517,0.000020748539
5,9518,0.000020747685
5,9519,0.000020746832
5,9520,0.000020745979
5,9521,0.000020745128
5,9522,0.000020744278
5,9523,0.000020743428
5,9524,0.000020742580
5,9525,0.000020741732
5,9526,0.000020740885
5,9527,0.000020740039
5,9528,0.000020739194
5,9529,0.000020738350
5,9530,0.000020737507
5,9531,0.000020736664
5,9532,0.000020735823
5,9533,0.000020734982
5,9534,0.000020734143
5,9535,0.000020733304
5,9536,0.000020732466
5,9537,0.000020731629
5,9538,0.000020730793
5,9539,0.000020729957
5,9540,0.000020729123
5,9541,0.000020728289
5,9542,0.000020727457
5,9543,0.000020726625
5,9544,0.000020725794
5,9545,0.000020724964
5,9546,0.000020724134
5,9547,0.000020723306
5,9548,0.000020722479
5,9549,0.000020721652
5,9550,0.000020720826
5,9551,0.000020720002
5,9552,0.000020719178
5,9553,0.000020718354
5,9554,0.000020717532
5,9555,0.000020716711
5,9556,0.000020715890
5,9557,0.000020715071
5,9558,0.000020714252
5,9559,0.000020713434
5,9560,0.000020712617
5,9561,0.000020711800
5,9562,0.000020710985
5,9563,0.000020710171
5,9564,0.000020709357
5,9565,0.000020708544
5,9566,0.000020707732
5,9567,0.000020706921
5,9568,0.000020706111
5,9569,0.000020705301
5,9570,0.000020704493
5,9571,0.000020703685
5,9572,0.000020702878
5,9573,0.000020702072
5,9574,0.000020701267
5,9575,0.000020700463
5,9576,0.000020699659
5,9577,0.000020698857
5,9578,0.000020698055
5,9579,0.000020697254
5,9580,0.000020696454
5,9581,0.000020695655
5,9582,0.000020694856
5,9583,0.000020694059
5,9584,0.000020693262
5,9585,0.000020692466
5,9586,0.000020691671
5,9587,0.000020690877
5,9588,0.000020690083
5,9589,0.000020689291
5,9590,0.000020688499
5,9591,0.000020687708
5,9592,0.000020686918
5,9593,0.000020686129
5,9594,0.000020685340
5,9595,0.000020684553
5,9596,0.000020683766
5,9597,0.000020682980
5,9598,0.000020682195
5,9599,0.000020681411
5,9600,0.000020680627
5,9601,0.000020679845
5,9602,0.000020679063
5,9603,0.000020678282
5,9604,0.000020677502
5,9605,0.000020676722
5,9606,0.000020675944
5,9607,0.000020675166
5,9608,0.000020674389
5,9609,0.000020673613
5,9610,0.000020672838
5,9611,0.000020672064
5,9612,0.000020671290
5,9613,0.000020670517
5,9614,0.000020669745
5,9615,0.000020668974
5,9616,0.000020668204
5,9617,0.000020667434
5,9618,0.000020666665
5,9619,0.000020665897
5,9620,0.000020665130
5,9621,0.000020664364
5,9622,0.000020663598
5,9623,0.000020662833
5,9624,0.000020662069
5,9625,0.000020661306
5,9626,0.000020660544
5,9627,0.000020659782
5,9628,0.000020659022
5,9629,0.000020658262
5,9630,0.000020657503
5,9631,0.000020656744
5,9632,0.000020655987
5,9633,0.000020655230
5,9634,0.000020654474
5,9635,0.000020653719
5,9636,0.000020652965
5,9637,0.000020652211
5,9638,0.000020651458
5,9639,0.000020650706
5,9640,0.000020649955
5,9641,0.000020649205
5,9642,0.000020648455
5,9643,0.000020647706
5,9644,0.000020646958
5,9645,0.000020646211
5,9646,0.000020645464
5,9647,0.000020644719
5,9648,0.000020643974
5,9649,0.000020643230
5,9650,0.000020642486
5,9651,0.000020641744
5,9652,0.000020641002
5,9653,0.000020640261
5,9654,0.000020639521
5,9655,0.000020638781
5,9656,0.000020638043
5,9657,0.000020637305
5,9658,0.000020636568
5,9659,0.000020635831
5,9660,0.000020635096
5,9661,0.000020634361
5,9662,0.000020633627
5,9663,0.000020632894
5,9664,0.000020632161
5,9665,0.000020631429
5,9666,0.000020630699
5,9667,0.000020629968
5,9668,0.000020629239
5,9669,0.000020628510
5,9670,0.000020627782
5,9671,0.000020627055
5,9672,0.000020626329
5,9673,0.000020625603
5,9674,0.000020624878
5,9675,0.000020624154
5,9676,0.000020623431
5,9677,0.000020622709
5,9678,0.000020621987
5,9679,0.000020621266
5,9680,0.000020620545
5,9681,0.000020619826
5,9682,0.000020619107
5,9683,0.000020618389
5,9684,0.000020617672
5,9685,0.000020616955
5,9686,0.000020616240
5,9687,0.000020615525
5,9688,0.000020614810
5,9689,0.000020614097
5,9690,0.000020613384
5,9691,0.000020612672
5,9692,0.000020611961
5,9693,0.000020611251
5,9694,0.000020610541
5,9695,0.000020609832
5,9696,0.000020609124
5,9697,0.000020608416
5,9698,0.000020607709
5,9699,0.000020607003
5,9700,0.000020606298
5,9701,0.000020605593
5,9702,0.000020604890
5,9703,0.000020604186
5,9704,0.000020603484
5,9705,0.000020602783
5,9706,0.000020602082
5,9707,0.000020601382
5,9708,0.000020600682
5,9709,0.000020599984
5,9710,0.000020599286
5,9711,0.000020598588
5,9712,0.000020597892
5,9713,0.000020597196
5,9714,0.000020596501
5,9715,0.000020595807
5,9716,0.000020595113
5,9717,0.000020594421
5,9718,0.000020593729
5,9719,0.000020593037
5,9720,0.000020592347
5,9721,0.000020591657
5,9722,0.000020590968
5,9723,0.000020590279
5,9724,0.000020589591
5,9725,0.000020588904
5,9726,0.000020588218
5,9727,0.000020587533
5,9728,0.000020586848
5,9729,0.000020586164
5,9730,0.000020585480
5,9731,0.000020584798
5,9732,0.000020584116
5,9733,0.000020583434
5,9734,0.000020582754
5,9735,0.000020582074
5,9736,0.000020581395
5,9737,0.000020580717
5,9738,0.000020580039
5,9739,0.000020579362
5,9740,0.000020578686
5,9741,0.000020578010
5,9742,0.000020577335
5,9743,0.000020576661
5,9744,0.000020575988
5,9745,0.000020575315
5,9746,0.000020574643
5,9747,0.000020573972
5,9748,0.000020573301
5,9749,0.000020572631
5,9750,0.000020571962
5,9751,0.000020571294
5,9752,0.000020570626
5,9753,0.000020569959
5,9754,0.000020569292
5,9755,0.000020568627
5,9756,0.000020567962
5,9757,0.000020567297
5,9758,0.000020566634
5,9759,0.000020565971
5,9760,0.000020565309
5,9761,0.000020564647
5,9762,0.000020563986
5,9763,0.000020563326
5,9764,0.000020562667
5,9765,0.000020562008
5,9766,0.000020561350
5,9767,0.000020560693
5,9768,0.000020560036
5,9769,0.000020559380
5,9770,0.000020558725
5,9771,0.000020558070
5,9772,0.000020557417
5,9773,0.000020556763
5,9774,0.000020556111
5,9775,0.000020555459
5,9776,0.000020554808
5,9777,0.000020554157
5,9778,0.000020553508
5,9779,0.000020552859
5,9780,0.000020552210
5,9781,0.000020551562
5,9782,0.000020550915
5,9783,0.000020550269
5,9784,0.000020549623
5,9785,0.000020548978
5,9786,0.000020548334
5,9787,0.000020547690
5,9788,0.000020547047
5,9789,0.000020546405
5,9790,0.000020545763
5,9791,0.000020545122
5,9792,0.000020544482
5,9793,0.000020543842
5,9794,0.000020543204
5,9795,0.000020542565
5,9796,0.000020541928
5,9797,0.000020541291
5,9798,0.000020540654
5,9799,0.000020540019
5,9800,0.000020539384
5,9801,0.000020538750
5,9802,0.000020538116
5,9803,0.000020537483
5,9804,0.000020536851
5,9805,0.000020536219
5,9806,0.000020535588
5,9807,0.000020534958
5,9808,0.000020534329
5,9809,0.000020533700
5,9810,0.000020533071
5,9811,0.000020532444
5,9812,0.000020531817
5,9813,0.000020531190
5,9814,0.000020530565
5,9815,0.000020529940
5,9816,0.000020529315
5,9817,0.000020528692
5,9818,0.000020528069
5,9819,0.000020527446
5,9820,0.000020526825
5,9821,0.000020526204
5,9822,0.000020525583
5,9823,0.000020524963
5,9824,0.000020524344
5,9825,0.000020523726
5,9826,0.000020523108
5,9827,0.000020522491
5,9828,0.000020521874
5,9829,0.000020521258
5,9830,0.000020520643
5,9831,0.000020520029
5,9832,0.000020519415
5,9833,0.000020518801
5,9834,0.000020518189
5,9835,0.000020517577
5,9836,0.000020516965
5,9837,0.000020516355
5,9838,0.000020515745
5,9839,0.000020515135
5,9840,0.000020514526
5,9841,0.000020513918
5,9842,0.000020513311
5,9843,0.000020512704
5,9844,0.000020512098
5,9845,0.000020511492
5,9846,0.000020510887
5,9847,0.000020510283
5,9848,0.000020509679
5,9849,0.000020509076
5,9850,0.000020508474
5,9851,0.000020507872
5,9852,0.000020507271
5,9853,0.000020506670
5,9854,0.000020506070
5,9855,0.000020505471
5,9856,0.000020504872
5,9857,0.000020504274
5,9858,0.000020503677
5,9859,0.000020503080
5,9860,0.000020502484
5,9861,0.000020501889
5,9862,0.000020501294
5,9863,0.000020500700
5,9864,0.000020500106
5,9865,0.000020499513
5,9866,0.000020498921
5,9867,0.000020498329
5,9868,0.000020497738
5,9869,0.000020497147
5,9870,0.000020496557
5,9871,0.000020495968
5,9872,0.000020495379
5,9873,0.000020494791
5,9874,0.000020494204
5,9875,0.000020493617
5,9876,0.000020493031
5,9877,0.000020492445
5,9878,0.000020491860
5,9879,0.000020491276
5,9880,0.000020490692
5,9881,0.000020490109
5,9882,0.000020489527
5,9883,0.000020488945
5,9884,0.000020488364
5,9885,0.000020487783
5,9886,0.000020487203
5,9887,0.000020486623
5,9888,0.000020486045
5,9889,0.000020485466
5,9890,0.000020484889
5,9891,0.000020484312
5,9892,0.000020483735
5,9893,0.000020483159
5,9894,0.000020482584
5,9895,0.000020482010
5,9896,0.000020481436
5,9897,0.000020480862
5,9898,0.000020480290
5,9899,0.000020479717
5,9900,0.000020479146
5,9901,0.000020478575
5,9902,0.000020478004
5,9903,0.000020477435
5,9904,0.000020476865
5,9905,0.000020476297
5,9906,0.000020475729
5,9907,0.000020475161
5,9908,0.000020474595
5,9909,0.000020474028
5,9910,0.000020473463
5,9911,0.000020472898
5,9912,0.000020472333
5,9913,0.000020471770
5,9914,0.000020471206
5,9915,0.000020470644
5,9916,0.000020470082
5,9917,0.000020469520
5,9918,0.000020468959
5,9919,0.000020468399
5,9920,0.000020467839
5,9921,0.000020467280
5,9922,0.000020466722
5,9923,0.000020466164
5,9924,0.000020465607
5,9925,0.000020465050
5,9926,0.000020464494
5,9927,0.000020463938
5,9928,0.000020463383
5,9929,0.000020462829
5,9930,0.000020462275
5,9931,0.000020461721
5,9932,0.000020461169
5,9933,0.000020460617
5,9934,0.000020460065
5,9935,0.000020459514
5,9936,0.000020458964
5,9937,0.000020458414
5,9938,0.000020457865
5,9939,0.000020457316
5,9940,0.000020456768
5,9941,0.000020456221
5,9942,0.000020455674
5,9943,0.000020455128
5,9944,0.000020454582
5,9945,0.000020454037
5,9946,0.000020453492
5,9947,0.000020452948
5,9948,0.000020452404
5,9949,0.000020451862
5,9950,0.000020451319
5,9951,0.000020450778
5,9952,0.000020450236
5,9953,0.000020449696
5,9954,0.000020449156
5,9955,0.000020448616
5,9956,0.000020448077
5,9957,0.000020447539
5,9958,0.000020447001
5,9959,0.000020446464
5,9960,0.000020445927
5,9961,0.000020445391
5,9962,0.000020444856
5,9963,0.000020444321
5,9964,0.000020443786
5,9965,0.000020443253
5,9966,0.000020442719
5,9967,0.000020442187
5,9968,0.000020441654
5,9969,0.000020441123
5,9970,0.000020440592
5,9971,0.000020440061
5,9972,0.000020439531
5,9973,0.000020439002
5,9974,0.000020438473
5,9975,0.000020437945
5,9976,0.000020437417
5,9977,0.000020436890
5,9978,0.000020436363
5,9979,0.000020435837
5,9980,0.000020435312
5,9981,0.000020434787
5,9982,0.000020434263
5,9983,0.000020433739
5,9984,0.000020433215
5,9985,0.000020432693
5,9986,0.000020432171
5,9987,0.000020431649
5,9988,0.000020431128
5,9989,0.000020430607
5,9990,0.000020430087
5,9991,0.000020429568
5,9992,0.000020429049
5,9993,0.000020428531
5,9994,0.000020428013
5,9995,0.000020427496
5,9996,0.000020426979
5,9997,0.000020426463
5,9998,0.000020425947
5,9999,0.000020425432
5,10000,0.000020424917
